review_id	dataset	record_id	ecosystem	package	version	source_dataset	source_id	source_reference	affected_versions	version_compatibility	evidence_scope	reported_trigger	trigger_evidence	trigger_source_reference	trigger_confidence	observed_trigger	observed_trigger_evidence	trigger_match_auto	reported_ioc_count	reported_iocs	reported_behavior_count	reported_behaviors	auto_ioc_assessment	auto_behavior_assessment	confidence	manual_review_required	review_reason	determination_basis	trace_ips_preview	trace_ports_preview	trace_endpoints_preview	trace_processes_preview	trace_non_harness_processes	trace_syscalls_preview	trace_patterns_preview	trace_file_buckets	review_decision	review_matching_event	reviewer	review_note	review_status
f9dc2560c16aedbb	qut	10Cent10-999.0.4.tar.gz	pypi	10cent10	999.0.4	backstabbers	backstabbers:pypi:10cent10:row-1209	https://jfrog.com/blog/python-malware-imitates-signed-pypi-traffic-in-novel-exfiltration-technique/	999.0.4	exact	behavior_event	install	The structured source labels the package trigger as install.	https://jfrog.com/blog/python-malware-imitates-signed-pypi-traffic-in-novel-exfiltration-technique/	high	install	"{""install"": {""package_file"": ""10Cent10-999.0.4.tar.gz"", ""source"": ""QUT-DV25_Install_Traces""}}"	match	0	[]	1	"[{""attribution_scope"": ""package_row_or_reference"", ""match_level"": ""behavior_unobservable"", ""observed_evidence"": ""processed telemetry cannot establish this semantic behavior"", ""report_evidence"": ""The structured source objective is backdoor."", ""type"": ""backdoor""}]"	no_concrete_ioc	behavior_unobservable	low	yes	Confirm whether the reported command/process/file/network behavior occurred.	External IOC extraction=none; IOC attribution=unknown; behavior extraction=structured_objective; behavior attribution=package_row_or_reference; version=exact; reported trigger=install (high); observed trigger=install; trigger comparison=match; IOC result=no_concrete_ioc; behavior result=behavior_unobservable. Low-confidence reasons: reported behavior is only partially observed, absent, or semantically unobservable.	[]	"[""443""]"	[]	"[""Classif~date"", ""StreamTrans"", ""filetop-bpfcc"", ""gnome-system-mo"", ""opensnoop-bpfcc"", ""pgrep"", ""pip"", ""sqldb:c~lite"", ""strace"", ""tcpstates-bpfcc""]"	"[""Classif~date"", ""StreamTrans"", ""filetop-bpfcc"", ""gnome-system-mo"", ""opensnoop-bpfcc"", ""pgrep"", ""sqldb:c~lite"", ""strace"", ""tcpstates-bpfcc""]"	"[""bind"", ""brk"", ""chmod"", ""close"", ""epoll_create1"", ""exit_group"", ""fcntl"", ""fstat"", ""futex"", ""getcwd"", ""getdents64"", ""getpid"", ""getrandom"", ""ioctl"", ""listxattr"", ""lseek"", ""mkdir"", ""mmap"", ""mprotect"", ""munmap"", ""newfstatat"", ""openat"", ""read"", ""rename"", ""rmdir"", ""rt_sigaction"", ""sendfile"", ""socket"", ""uname"", ""unlink"", ""unlinkat"", ""utimensat"", ""write""]"	"[""fstat -> ioctl -> lseek"", ""fstat -> ioctl -> lseek -> no-error -> no-fd"", ""ioctl -> lseek -> lseek -> error=ENOTTY -> no-fd"", ""newfstatat -> newfstatat -> newfstatat"", ""newfstatat -> newfstatat -> newfstatat -> no-error -> no-fd"", ""newfstatat -> newfstatat -> openat"", ""newfstatat -> openat -> fstat"", ""openat -> fstat -> ioctl"", ""openat -> fstat -> ioctl -> no-error -> no-fd"", ""read -> read -> close -> no-error -> no-fd""]"	"[""ETC_DIR"", ""HOME_DIR"", ""OTHER_DIR"", ""TMP_DIR""]"					pending
07b799e6bd1789da	qut	10Cent11-999.0.4.tar.gz	pypi	10cent11	999.0.4	backstabbers	backstabbers:pypi:10cent11:row-1205	https://jfrog.com/blog/python-malware-imitates-signed-pypi-traffic-in-novel-exfiltration-technique/	999.0.4	exact	behavior_event	install	The structured source labels the package trigger as install.	https://jfrog.com/blog/python-malware-imitates-signed-pypi-traffic-in-novel-exfiltration-technique/	high	install	"{""install"": {""package_file"": ""10Cent11-999.0.4.tar.gz"", ""source"": ""QUT-DV25_Install_Traces""}}"	match	0	[]	1	"[{""attribution_scope"": ""package_row_or_reference"", ""match_level"": ""behavior_unobservable"", ""observed_evidence"": ""processed telemetry cannot establish this semantic behavior"", ""report_evidence"": ""The structured source objective is backdoor."", ""type"": ""backdoor""}]"	no_concrete_ioc	behavior_unobservable	low	yes	Confirm whether the reported command/process/file/network behavior occurred.	External IOC extraction=none; IOC attribution=unknown; behavior extraction=structured_objective; behavior attribution=package_row_or_reference; version=exact; reported trigger=install (high); observed trigger=install; trigger comparison=match; IOC result=no_concrete_ioc; behavior result=behavior_unobservable. Low-confidence reasons: reported behavior is only partially observed, absent, or semantically unobservable.	[]	"[""443""]"	[]	"[""Classif~date"", ""StreamTrans"", ""filetop-bpfcc"", ""gnome-system-mo"", ""opensnoop-bpfcc"", ""pgrep"", ""pip"", ""sqldb:c~lite"", ""strace"", ""tcpstates-bpfcc""]"	"[""Classif~date"", ""StreamTrans"", ""filetop-bpfcc"", ""gnome-system-mo"", ""opensnoop-bpfcc"", ""pgrep"", ""sqldb:c~lite"", ""strace"", ""tcpstates-bpfcc""]"	"[""bind"", ""brk"", ""close"", ""connect"", ""exit_group"", ""fcntl"", ""fstat"", ""futex"", ""getdents64"", ""getpeername"", ""getpid"", ""getsockname"", ""getsockopt"", ""ioctl"", ""lseek"", ""mmap"", ""mprotect"", ""munmap"", ""newfstatat"", ""openat"", ""poll"", ""read"", ""recvfrom"", ""recvmsg"", ""rmdir"", ""rt_sigaction"", ""sendmmsg"", ""sendto"", ""setsockopt"", ""socket"", ""uname"", ""unlinkat"", ""wait4"", ""write""]"	"[""fcntl -> fstat -> fcntl -> no-error -> no-fd"", ""ioctl -> ioctl -> ioctl"", ""ioctl -> ioctl -> ioctl -> no-error -> no-fd"", ""newfstatat -> newfstatat -> newfstatat"", ""newfstatat -> newfstatat -> newfstatat -> no-error -> no-fd"", ""newfstatat -> newfstatat -> openat"", ""newfstatat -> openat -> fstat"", ""newfstatat -> openat -> fstat -> no-error -> no-fd"", ""read -> read -> read"", ""read -> read -> read -> no-error -> no-fd""]"	"[""ETC_DIR"", ""HOME_DIR"", ""OTHER_DIR"", ""ROOT_DIR"", ""TMP_DIR""]"					pending
ff7dee8f30d92c2b	qut	AadhaarCrypt-1.0.tar.gz	pypi	aadhaarcrypt	1.0	backstabbers	backstabbers:pypi:aadhaarcrypt:row-1241	https://security.snyk.io/vuln/SNYK-PYTHON-AADHAARCRYPT-2359285	1.0	exact	behavior_event	install	The structured source labels the package trigger as install.	https://security.snyk.io/vuln/SNYK-PYTHON-AADHAARCRYPT-2359285	high	install	"{""install"": {""package_file"": ""AadhaarCrypt-1.0.tar.gz"", ""source"": ""QUT-DV25_Install_Traces""}}"	match	0	[]	1	"[{""attribution_scope"": ""package_row_or_reference"", ""match_level"": ""behavior_not_observed"", ""observed_evidence"": ""required supporting telemetry was not observed"", ""report_evidence"": ""The structured source objective is data exfiltration."", ""type"": ""exfiltration""}]"	no_concrete_ioc	behavior_not_observed	low	yes	Confirm whether the reported command/process/file/network behavior occurred.	External IOC extraction=none; IOC attribution=unknown; behavior extraction=structured_objective; behavior attribution=package_row_or_reference; version=exact; reported trigger=install (high); observed trigger=install; trigger comparison=match; IOC result=no_concrete_ioc; behavior result=behavior_not_observed. Low-confidence reasons: reported behavior is only partially observed, absent, or semantically unobservable.	[]	"[""443"", ""80""]"	[]	"[""StreamTrans"", ""StreamT~ns"", ""filetop-bpfcc"", ""gnome-system-mo"", ""nautilus"", ""opensnoop-bpfcc"", ""pgrep"", ""pip"", ""sqldb:c~lite"", ""strace"", ""tcpstates-bpfcc""]"	"[""StreamTrans"", ""StreamT~ns"", ""filetop-bpfcc"", ""gnome-system-mo"", ""nautilus"", ""opensnoop-bpfcc"", ""pgrep"", ""sqldb:c~lite"", ""strace"", ""tcpstates-bpfcc""]"	"[""access"", ""bind"", ""brk"", ""chmod"", ""chown"", ""close"", ""connect"", ""exit_group"", ""fcntl"", ""fstat"", ""fsync"", ""futex"", ""getcwd"", ""getdents64"", ""geteuid"", ""getpeername"", ""getpid"", ""getrandom"", ""getsockname"", ""getsockopt"", ""ioctl"", ""lseek"", ""mkdir"", ""mmap"", ""mprotect"", ""mremap"", ""munmap"", ""newfstatat"", ""openat"", ""pipe2"", ""poll"", ""read"", ""recvfrom"", ""recvmsg"", ""rename"", ""rmdir"", ""rt_sigaction"", ""rt_sigprocmask"", ""sendmmsg"", ""sendto"", ""setsockopt"", ""socket"", ""umask"", ""uname"", ""unlink"", ""unlinkat"", ""utimensat"", ""vfork"", ""wait4"", ""write""]"	"[""fstat -> ioctl -> lseek"", ""fstat -> ioctl -> lseek -> no-error -> no-fd"", ""newfstatat -> newfstatat -> newfstatat"", ""newfstatat -> newfstatat -> newfstatat -> no-error -> no-fd"", ""newfstatat -> newfstatat -> openat"", ""newfstatat -> newfstatat -> openat -> no-error -> no-fd"", ""newfstatat -> openat -> fstat"", ""newfstatat -> openat -> fstat -> no-error -> no-fd"", ""read -> read -> read"", ""read -> read -> read -> no-error -> no-fd""]"	"[""ETC_DIR"", ""HOME_DIR"", ""OTHER_DIR"", ""TMP_DIR""]"					pending
457815ab5b59ede5	qut	Acqusition-4.4.2.tar.gz	pypi	acqusition	4.4.2	backstabbers	backstabbers:pypi:acqusition:row-108	https://www.nbu.gov.sk/skcsirt-sa-20170909-pypi/	4.4.2	exact	behavior_event	install	The structured source labels the package trigger as install.	https://www.nbu.gov.sk/skcsirt-sa-20170909-pypi/	high	install	"{""install"": {""package_file"": ""Acqusition-4.4.2.tar.gz"", ""source"": ""QUT-DV25_Install_Traces""}}"	match	0	[]	1	"[{""attribution_scope"": ""package_row_or_reference"", ""match_level"": ""behavior_not_observed"", ""observed_evidence"": ""required supporting telemetry was not observed"", ""report_evidence"": ""The structured source objective is data exfiltration."", ""type"": ""exfiltration""}]"	no_concrete_ioc	behavior_not_observed	low	yes	Confirm whether the reported command/process/file/network behavior occurred.	External IOC extraction=none; IOC attribution=unknown; behavior extraction=structured_objective; behavior attribution=package_row_or_reference; version=exact; reported trigger=install (high); observed trigger=install; trigger comparison=match; IOC result=no_concrete_ioc; behavior result=behavior_not_observed. Low-confidence reasons: reported behavior is only partially observed, absent, or semantically unobservable.	[]	"[""443"", ""80""]"	[]	"[""Classif~date"", ""StreamTrans"", ""StreamT~ns"", ""filetop-bpfcc"", ""gnome-system-mo"", ""opensnoop-bpfcc"", ""pgrep"", ""pip"", ""strace"", ""tcpstates-bpfcc""]"	"[""Classif~date"", ""StreamTrans"", ""StreamT~ns"", ""filetop-bpfcc"", ""gnome-system-mo"", ""opensnoop-bpfcc"", ""pgrep"", ""strace"", ""tcpstates-bpfcc""]"	"[""bind"", ""brk"", ""close"", ""connect"", ""exit_group"", ""fcntl"", ""fstat"", ""futex"", ""getdents64"", ""getpeername"", ""getpid"", ""getsockname"", ""getsockopt"", ""ioctl"", ""lseek"", ""mmap"", ""mprotect"", ""munmap"", ""newfstatat"", ""openat"", ""poll"", ""read"", ""recvfrom"", ""recvmsg"", ""rmdir"", ""rt_sigaction"", ""sendmmsg"", ""sendto"", ""setsockopt"", ""socket"", ""uname"", ""unlink"", ""unlinkat"", ""wait4"", ""write""]"	"[""ioctl -> ioctl -> ioctl"", ""newfstatat -> newfstatat -> newfstatat"", ""newfstatat -> newfstatat -> newfstatat -> no-error -> no-fd"", ""newfstatat -> newfstatat -> openat"", ""newfstatat -> newfstatat -> openat -> no-error -> no-fd"", ""newfstatat -> openat -> fstat"", ""newfstatat -> openat -> fstat -> no-error -> no-fd"", ""read -> read -> read"", ""read -> read -> read -> no-error -> no-fd"", ""unlinkat -> unlinkat -> unlinkat -> no-error -> no-fd""]"	"[""ETC_DIR"", ""HOME_DIR"", ""OTHER_DIR"", ""TMP_DIR""]"					pending
09cdbbde9396f109	qut	aiohttp_proxies-0.8.36.tar.gz	pypi	aiohttp_proxies	0.8.36	backstabbers	backstabbers:pypi:aiohttp_proxies:row-1247	https://blog.sonatype.com/can-you-spot-this-cryptic-reverse-shell-found-in-pypi-packages	0.8.36;0.8.37;0.8.38;0.8.39;0.8.40;0.8.41;0.8.42;0.8.43;0.8.44;0.8.45	exact	behavior_event	install	The structured source labels the package trigger as install.	https://blog.sonatype.com/can-you-spot-this-cryptic-reverse-shell-found-in-pypi-packages	high	install	"{""install"": {""package_file"": ""aiohttp_proxies-0.8.36.tar.gz"", ""source"": ""QUT-DV25_Install_Traces""}}"	match	0	[]	1	"[{""attribution_scope"": ""package_row_or_reference"", ""match_level"": ""behavior_not_observed"", ""observed_evidence"": ""required supporting telemetry was not observed"", ""report_evidence"": ""The structured source objective is data exfiltration."", ""type"": ""exfiltration""}]"	no_concrete_ioc	behavior_not_observed	low	yes	Confirm whether the reported command/process/file/network behavior occurred.	External IOC extraction=none; IOC attribution=unknown; behavior extraction=structured_objective; behavior attribution=package_row_or_reference; version=exact; reported trigger=install (high); observed trigger=install; trigger comparison=match; IOC result=no_concrete_ioc; behavior result=behavior_not_observed. Low-confidence reasons: reported behavior is only partially observed, absent, or semantically unobservable.	[]	"[""443""]"	[]	"[""StreamTrans"", ""StreamT~ns"", ""filetop-bpfcc"", ""gnome-system-mo"", ""opensnoop-bpfcc"", ""pgrep"", ""pip"", ""strace"", ""systemd-logind"", ""tcpstates-bpfcc""]"	"[""StreamTrans"", ""StreamT~ns"", ""filetop-bpfcc"", ""gnome-system-mo"", ""opensnoop-bpfcc"", ""pgrep"", ""strace"", ""systemd-logind"", ""tcpstates-bpfcc""]"	"[""bind"", ""brk"", ""chmod"", ""clone3"", ""close"", ""connect"", ""exit_group"", ""fcntl"", ""fstat"", ""fsync"", ""futex"", ""getcwd"", ""getdents64"", ""getpeername"", ""getpid"", ""getsockname"", ""getsockopt"", ""ioctl"", ""lseek"", ""mkdir"", ""mmap"", ""mprotect"", ""munmap"", ""newfstatat"", ""openat"", ""pipe2"", ""poll"", ""read"", ""recvfrom"", ""recvmsg"", ""rename"", ""rmdir"", ""rt_sigaction"", ""rt_sigprocmask"", ""sendmmsg"", ""sendto"", ""setsockopt"", ""socket"", ""umask"", ""uname"", ""unlink"", ""unlinkat"", ""vfork"", ""wait4"", ""write""]"	"[""lseek -> lseek -> lseek -> no-error -> no-fd"", ""newfstatat -> newfstatat -> newfstatat"", ""newfstatat -> newfstatat -> newfstatat -> no-error -> no-fd"", ""poll -> read -> read"", ""poll -> read -> read -> error=EAGAIN -> no-fd"", ""read -> poll -> read"", ""read -> poll -> read -> no-error -> no-fd"", ""read -> read -> poll"", ""read -> read -> read"", ""read -> read -> read -> no-error -> no-fd""]"	"[""ETC_DIR"", ""HOME_DIR"", ""OTHER_DIR"", ""ROOT_DIR"", ""TMP_DIR""]"					pending
a5e6e4d13e9c7ff8	qut	aiohttp_proxies-0.8.37.tar.gz	pypi	aiohttp_proxies	0.8.37	backstabbers	backstabbers:pypi:aiohttp_proxies:row-1247	https://blog.sonatype.com/can-you-spot-this-cryptic-reverse-shell-found-in-pypi-packages	0.8.36;0.8.37;0.8.38;0.8.39;0.8.40;0.8.41;0.8.42;0.8.43;0.8.44;0.8.45	exact	behavior_event	install	The structured source labels the package trigger as install.	https://blog.sonatype.com/can-you-spot-this-cryptic-reverse-shell-found-in-pypi-packages	high	install	"{""install"": {""package_file"": ""aiohttp_proxies-0.8.37.tar.gz"", ""source"": ""QUT-DV25_Install_Traces""}}"	match	0	[]	1	"[{""attribution_scope"": ""package_row_or_reference"", ""match_level"": ""behavior_not_observed"", ""observed_evidence"": ""required supporting telemetry was not observed"", ""report_evidence"": ""The structured source objective is data exfiltration."", ""type"": ""exfiltration""}]"	no_concrete_ioc	behavior_not_observed	low	yes	Confirm whether the reported command/process/file/network behavior occurred.	External IOC extraction=none; IOC attribution=unknown; behavior extraction=structured_objective; behavior attribution=package_row_or_reference; version=exact; reported trigger=install (high); observed trigger=install; trigger comparison=match; IOC result=no_concrete_ioc; behavior result=behavior_not_observed. Low-confidence reasons: reported behavior is only partially observed, absent, or semantically unobservable.	[]	"[""443""]"	[]	"[""StreamTrans"", ""StreamT~ns"", ""filetop-bpfcc"", ""gnome-system-mo"", ""opensnoop-bpfcc"", ""pgrep"", ""pip"", ""strace"", ""systemd-logind"", ""tcpstates-bpfcc""]"	"[""StreamTrans"", ""StreamT~ns"", ""filetop-bpfcc"", ""gnome-system-mo"", ""opensnoop-bpfcc"", ""pgrep"", ""strace"", ""systemd-logind"", ""tcpstates-bpfcc""]"	"[""bind"", ""brk"", ""chmod"", ""clone3"", ""close"", ""connect"", ""exit_group"", ""fcntl"", ""fstat"", ""fsync"", ""futex"", ""getcwd"", ""getdents64"", ""getpeername"", ""getpid"", ""getsockname"", ""getsockopt"", ""ioctl"", ""lseek"", ""mkdir"", ""mmap"", ""mprotect"", ""munmap"", ""newfstatat"", ""openat"", ""pipe2"", ""poll"", ""read"", ""recvfrom"", ""recvmsg"", ""rename"", ""restart_syscall"", ""rmdir"", ""rt_sigaction"", ""rt_sigprocmask"", ""sendmmsg"", ""sendto"", ""setsockopt"", ""socket"", ""umask"", ""uname"", ""unlinkat"", ""vfork"", ""wait4"", ""write""]"	"[""fstat -> ioctl -> lseek"", ""fstat -> ioctl -> lseek -> no-error -> no-fd"", ""lseek -> lseek -> lseek"", ""lseek -> lseek -> lseek -> no-error -> no-fd"", ""newfstatat -> newfstatat -> newfstatat"", ""newfstatat -> newfstatat -> newfstatat -> no-error -> no-fd"", ""newfstatat -> openat -> fstat"", ""newfstatat -> openat -> fstat -> no-error -> no-fd"", ""read -> read -> read"", ""read -> read -> read -> no-error -> no-fd""]"	"[""ETC_DIR"", ""HOME_DIR"", ""OTHER_DIR"", ""ROOT_DIR"", ""TMP_DIR""]"					pending
bd618786713b8d5b	qut	aiohttp_proxies-0.8.38.tar.gz	pypi	aiohttp_proxies	0.8.38	backstabbers	backstabbers:pypi:aiohttp_proxies:row-1247	https://blog.sonatype.com/can-you-spot-this-cryptic-reverse-shell-found-in-pypi-packages	0.8.36;0.8.37;0.8.38;0.8.39;0.8.40;0.8.41;0.8.42;0.8.43;0.8.44;0.8.45	exact	behavior_event	install	The structured source labels the package trigger as install.	https://blog.sonatype.com/can-you-spot-this-cryptic-reverse-shell-found-in-pypi-packages	high	install	"{""install"": {""package_file"": ""aiohttp_proxies-0.8.38.tar.gz"", ""source"": ""QUT-DV25_Install_Traces""}}"	match	0	[]	1	"[{""attribution_scope"": ""package_row_or_reference"", ""match_level"": ""behavior_not_observed"", ""observed_evidence"": ""required supporting telemetry was not observed"", ""report_evidence"": ""The structured source objective is data exfiltration."", ""type"": ""exfiltration""}]"	no_concrete_ioc	behavior_not_observed	low	yes	Confirm whether the reported command/process/file/network behavior occurred.	External IOC extraction=none; IOC attribution=unknown; behavior extraction=structured_objective; behavior attribution=package_row_or_reference; version=exact; reported trigger=install (high); observed trigger=install; trigger comparison=match; IOC result=no_concrete_ioc; behavior result=behavior_not_observed. Low-confidence reasons: reported behavior is only partially observed, absent, or semantically unobservable.	[]	"[""443""]"	[]	"[""StreamTrans"", ""StreamT~ns"", ""filetop-bpfcc"", ""gnome-system-mo"", ""opensnoop-bpfcc"", ""pgrep"", ""pip"", ""sqldb:c~lite"", ""strace"", ""systemd-logind"", ""tcpstates-bpfcc""]"	"[""StreamTrans"", ""StreamT~ns"", ""filetop-bpfcc"", ""gnome-system-mo"", ""opensnoop-bpfcc"", ""pgrep"", ""sqldb:c~lite"", ""strace"", ""systemd-logind"", ""tcpstates-bpfcc""]"	"[""bind"", ""brk"", ""chmod"", ""clone3"", ""close"", ""connect"", ""exit_group"", ""fcntl"", ""fstat"", ""fsync"", ""futex"", ""getcwd"", ""getdents64"", ""getpeername"", ""getpid"", ""getsockname"", ""getsockopt"", ""ioctl"", ""lseek"", ""mkdir"", ""mmap"", ""mprotect"", ""munmap"", ""newfstatat"", ""openat"", ""pipe2"", ""poll"", ""read"", ""recvfrom"", ""recvmsg"", ""rename"", ""restart_syscall"", ""rmdir"", ""rt_sigaction"", ""rt_sigprocmask"", ""sendmmsg"", ""sendto"", ""setsockopt"", ""socket"", ""umask"", ""uname"", ""unlinkat"", ""vfork"", ""wait4"", ""write""]"	"[""lseek -> lseek -> lseek"", ""lseek -> lseek -> lseek -> no-error -> no-fd"", ""newfstatat -> newfstatat -> newfstatat"", ""newfstatat -> newfstatat -> newfstatat -> no-error -> no-fd"", ""poll -> read -> read"", ""read -> poll -> read"", ""read -> poll -> read -> error=EAGAIN -> no-fd"", ""read -> read -> poll -> no-error -> no-fd"", ""read -> read -> read"", ""read -> read -> read -> no-error -> no-fd""]"	"[""ETC_DIR"", ""HOME_DIR"", ""OTHER_DIR"", ""ROOT_DIR"", ""TMP_DIR""]"					pending
5a0c8078ec837951	qut	aiohttp_proxies-0.8.39.tar.gz	pypi	aiohttp_proxies	0.8.39	backstabbers	backstabbers:pypi:aiohttp_proxies:row-1247	https://blog.sonatype.com/can-you-spot-this-cryptic-reverse-shell-found-in-pypi-packages	0.8.36;0.8.37;0.8.38;0.8.39;0.8.40;0.8.41;0.8.42;0.8.43;0.8.44;0.8.45	exact	behavior_event	install	The structured source labels the package trigger as install.	https://blog.sonatype.com/can-you-spot-this-cryptic-reverse-shell-found-in-pypi-packages	high	install	"{""install"": {""package_file"": ""aiohttp_proxies-0.8.39.tar.gz"", ""source"": ""QUT-DV25_Install_Traces""}}"	match	0	[]	1	"[{""attribution_scope"": ""package_row_or_reference"", ""match_level"": ""behavior_not_observed"", ""observed_evidence"": ""required supporting telemetry was not observed"", ""report_evidence"": ""The structured source objective is data exfiltration."", ""type"": ""exfiltration""}]"	no_concrete_ioc	behavior_not_observed	low	yes	Confirm whether the reported command/process/file/network behavior occurred.	External IOC extraction=none; IOC attribution=unknown; behavior extraction=structured_objective; behavior attribution=package_row_or_reference; version=exact; reported trigger=install (high); observed trigger=install; trigger comparison=match; IOC result=no_concrete_ioc; behavior result=behavior_not_observed. Low-confidence reasons: reported behavior is only partially observed, absent, or semantically unobservable.	[]	"[""443""]"	[]	"[""StreamTrans"", ""StreamT~ns"", ""filetop-bpfcc"", ""gnome-system-mo"", ""opensnoop-bpfcc"", ""pgrep"", ""pip"", ""sqldb:c~lite"", ""strace"", ""systemd-logind""]"	"[""StreamTrans"", ""StreamT~ns"", ""filetop-bpfcc"", ""gnome-system-mo"", ""opensnoop-bpfcc"", ""pgrep"", ""sqldb:c~lite"", ""strace"", ""systemd-logind""]"	"[""bind"", ""brk"", ""chmod"", ""clone3"", ""close"", ""connect"", ""exit_group"", ""fcntl"", ""fstat"", ""fsync"", ""futex"", ""getcwd"", ""getdents64"", ""getpeername"", ""getpid"", ""getsockname"", ""getsockopt"", ""ioctl"", ""lseek"", ""mkdir"", ""mmap"", ""mprotect"", ""munmap"", ""newfstatat"", ""openat"", ""pipe2"", ""poll"", ""read"", ""recvfrom"", ""recvmsg"", ""rename"", ""restart_syscall"", ""rmdir"", ""rt_sigaction"", ""rt_sigprocmask"", ""sendmmsg"", ""sendto"", ""setsockopt"", ""socket"", ""umask"", ""uname"", ""unlinkat"", ""vfork"", ""wait4"", ""write""]"	"[""lseek -> lseek -> lseek"", ""newfstatat -> newfstatat -> newfstatat -> no-error -> no-fd"", ""poll -> read -> read"", ""poll -> read -> read -> no-error -> fd=6"", ""read -> poll -> read"", ""read -> poll -> read -> error=EAGAIN -> no-fd"", ""read -> read -> poll"", ""read -> read -> poll -> no-error -> no-fd"", ""read -> read -> read"", ""read -> read -> read -> no-error -> no-fd""]"	"[""ETC_DIR"", ""HOME_DIR"", ""OTHER_DIR"", ""TMP_DIR""]"					pending
b6c5bc919c5bf5c2	qut	aiohttp_proxies-0.8.40.tar.gz	pypi	aiohttp_proxies	0.8.40	backstabbers	backstabbers:pypi:aiohttp_proxies:row-1247	https://blog.sonatype.com/can-you-spot-this-cryptic-reverse-shell-found-in-pypi-packages	0.8.36;0.8.37;0.8.38;0.8.39;0.8.40;0.8.41;0.8.42;0.8.43;0.8.44;0.8.45	exact	behavior_event	install	The structured source labels the package trigger as install.	https://blog.sonatype.com/can-you-spot-this-cryptic-reverse-shell-found-in-pypi-packages	high	install	"{""install"": {""package_file"": ""aiohttp_proxies-0.8.40.tar.gz"", ""source"": ""QUT-DV25_Install_Traces""}}"	match	0	[]	1	"[{""attribution_scope"": ""package_row_or_reference"", ""match_level"": ""behavior_not_observed"", ""observed_evidence"": ""required supporting telemetry was not observed"", ""report_evidence"": ""The structured source objective is data exfiltration."", ""type"": ""exfiltration""}]"	no_concrete_ioc	behavior_not_observed	low	yes	Confirm whether the reported command/process/file/network behavior occurred.	External IOC extraction=none; IOC attribution=unknown; behavior extraction=structured_objective; behavior attribution=package_row_or_reference; version=exact; reported trigger=install (high); observed trigger=install; trigger comparison=match; IOC result=no_concrete_ioc; behavior result=behavior_not_observed. Low-confidence reasons: reported behavior is only partially observed, absent, or semantically unobservable.	[]	"[""443""]"	[]	"[""StreamTrans"", ""StreamT~ns"", ""filetop-bpfcc"", ""gnome-system-mo"", ""opensnoop-bpfcc"", ""pgrep"", ""pip"", ""strace"", ""systemd-logind"", ""tcpstates-bpfcc""]"	"[""StreamTrans"", ""StreamT~ns"", ""filetop-bpfcc"", ""gnome-system-mo"", ""opensnoop-bpfcc"", ""pgrep"", ""strace"", ""systemd-logind"", ""tcpstates-bpfcc""]"	"[""access"", ""bind"", ""brk"", ""chmod"", ""chown"", ""clone3"", ""close"", ""connect"", ""exit_group"", ""fcntl"", ""fstat"", ""fsync"", ""futex"", ""getcwd"", ""getdents64"", ""geteuid"", ""getpeername"", ""getpid"", ""getrandom"", ""getsockname"", ""getsockopt"", ""ioctl"", ""lseek"", ""mkdir"", ""mmap"", ""mprotect"", ""mremap"", ""munmap"", ""newfstatat"", ""openat"", ""pipe2"", ""poll"", ""read"", ""recvfrom"", ""recvmsg"", ""rename"", ""rmdir"", ""rt_sigaction"", ""rt_sigprocmask"", ""sendmmsg"", ""sendto"", ""setsockopt"", ""socket"", ""umask"", ""uname"", ""unlink"", ""unlinkat"", ""utimensat"", ""vfork"", ""wait4""]"	"[""fstat -> ioctl -> lseek"", ""fstat -> ioctl -> lseek -> no-error -> no-fd"", ""lseek -> lseek -> lseek"", ""newfstatat -> newfstatat -> newfstatat"", ""newfstatat -> newfstatat -> newfstatat -> no-error -> no-fd"", ""newfstatat -> openat -> fstat"", ""newfstatat -> openat -> fstat -> no-error -> no-fd"", ""openat -> fstat -> ioctl -> no-error -> no-fd"", ""read -> read -> read"", ""read -> read -> read -> no-error -> no-fd""]"	"[""ETC_DIR"", ""HOME_DIR"", ""OTHER_DIR"", ""ROOT_DIR"", ""TMP_DIR""]"					pending
8b78d5ee15bcb54c	qut	aiohttp_proxies-0.8.41.tar.gz	pypi	aiohttp_proxies	0.8.41	backstabbers	backstabbers:pypi:aiohttp_proxies:row-1247	https://blog.sonatype.com/can-you-spot-this-cryptic-reverse-shell-found-in-pypi-packages	0.8.36;0.8.37;0.8.38;0.8.39;0.8.40;0.8.41;0.8.42;0.8.43;0.8.44;0.8.45	exact	behavior_event	install	The structured source labels the package trigger as install.	https://blog.sonatype.com/can-you-spot-this-cryptic-reverse-shell-found-in-pypi-packages	high	install	"{""install"": {""package_file"": ""aiohttp_proxies-0.8.41.tar.gz"", ""source"": ""QUT-DV25_Install_Traces""}}"	match	0	[]	1	"[{""attribution_scope"": ""package_row_or_reference"", ""match_level"": ""behavior_not_observed"", ""observed_evidence"": ""required supporting telemetry was not observed"", ""report_evidence"": ""The structured source objective is data exfiltration."", ""type"": ""exfiltration""}]"	no_concrete_ioc	behavior_not_observed	low	yes	Confirm whether the reported command/process/file/network behavior occurred.	External IOC extraction=none; IOC attribution=unknown; behavior extraction=structured_objective; behavior attribution=package_row_or_reference; version=exact; reported trigger=install (high); observed trigger=install; trigger comparison=match; IOC result=no_concrete_ioc; behavior result=behavior_not_observed. Low-confidence reasons: reported behavior is only partially observed, absent, or semantically unobservable.	[]	"[""443""]"	[]	"[""StreamTrans"", ""StreamT~ns"", ""filetop-bpfcc"", ""gnome-system-mo"", ""opensnoop-bpfcc"", ""pgrep"", ""pip"", ""strace"", ""systemd-logind""]"	"[""StreamTrans"", ""StreamT~ns"", ""filetop-bpfcc"", ""gnome-system-mo"", ""opensnoop-bpfcc"", ""pgrep"", ""strace"", ""systemd-logind""]"	"[""access"", ""bind"", ""brk"", ""chmod"", ""chown"", ""clone3"", ""close"", ""connect"", ""exit_group"", ""fcntl"", ""fstat"", ""fsync"", ""futex"", ""getcwd"", ""getdents64"", ""geteuid"", ""getpeername"", ""getpid"", ""getrandom"", ""getsockname"", ""getsockopt"", ""ioctl"", ""lseek"", ""mkdir"", ""mmap"", ""mprotect"", ""mremap"", ""munmap"", ""newfstatat"", ""openat"", ""pipe2"", ""poll"", ""read"", ""recvfrom"", ""recvmsg"", ""rename"", ""rmdir"", ""rt_sigaction"", ""rt_sigprocmask"", ""sendmmsg"", ""sendto"", ""setsockopt"", ""socket"", ""umask"", ""uname"", ""unlink"", ""unlinkat"", ""utimensat"", ""vfork"", ""wait4""]"	"[""fstat -> ioctl -> lseek -> no-error -> no-fd"", ""lseek -> lseek -> lseek"", ""lseek -> lseek -> lseek -> no-error -> no-fd"", ""newfstatat -> newfstatat -> newfstatat"", ""newfstatat -> newfstatat -> newfstatat -> no-error -> no-fd"", ""newfstatat -> openat -> fstat"", ""newfstatat -> openat -> fstat -> no-error -> no-fd"", ""read -> poll -> read"", ""read -> read -> read"", ""read -> read -> read -> no-error -> no-fd""]"	"[""ETC_DIR"", ""HOME_DIR"", ""OTHER_DIR"", ""ROOT_DIR"", ""TMP_DIR""]"					pending
62c976cabfb4c0fa	qut	aiohttp_proxies-0.8.42.tar.gz	pypi	aiohttp_proxies	0.8.42	backstabbers	backstabbers:pypi:aiohttp_proxies:row-1247	https://blog.sonatype.com/can-you-spot-this-cryptic-reverse-shell-found-in-pypi-packages	0.8.36;0.8.37;0.8.38;0.8.39;0.8.40;0.8.41;0.8.42;0.8.43;0.8.44;0.8.45	exact	behavior_event	install	The structured source labels the package trigger as install.	https://blog.sonatype.com/can-you-spot-this-cryptic-reverse-shell-found-in-pypi-packages	high	install	"{""install"": {""package_file"": ""aiohttp_proxies-0.8.42.tar.gz"", ""source"": ""QUT-DV25_Install_Traces""}}"	match	0	[]	1	"[{""attribution_scope"": ""package_row_or_reference"", ""match_level"": ""behavior_not_observed"", ""observed_evidence"": ""required supporting telemetry was not observed"", ""report_evidence"": ""The structured source objective is data exfiltration."", ""type"": ""exfiltration""}]"	no_concrete_ioc	behavior_not_observed	low	yes	Confirm whether the reported command/process/file/network behavior occurred.	External IOC extraction=none; IOC attribution=unknown; behavior extraction=structured_objective; behavior attribution=package_row_or_reference; version=exact; reported trigger=install (high); observed trigger=install; trigger comparison=match; IOC result=no_concrete_ioc; behavior result=behavior_not_observed. Low-confidence reasons: reported behavior is only partially observed, absent, or semantically unobservable.	[]	"[""443""]"	[]	"[""Classif~date"", ""StreamTrans"", ""StreamT~ns"", ""filetop-bpfcc"", ""gnome-system-mo"", ""nautilus"", ""opensnoop-bpfcc"", ""pgrep"", ""pip"", ""sqldb:c~lite"", ""strace"", ""tcpstates-bpfcc""]"	"[""Classif~date"", ""StreamTrans"", ""StreamT~ns"", ""filetop-bpfcc"", ""gnome-system-mo"", ""nautilus"", ""opensnoop-bpfcc"", ""pgrep"", ""sqldb:c~lite"", ""strace"", ""tcpstates-bpfcc""]"	"[""access"", ""bind"", ""brk"", ""chmod"", ""clone3"", ""close"", ""connect"", ""exit_group"", ""fcntl"", ""fstat"", ""fsync"", ""futex"", ""getcwd"", ""getdents64"", ""getpeername"", ""getpid"", ""getrandom"", ""getsockname"", ""getsockopt"", ""ioctl"", ""lseek"", ""mkdir"", ""mmap"", ""mprotect"", ""mremap"", ""munmap"", ""newfstatat"", ""openat"", ""pipe2"", ""poll"", ""read"", ""recvfrom"", ""recvmsg"", ""rename"", ""rmdir"", ""rt_sigaction"", ""rt_sigprocmask"", ""sendmmsg"", ""sendto"", ""setsockopt"", ""socket"", ""umask"", ""uname"", ""unlink"", ""unlinkat"", ""vfork"", ""wait4"", ""write""]"	"[""fstat -> ioctl -> lseek"", ""ioctl -> lseek -> lseek"", ""ioctl -> lseek -> lseek -> error=ENOENT -> no-fd"", ""newfstatat -> newfstatat -> newfstatat"", ""newfstatat -> newfstatat -> newfstatat -> no-error -> no-fd"", ""newfstatat -> newfstatat -> openat -> no-error -> no-fd"", ""newfstatat -> openat -> fstat"", ""newfstatat -> openat -> fstat -> no-error -> no-fd"", ""openat -> fstat -> ioctl"", ""openat -> fstat -> ioctl -> no-error -> no-fd""]"	"[""ETC_DIR"", ""HOME_DIR"", ""OTHER_DIR"", ""TMP_DIR""]"					pending
0b0c752c9d2237b8	qut	aiohttp_proxies-0.8.43.tar.gz	pypi	aiohttp_proxies	0.8.43	backstabbers	backstabbers:pypi:aiohttp_proxies:row-1247	https://blog.sonatype.com/can-you-spot-this-cryptic-reverse-shell-found-in-pypi-packages	0.8.36;0.8.37;0.8.38;0.8.39;0.8.40;0.8.41;0.8.42;0.8.43;0.8.44;0.8.45	exact	behavior_event	install	The structured source labels the package trigger as install.	https://blog.sonatype.com/can-you-spot-this-cryptic-reverse-shell-found-in-pypi-packages	high	install	"{""install"": {""package_file"": ""aiohttp_proxies-0.8.43.tar.gz"", ""source"": ""QUT-DV25_Install_Traces""}}"	match	0	[]	1	"[{""attribution_scope"": ""package_row_or_reference"", ""match_level"": ""behavior_not_observed"", ""observed_evidence"": ""required supporting telemetry was not observed"", ""report_evidence"": ""The structured source objective is data exfiltration."", ""type"": ""exfiltration""}]"	no_concrete_ioc	behavior_not_observed	low	yes	Confirm whether the reported command/process/file/network behavior occurred.	External IOC extraction=none; IOC attribution=unknown; behavior extraction=structured_objective; behavior attribution=package_row_or_reference; version=exact; reported trigger=install (high); observed trigger=install; trigger comparison=match; IOC result=no_concrete_ioc; behavior result=behavior_not_observed. Low-confidence reasons: reported behavior is only partially observed, absent, or semantically unobservable.	[]	"[""443""]"	[]	"[""StreamTrans"", ""StreamT~ns"", ""filetop-bpfcc"", ""gnome-system-mo"", ""opensnoop-bpfcc"", ""pgrep"", ""pip"", ""strace"", ""systemd-logind"", ""tcpstates-bpfcc""]"	"[""StreamTrans"", ""StreamT~ns"", ""filetop-bpfcc"", ""gnome-system-mo"", ""opensnoop-bpfcc"", ""pgrep"", ""strace"", ""systemd-logind"", ""tcpstates-bpfcc""]"	"[""access"", ""bind"", ""brk"", ""chmod"", ""chown"", ""clone3"", ""close"", ""connect"", ""exit_group"", ""fcntl"", ""fstat"", ""fsync"", ""futex"", ""getcwd"", ""getdents64"", ""geteuid"", ""getpeername"", ""getpid"", ""getrandom"", ""getsockname"", ""getsockopt"", ""ioctl"", ""lseek"", ""mkdir"", ""mmap"", ""mprotect"", ""mremap"", ""munmap"", ""newfstatat"", ""openat"", ""pipe2"", ""poll"", ""read"", ""recvfrom"", ""recvmsg"", ""rename"", ""rmdir"", ""rt_sigaction"", ""rt_sigprocmask"", ""sendmmsg"", ""sendto"", ""setsockopt"", ""socket"", ""umask"", ""uname"", ""unlink"", ""unlinkat"", ""utimensat"", ""vfork"", ""wait4""]"	"[""lseek -> lseek -> lseek -> no-error -> no-fd"", ""newfstatat -> newfstatat -> newfstatat"", ""newfstatat -> newfstatat -> newfstatat -> no-error -> no-fd"", ""newfstatat -> openat -> fstat -> no-error -> no-fd"", ""poll -> read -> read"", ""read -> poll -> read"", ""read -> poll -> read -> no-error -> no-fd"", ""read -> read -> poll"", ""read -> read -> read"", ""read -> read -> read -> no-error -> no-fd""]"	"[""ETC_DIR"", ""HOME_DIR"", ""OTHER_DIR"", ""TMP_DIR""]"					pending
3336c610d00b86c6	qut	aiohttp_proxies-0.8.44.tar.gz	pypi	aiohttp_proxies	0.8.44	backstabbers	backstabbers:pypi:aiohttp_proxies:row-1247	https://blog.sonatype.com/can-you-spot-this-cryptic-reverse-shell-found-in-pypi-packages	0.8.36;0.8.37;0.8.38;0.8.39;0.8.40;0.8.41;0.8.42;0.8.43;0.8.44;0.8.45	exact	behavior_event	install	The structured source labels the package trigger as install.	https://blog.sonatype.com/can-you-spot-this-cryptic-reverse-shell-found-in-pypi-packages	high	install	"{""install"": {""package_file"": ""aiohttp_proxies-0.8.44.tar.gz"", ""source"": ""QUT-DV25_Install_Traces""}}"	match	0	[]	1	"[{""attribution_scope"": ""package_row_or_reference"", ""match_level"": ""behavior_not_observed"", ""observed_evidence"": ""required supporting telemetry was not observed"", ""report_evidence"": ""The structured source objective is data exfiltration."", ""type"": ""exfiltration""}]"	no_concrete_ioc	behavior_not_observed	low	yes	Confirm whether the reported command/process/file/network behavior occurred.	External IOC extraction=none; IOC attribution=unknown; behavior extraction=structured_objective; behavior attribution=package_row_or_reference; version=exact; reported trigger=install (high); observed trigger=install; trigger comparison=match; IOC result=no_concrete_ioc; behavior result=behavior_not_observed. Low-confidence reasons: reported behavior is only partially observed, absent, or semantically unobservable.	[]	"[""443""]"	[]	"[""Classif~date"", ""StreamTrans"", ""StreamT~ns"", ""filetop-bpfcc"", ""gnome-system-mo"", ""nautilus"", ""opensnoop-bpfcc"", ""pgrep"", ""pip"", ""sqldb:c~lite"", ""strace"", ""tcpstates-bpfcc""]"	"[""Classif~date"", ""StreamTrans"", ""StreamT~ns"", ""filetop-bpfcc"", ""gnome-system-mo"", ""nautilus"", ""opensnoop-bpfcc"", ""pgrep"", ""sqldb:c~lite"", ""strace"", ""tcpstates-bpfcc""]"	"[""access"", ""bind"", ""brk"", ""chmod"", ""chown"", ""clone3"", ""close"", ""connect"", ""exit_group"", ""fcntl"", ""fstat"", ""fsync"", ""futex"", ""getcwd"", ""getdents64"", ""geteuid"", ""getpeername"", ""getpid"", ""getrandom"", ""getsockname"", ""getsockopt"", ""ioctl"", ""lseek"", ""mkdir"", ""mmap"", ""mprotect"", ""mremap"", ""munmap"", ""newfstatat"", ""openat"", ""pipe2"", ""poll"", ""read"", ""recvfrom"", ""recvmsg"", ""rename"", ""rmdir"", ""rt_sigaction"", ""rt_sigprocmask"", ""sendmmsg"", ""sendto"", ""setsockopt"", ""socket"", ""umask"", ""uname"", ""unlink"", ""unlinkat"", ""utimensat"", ""vfork"", ""wait4""]"	"[""fstat -> ioctl -> lseek"", ""fstat -> ioctl -> lseek -> no-error -> no-fd"", ""lseek -> lseek -> lseek"", ""lseek -> lseek -> lseek -> no-error -> no-fd"", ""newfstatat -> newfstatat -> newfstatat"", ""newfstatat -> newfstatat -> newfstatat -> no-error -> no-fd"", ""newfstatat -> openat -> fstat"", ""newfstatat -> openat -> fstat -> no-error -> no-fd"", ""read -> read -> read"", ""read -> read -> read -> no-error -> no-fd""]"	"[""ETC_DIR"", ""HOME_DIR"", ""OTHER_DIR"", ""TMP_DIR""]"					pending
0d3bb4ca30df5aff	qut	aiohttp_proxies-0.8.45.tar.gz	pypi	aiohttp_proxies	0.8.45	backstabbers	backstabbers:pypi:aiohttp_proxies:row-1247	https://blog.sonatype.com/can-you-spot-this-cryptic-reverse-shell-found-in-pypi-packages	0.8.36;0.8.37;0.8.38;0.8.39;0.8.40;0.8.41;0.8.42;0.8.43;0.8.44;0.8.45	exact	behavior_event	install	The structured source labels the package trigger as install.	https://blog.sonatype.com/can-you-spot-this-cryptic-reverse-shell-found-in-pypi-packages	high	install	"{""install"": {""package_file"": ""aiohttp_proxies-0.8.45.tar.gz"", ""source"": ""QUT-DV25_Install_Traces""}}"	match	0	[]	1	"[{""attribution_scope"": ""package_row_or_reference"", ""match_level"": ""behavior_not_observed"", ""observed_evidence"": ""required supporting telemetry was not observed"", ""report_evidence"": ""The structured source objective is data exfiltration."", ""type"": ""exfiltration""}]"	no_concrete_ioc	behavior_not_observed	low	yes	Confirm whether the reported command/process/file/network behavior occurred.	External IOC extraction=none; IOC attribution=unknown; behavior extraction=structured_objective; behavior attribution=package_row_or_reference; version=exact; reported trigger=install (high); observed trigger=install; trigger comparison=match; IOC result=no_concrete_ioc; behavior result=behavior_not_observed. Low-confidence reasons: reported behavior is only partially observed, absent, or semantically unobservable.	[]	"[""443""]"	[]	"[""Classif~date"", ""StreamTrans"", ""StreamT~ns"", ""filetop-bpfcc"", ""gnome-system-mo"", ""nautilus"", ""opensnoop-bpfcc"", ""pgrep"", ""pip"", ""sqldb:c~lite"", ""strace"", ""tcpstates-bpfcc""]"	"[""Classif~date"", ""StreamTrans"", ""StreamT~ns"", ""filetop-bpfcc"", ""gnome-system-mo"", ""nautilus"", ""opensnoop-bpfcc"", ""pgrep"", ""sqldb:c~lite"", ""strace"", ""tcpstates-bpfcc""]"	"[""bind"", ""brk"", ""chmod"", ""clone3"", ""close"", ""connect"", ""exit_group"", ""fcntl"", ""fstat"", ""fsync"", ""futex"", ""getcwd"", ""getdents64"", ""getpeername"", ""getpid"", ""getsockname"", ""getsockopt"", ""ioctl"", ""lseek"", ""mkdir"", ""mmap"", ""mprotect"", ""munmap"", ""newfstatat"", ""openat"", ""pipe2"", ""poll"", ""read"", ""recvfrom"", ""recvmsg"", ""rename"", ""rmdir"", ""rt_sigaction"", ""rt_sigprocmask"", ""sendmmsg"", ""sendto"", ""setsockopt"", ""socket"", ""umask"", ""uname"", ""unlink"", ""unlinkat"", ""vfork"", ""wait4"", ""write""]"	"[""lseek -> lseek -> lseek"", ""lseek -> lseek -> lseek -> no-error -> no-fd"", ""newfstatat -> newfstatat -> newfstatat"", ""newfstatat -> newfstatat -> newfstatat -> no-error -> no-fd"", ""poll -> read -> read"", ""poll -> read -> read -> error=EAGAIN -> no-fd"", ""read -> poll -> read"", ""read -> poll -> read -> no-error -> no-fd"", ""read -> read -> read"", ""read -> read -> read -> no-error -> no-fd""]"	"[""ETC_DIR"", ""HOME_DIR"", ""OTHER_DIR"", ""ROOT_DIR"", ""TMP_DIR""]"					pending
27f2ac600aab2c65	qut	apidev-coop-1.2.26.tar.gz	pypi	apidev-coop	1.2.26	backstabbers	backstabbers:pypi:apidev-coop:row-109	https://www.nbu.gov.sk/skcsirt-sa-20170909-pypi/	1.2.26	exact	behavior_event	install	The structured source labels the package trigger as install.	https://www.nbu.gov.sk/skcsirt-sa-20170909-pypi/	high	install	"{""install"": {""package_file"": ""apidev-coop-1.2.26.tar.gz"", ""source"": ""QUT-DV25_Install_Traces""}}"	match	0	[]	1	"[{""attribution_scope"": ""package_row_or_reference"", ""match_level"": ""behavior_not_observed"", ""observed_evidence"": ""required supporting telemetry was not observed"", ""report_evidence"": ""The structured source objective is data exfiltration."", ""type"": ""exfiltration""}]"	no_concrete_ioc	behavior_not_observed	low	yes	Confirm whether the reported command/process/file/network behavior occurred.	External IOC extraction=none; IOC attribution=unknown; behavior extraction=structured_objective; behavior attribution=package_row_or_reference; version=exact; reported trigger=install (high); observed trigger=install; trigger comparison=match; IOC result=no_concrete_ioc; behavior result=behavior_not_observed. Low-confidence reasons: reported behavior is only partially observed, absent, or semantically unobservable.	[]	"[""0"", ""443"", ""80""]"	[]	"[""Classif~date"", ""StreamTrans"", ""StreamT~ns"", ""clear"", ""filetop-bpfcc"", ""gnome-system-mo"", ""opensnoop-bpfcc"", ""pgrep"", ""sqldb:c~lite"", ""strace"", ""tcpstates-bpfcc""]"	"[""Classif~date"", ""StreamTrans"", ""StreamT~ns"", ""clear"", ""filetop-bpfcc"", ""gnome-system-mo"", ""opensnoop-bpfcc"", ""pgrep"", ""sqldb:c~lite"", ""strace"", ""tcpstates-bpfcc""]"	"[""bind"", ""brk"", ""chmod"", ""chown"", ""clock_gettime"", ""close"", ""connect"", ""exit_group"", ""fcntl"", ""fstat"", ""futex"", ""getdents64"", ""geteuid"", ""getpeername"", ""getpid"", ""getsockname"", ""getsockopt"", ""ioctl"", ""lseek"", ""mkdir"", ""mmap"", ""mprotect"", ""mremap"", ""munmap"", ""newfstatat"", ""openat"", ""pipe2"", ""poll"", ""read"", ""recvfrom"", ""recvmsg"", ""rmdir"", ""rt_sigaction"", ""rt_sigprocmask"", ""sendmmsg"", ""sendto"", ""setsockopt"", ""socket"", ""uname"", ""unlink"", ""unlinkat"", ""utimensat"", ""vfork"", ""wait4"", ""write""]"	"[""clock_gettime -> clock_gettime -> clock_gettime"", ""clock_gettime -> clock_gettime -> clock_gettime -> no-error -> no-fd"", ""clock_gettime -> clock_gettime -> write"", ""clock_gettime -> clock_gettime -> write -> no-error -> no-fd"", ""clock_gettime -> write -> clock_gettime"", ""clock_gettime -> write -> clock_gettime -> no-error -> no-fd"", ""newfstatat -> newfstatat -> newfstatat"", ""newfstatat -> newfstatat -> newfstatat -> no-error -> no-fd"", ""newfstatat -> openat -> fstat"", ""newfstatat -> openat -> fstat -> no-error -> no-fd""]"	"[""ETC_DIR"", ""HOME_DIR"", ""OTHER_DIR"", ""TMP_DIR""]"					pending
2bfc84b593c5ad49	qut	apple-py-music-1.0.tar.gz	pypi	apple-py-music	1.0	backstabbers	backstabbers:pypi:apple-py-music:row-1240	https://blog.sonatype.com/pypi-flooded-with-over-1200-dependency-confusion-packages	1.0	exact	behavior_event	install	The structured source labels the package trigger as install.	https://blog.sonatype.com/pypi-flooded-with-over-1200-dependency-confusion-packages	high	install	"{""install"": {""package_file"": ""apple-py-music-1.0.tar.gz"", ""source"": ""QUT-DV25_Install_Traces""}}"	match	0	[]	1	"[{""attribution_scope"": ""package_row_or_reference"", ""match_level"": ""behavior_not_observed"", ""observed_evidence"": ""required supporting telemetry was not observed"", ""report_evidence"": ""The structured source objective is data exfiltration."", ""type"": ""exfiltration""}]"	no_concrete_ioc	behavior_not_observed	low	yes	Confirm whether the reported command/process/file/network behavior occurred.	External IOC extraction=none; IOC attribution=unknown; behavior extraction=structured_objective; behavior attribution=package_row_or_reference; version=exact; reported trigger=install (high); observed trigger=install; trigger comparison=match; IOC result=no_concrete_ioc; behavior result=behavior_not_observed. Low-confidence reasons: reported behavior is only partially observed, absent, or semantically unobservable.	[]	"[""0"", ""443""]"	[]	"[""StreamTrans"", ""StreamT~ns"", ""filetop-bpfcc"", ""gnome-system-mo"", ""opensnoop-bpfcc"", ""pgrep"", ""pip"", ""sqldb:c~lite"", ""strace"", ""systemd-logind"", ""tcpstates-bpfcc""]"	"[""StreamTrans"", ""StreamT~ns"", ""filetop-bpfcc"", ""gnome-system-mo"", ""opensnoop-bpfcc"", ""pgrep"", ""sqldb:c~lite"", ""strace"", ""systemd-logind"", ""tcpstates-bpfcc""]"	"[""bind"", ""brk"", ""chmod"", ""clock_gettime"", ""close"", ""connect"", ""exit_group"", ""fcntl"", ""fstat"", ""fsync"", ""futex"", ""getcwd"", ""getdents64"", ""getpeername"", ""getpid"", ""getsockname"", ""getsockopt"", ""ioctl"", ""lseek"", ""mkdir"", ""mmap"", ""mprotect"", ""munmap"", ""newfstatat"", ""openat"", ""pipe2"", ""poll"", ""read"", ""recvfrom"", ""recvmsg"", ""rename"", ""rmdir"", ""rt_sigaction"", ""rt_sigprocmask"", ""sendmmsg"", ""sendto"", ""setsockopt"", ""socket"", ""umask"", ""uname"", ""unlink"", ""unlinkat"", ""vfork"", ""wait4"", ""write""]"	"[""clock_gettime -> clock_gettime -> clock_gettime"", ""clock_gettime -> clock_gettime -> clock_gettime -> no-error -> no-fd"", ""clock_gettime -> clock_gettime -> newfstatat"", ""clock_gettime -> clock_gettime -> newfstatat -> no-error -> no-fd"", ""clock_gettime -> newfstatat -> newfstatat"", ""clock_gettime -> newfstatat -> newfstatat -> no-error -> no-fd"", ""newfstatat -> newfstatat -> newfstatat"", ""newfstatat -> newfstatat -> newfstatat -> no-error -> no-fd"", ""read -> read -> read"", ""read -> read -> read -> no-error -> no-fd""]"	"[""ETC_DIR"", ""HOME_DIR"", ""OTHER_DIR"", ""TMP_DIR""]"					pending
8ce1633eadb48c65	qut	aws-login0tool-0.0.10.tar.gz	pypi	aws-login0tool	0.0.10	backstabbers	backstabbers:pypi:aws-login0tool:row-1232	https://www.bleepingcomputer.com/news/security/malicious-pypi-packages-with-over-10-000-downloads-taken-down/	0.0.1;0.0.10;0.0.11;0.0.12;0.0.13;0.0.14;0.0.2;0.0.3;0.0.4;0.0.5;0.0.6;0.0.7;0.0.8;0.0.9	exact	behavior_event	install	The structured source labels the package trigger as install.	https://www.bleepingcomputer.com/news/security/malicious-pypi-packages-with-over-10-000-downloads-taken-down/	high	install	"{""install"": {""package_file"": ""aws-login0tool-0.0.10.tar.gz"", ""source"": ""QUT-DV25_Install_Traces""}}"	match	0	[]	2	"[{""attribution_scope"": ""package_row_or_reference"", ""match_level"": ""behavior_not_observed"", ""observed_evidence"": ""required supporting telemetry was not observed"", ""report_evidence"": ""The structured source objective is dropper."", ""type"": ""payload_download""}, {""attribution_scope"": ""package_row_or_reference"", ""match_level"": ""behavior_partially_observed"", ""observed_evidence"": ""non-harness command or process observed without a report-specific process indicator"", ""report_evidence"": ""The structured source objective is dropper."", ""type"": ""process_execution""}]"	no_concrete_ioc	behavior_not_observed;behavior_partially_observed	low	yes	Confirm whether the reported command/process/file/network behavior occurred.	External IOC extraction=none; IOC attribution=unknown; behavior extraction=structured_objective; behavior attribution=package_row_or_reference; version=exact; reported trigger=install (high); observed trigger=install; trigger comparison=match; IOC result=no_concrete_ioc; behavior result=behavior_not_observed;behavior_partially_observed. Low-confidence reasons: reported behavior is only partially observed, absent, or semantically unobservable.	[]	"[""443"", ""80""]"	[]	"[""StreamTrans"", ""filetop-bpfcc"", ""gnome-system-mo"", ""opensnoop-bpfcc"", ""pgrep"", ""pip"", ""systemd-logind""]"	"[""StreamTrans"", ""filetop-bpfcc"", ""gnome-system-mo"", ""opensnoop-bpfcc"", ""pgrep"", ""systemd-logind""]"	"[""access"", ""bind"", ""brk"", ""clone3"", ""close"", ""connect"", ""fstat"", ""futex"", ""getcwd"", ""getdents64"", ""getpeername"", ""getpid"", ""getrandom"", ""getsockname"", ""getsockopt"", ""ioctl"", ""lseek"", ""mkdir"", ""mmap"", ""mprotect"", ""mremap"", ""munmap"", ""newfstatat"", ""openat"", ""pipe2"", ""poll"", ""read"", ""recvfrom"", ""recvmsg"", ""rename"", ""rt_sigaction"", ""rt_sigprocmask"", ""sendmmsg"", ""sendto"", ""setsockopt"", ""socket"", ""uname"", ""unlink"", ""vfork"", ""wait4"", ""write""]"	"[""close -> newfstatat -> newfstatat"", ""close -> newfstatat -> newfstatat -> no-error -> no-fd"", ""newfstatat -> newfstatat -> newfstatat"", ""newfstatat -> newfstatat -> newfstatat -> no-error -> no-fd"", ""newfstatat -> newfstatat -> openat"", ""newfstatat -> newfstatat -> openat -> no-error -> no-fd"", ""newfstatat -> openat -> fstat"", ""newfstatat -> openat -> fstat -> no-error -> no-fd"", ""read -> read -> read"", ""read -> read -> read -> no-error -> no-fd""]"	"[""ETC_DIR"", ""HOME_DIR"", ""OTHER_DIR"", ""ROOT_DIR"", ""TMP_DIR""]"					pending
d71ebc0761ec6091	qut	aws-login0tool-0.0.11.tar.gz	pypi	aws-login0tool	0.0.11	backstabbers	backstabbers:pypi:aws-login0tool:row-1232	https://www.bleepingcomputer.com/news/security/malicious-pypi-packages-with-over-10-000-downloads-taken-down/	0.0.1;0.0.10;0.0.11;0.0.12;0.0.13;0.0.14;0.0.2;0.0.3;0.0.4;0.0.5;0.0.6;0.0.7;0.0.8;0.0.9	exact	behavior_event	install	The structured source labels the package trigger as install.	https://www.bleepingcomputer.com/news/security/malicious-pypi-packages-with-over-10-000-downloads-taken-down/	high	install	"{""install"": {""package_file"": ""aws-login0tool-0.0.11.tar.gz"", ""source"": ""QUT-DV25_Install_Traces""}}"	match	0	[]	2	"[{""attribution_scope"": ""package_row_or_reference"", ""match_level"": ""behavior_not_observed"", ""observed_evidence"": ""required supporting telemetry was not observed"", ""report_evidence"": ""The structured source objective is dropper."", ""type"": ""payload_download""}, {""attribution_scope"": ""package_row_or_reference"", ""match_level"": ""behavior_not_observed"", ""observed_evidence"": ""required supporting telemetry was not observed"", ""report_evidence"": ""The structured source objective is dropper."", ""type"": ""process_execution""}]"	no_concrete_ioc	behavior_not_observed	low	yes	Confirm whether the reported command/process/file/network behavior occurred.	External IOC extraction=none; IOC attribution=unknown; behavior extraction=structured_objective; behavior attribution=package_row_or_reference; version=exact; reported trigger=install (high); observed trigger=install; trigger comparison=match; IOC result=no_concrete_ioc; behavior result=behavior_not_observed. Low-confidence reasons: reported behavior is only partially observed, absent, or semantically unobservable.	[]	"[""443"", ""80""]"	[]	[]	[]	"[""bind"", ""brk"", ""close"", ""connect"", ""exit_group"", ""fcntl"", ""fstat"", ""futex"", ""getcwd"", ""getdents64"", ""getpeername"", ""getpid"", ""getsockname"", ""getsockopt"", ""ioctl"", ""lseek"", ""mkdir"", ""mmap"", ""mprotect"", ""munmap"", ""newfstatat"", ""openat"", ""pipe2"", ""poll"", ""read"", ""recvfrom"", ""recvmsg"", ""rmdir"", ""rt_sigaction"", ""rt_sigprocmask"", ""sendmmsg"", ""sendto"", ""setsockopt"", ""socket"", ""uname"", ""unlink"", ""unlinkat"", ""vfork"", ""wait4"", ""write""]"	"[""ioctl -> ioctl -> ioctl"", ""ioctl -> ioctl -> ioctl -> no-error -> no-fd"", ""newfstatat -> newfstatat -> newfstatat"", ""newfstatat -> newfstatat -> newfstatat -> no-error -> no-fd"", ""newfstatat -> openat -> fstat"", ""newfstatat -> openat -> fstat -> no-error -> no-fd"", ""openat -> fstat -> fcntl"", ""openat -> fstat -> fcntl -> no-error -> no-fd"", ""read -> read -> read"", ""read -> read -> read -> no-error -> no-fd""]"	"[""ETC_DIR"", ""HOME_DIR"", ""OTHER_DIR"", ""ROOT_DIR"", ""TMP_DIR""]"					pending
91c9156363508c16	qut	aws-login0tool-0.0.12.tar.gz	pypi	aws-login0tool	0.0.12	backstabbers	backstabbers:pypi:aws-login0tool:row-1232	https://www.bleepingcomputer.com/news/security/malicious-pypi-packages-with-over-10-000-downloads-taken-down/	0.0.1;0.0.10;0.0.11;0.0.12;0.0.13;0.0.14;0.0.2;0.0.3;0.0.4;0.0.5;0.0.6;0.0.7;0.0.8;0.0.9	exact	behavior_event	install	The structured source labels the package trigger as install.	https://www.bleepingcomputer.com/news/security/malicious-pypi-packages-with-over-10-000-downloads-taken-down/	high	install	"{""install"": {""package_file"": ""aws-login0tool-0.0.12.tar.gz"", ""source"": ""QUT-DV25_Install_Traces""}}"	match	0	[]	2	"[{""attribution_scope"": ""package_row_or_reference"", ""match_level"": ""behavior_not_observed"", ""observed_evidence"": ""required supporting telemetry was not observed"", ""report_evidence"": ""The structured source objective is dropper."", ""type"": ""payload_download""}, {""attribution_scope"": ""package_row_or_reference"", ""match_level"": ""behavior_partially_observed"", ""observed_evidence"": ""non-harness command or process observed without a report-specific process indicator"", ""report_evidence"": ""The structured source objective is dropper."", ""type"": ""process_execution""}]"	no_concrete_ioc	behavior_not_observed;behavior_partially_observed	low	yes	Confirm whether the reported command/process/file/network behavior occurred.	External IOC extraction=none; IOC attribution=unknown; behavior extraction=structured_objective; behavior attribution=package_row_or_reference; version=exact; reported trigger=install (high); observed trigger=install; trigger comparison=match; IOC result=no_concrete_ioc; behavior result=behavior_not_observed;behavior_partially_observed. Low-confidence reasons: reported behavior is only partially observed, absent, or semantically unobservable.	[]	"[""443"", ""80""]"	[]	"[""StreamTrans"", ""StreamT~ns"", ""filetop-bpfcc"", ""gnome-system-mo"", ""opensnoop-bpfcc"", ""pgrep"", ""pip"", ""python"", ""sqldb:c~lite"", ""strace"", ""tcpstates-bpfcc""]"	"[""StreamTrans"", ""StreamT~ns"", ""filetop-bpfcc"", ""gnome-system-mo"", ""opensnoop-bpfcc"", ""pgrep"", ""sqldb:c~lite"", ""strace"", ""tcpstates-bpfcc""]"	"[""access"", ""bind"", ""brk"", ""chown"", ""close"", ""connect"", ""exit_group"", ""fcntl"", ""fstat"", ""futex"", ""getcwd"", ""getdents64"", ""geteuid"", ""getpeername"", ""getpid"", ""getrandom"", ""getsockname"", ""getsockopt"", ""ioctl"", ""lseek"", ""mkdir"", ""mmap"", ""mprotect"", ""mremap"", ""munmap"", ""newfstatat"", ""openat"", ""pipe2"", ""poll"", ""read"", ""recvfrom"", ""recvmsg"", ""rmdir"", ""rt_sigaction"", ""rt_sigprocmask"", ""sendmmsg"", ""sendto"", ""setsockopt"", ""socket"", ""umask"", ""uname"", ""unlink"", ""unlinkat"", ""utimensat"", ""vfork"", ""wait4"", ""write""]"	"[""close -> newfstatat -> newfstatat -> no-error -> no-fd"", ""fstat -> ioctl -> lseek"", ""newfstatat -> newfstatat -> newfstatat"", ""newfstatat -> newfstatat -> newfstatat -> no-error -> no-fd"", ""newfstatat -> newfstatat -> openat"", ""newfstatat -> newfstatat -> openat -> no-error -> no-fd"", ""newfstatat -> openat -> fstat"", ""newfstatat -> openat -> fstat -> no-error -> no-fd"", ""read -> read -> read"", ""read -> read -> read -> no-error -> no-fd""]"	"[""ETC_DIR"", ""HOME_DIR"", ""OTHER_DIR"", ""ROOT_DIR"", ""TMP_DIR""]"					pending
4d29be6fa0424ae1	qut	aws-login0tool-0.0.13.tar.gz	pypi	aws-login0tool	0.0.13	backstabbers	backstabbers:pypi:aws-login0tool:row-1232	https://www.bleepingcomputer.com/news/security/malicious-pypi-packages-with-over-10-000-downloads-taken-down/	0.0.1;0.0.10;0.0.11;0.0.12;0.0.13;0.0.14;0.0.2;0.0.3;0.0.4;0.0.5;0.0.6;0.0.7;0.0.8;0.0.9	exact	behavior_event	install	The structured source labels the package trigger as install.	https://www.bleepingcomputer.com/news/security/malicious-pypi-packages-with-over-10-000-downloads-taken-down/	high	install	"{""install"": {""package_file"": ""aws-login0tool-0.0.13.tar.gz"", ""source"": ""QUT-DV25_Install_Traces""}}"	match	0	[]	2	"[{""attribution_scope"": ""package_row_or_reference"", ""match_level"": ""behavior_not_observed"", ""observed_evidence"": ""required supporting telemetry was not observed"", ""report_evidence"": ""The structured source objective is dropper."", ""type"": ""payload_download""}, {""attribution_scope"": ""package_row_or_reference"", ""match_level"": ""behavior_partially_observed"", ""observed_evidence"": ""non-harness command or process observed without a report-specific process indicator"", ""report_evidence"": ""The structured source objective is dropper."", ""type"": ""process_execution""}]"	no_concrete_ioc	behavior_not_observed;behavior_partially_observed	low	yes	Confirm whether the reported command/process/file/network behavior occurred.	External IOC extraction=none; IOC attribution=unknown; behavior extraction=structured_objective; behavior attribution=package_row_or_reference; version=exact; reported trigger=install (high); observed trigger=install; trigger comparison=match; IOC result=no_concrete_ioc; behavior result=behavior_not_observed;behavior_partially_observed. Low-confidence reasons: reported behavior is only partially observed, absent, or semantically unobservable.	[]	"[""443"", ""80""]"	[]	"[""StreamTrans"", ""StreamT~ns"", ""filetop-bpfcc"", ""gnome-system-mo"", ""opensnoop-bpfcc"", ""pgrep"", ""pip"", ""python"", ""sqldb:c~lite"", ""strace"", ""tcpstates-bpfcc""]"	"[""StreamTrans"", ""StreamT~ns"", ""filetop-bpfcc"", ""gnome-system-mo"", ""opensnoop-bpfcc"", ""pgrep"", ""sqldb:c~lite"", ""strace"", ""tcpstates-bpfcc""]"	"[""access"", ""bind"", ""brk"", ""chown"", ""close"", ""connect"", ""exit_group"", ""fcntl"", ""fstat"", ""futex"", ""getcwd"", ""getdents64"", ""geteuid"", ""getpeername"", ""getpid"", ""getrandom"", ""getsockname"", ""getsockopt"", ""ioctl"", ""lseek"", ""mkdir"", ""mmap"", ""mprotect"", ""mremap"", ""munmap"", ""newfstatat"", ""openat"", ""pipe2"", ""poll"", ""read"", ""recvfrom"", ""recvmsg"", ""rmdir"", ""rt_sigaction"", ""rt_sigprocmask"", ""sendmmsg"", ""sendto"", ""setsockopt"", ""socket"", ""umask"", ""uname"", ""unlink"", ""unlinkat"", ""utimensat"", ""vfork"", ""wait4"", ""write""]"	"[""close -> newfstatat -> newfstatat -> no-error -> no-fd"", ""fstat -> ioctl -> lseek"", ""newfstatat -> newfstatat -> newfstatat"", ""newfstatat -> newfstatat -> newfstatat -> no-error -> no-fd"", ""newfstatat -> newfstatat -> openat"", ""newfstatat -> newfstatat -> openat -> no-error -> no-fd"", ""newfstatat -> openat -> fstat"", ""newfstatat -> openat -> fstat -> no-error -> no-fd"", ""read -> read -> read"", ""read -> read -> read -> no-error -> no-fd""]"	"[""ETC_DIR"", ""HOME_DIR"", ""OTHER_DIR"", ""ROOT_DIR"", ""TMP_DIR""]"					pending
92dbf1f7b6ed2d9f	qut	aws-login0tool-0.0.14.tar.gz	pypi	aws-login0tool	0.0.14	backstabbers	backstabbers:pypi:aws-login0tool:row-1232	https://www.bleepingcomputer.com/news/security/malicious-pypi-packages-with-over-10-000-downloads-taken-down/	0.0.1;0.0.10;0.0.11;0.0.12;0.0.13;0.0.14;0.0.2;0.0.3;0.0.4;0.0.5;0.0.6;0.0.7;0.0.8;0.0.9	exact	behavior_event	install	The structured source labels the package trigger as install.	https://www.bleepingcomputer.com/news/security/malicious-pypi-packages-with-over-10-000-downloads-taken-down/	high	install	"{""install"": {""package_file"": ""aws-login0tool-0.0.14.tar.gz"", ""source"": ""QUT-DV25_Install_Traces""}}"	match	0	[]	2	"[{""attribution_scope"": ""package_row_or_reference"", ""match_level"": ""behavior_not_observed"", ""observed_evidence"": ""required supporting telemetry was not observed"", ""report_evidence"": ""The structured source objective is dropper."", ""type"": ""payload_download""}, {""attribution_scope"": ""package_row_or_reference"", ""match_level"": ""behavior_partially_observed"", ""observed_evidence"": ""non-harness command or process observed without a report-specific process indicator"", ""report_evidence"": ""The structured source objective is dropper."", ""type"": ""process_execution""}]"	no_concrete_ioc	behavior_not_observed;behavior_partially_observed	low	yes	Confirm whether the reported command/process/file/network behavior occurred.	External IOC extraction=none; IOC attribution=unknown; behavior extraction=structured_objective; behavior attribution=package_row_or_reference; version=exact; reported trigger=install (high); observed trigger=install; trigger comparison=match; IOC result=no_concrete_ioc; behavior result=behavior_not_observed;behavior_partially_observed. Low-confidence reasons: reported behavior is only partially observed, absent, or semantically unobservable.	[]	"[""443"", ""80""]"	[]	"[""StreamTrans"", ""StreamT~ns"", ""filetop-bpfcc"", ""gnome-system-mo"", ""opensnoop-bpfcc"", ""pgrep"", ""pip"", ""python"", ""sqldb:c~lite"", ""strace"", ""tcpstates-bpfcc""]"	"[""StreamTrans"", ""StreamT~ns"", ""filetop-bpfcc"", ""gnome-system-mo"", ""opensnoop-bpfcc"", ""pgrep"", ""sqldb:c~lite"", ""strace"", ""tcpstates-bpfcc""]"	"[""access"", ""bind"", ""brk"", ""clone3"", ""close"", ""connect"", ""fstat"", ""futex"", ""getcwd"", ""getdents64"", ""getpeername"", ""getpid"", ""getrandom"", ""getsockname"", ""getsockopt"", ""ioctl"", ""lseek"", ""mkdir"", ""mmap"", ""mprotect"", ""mremap"", ""munmap"", ""newfstatat"", ""openat"", ""pipe2"", ""poll"", ""read"", ""recvfrom"", ""recvmsg"", ""rename"", ""rt_sigaction"", ""rt_sigprocmask"", ""sendmmsg"", ""sendto"", ""setsockopt"", ""socket"", ""uname"", ""unlink"", ""vfork"", ""wait4"", ""write""]"	"[""close -> newfstatat -> newfstatat"", ""close -> newfstatat -> newfstatat -> no-error -> no-fd"", ""newfstatat -> newfstatat -> newfstatat"", ""newfstatat -> newfstatat -> newfstatat -> no-error -> no-fd"", ""newfstatat -> newfstatat -> openat"", ""newfstatat -> newfstatat -> openat -> no-error -> no-fd"", ""newfstatat -> openat -> fstat"", ""newfstatat -> openat -> fstat -> no-error -> no-fd"", ""read -> read -> read"", ""read -> read -> read -> no-error -> no-fd""]"	"[""ETC_DIR"", ""HOME_DIR"", ""OTHER_DIR"", ""TMP_DIR""]"					pending
3867b9b050c46273	qut	aws-login0tool-0.0.3.tar.gz	pypi	aws-login0tool	0.0.3	backstabbers	backstabbers:pypi:aws-login0tool:row-1232	https://www.bleepingcomputer.com/news/security/malicious-pypi-packages-with-over-10-000-downloads-taken-down/	0.0.1;0.0.10;0.0.11;0.0.12;0.0.13;0.0.14;0.0.2;0.0.3;0.0.4;0.0.5;0.0.6;0.0.7;0.0.8;0.0.9	exact	behavior_event	install	The structured source labels the package trigger as install.	https://www.bleepingcomputer.com/news/security/malicious-pypi-packages-with-over-10-000-downloads-taken-down/	high	install	"{""install"": {""package_file"": ""aws-login0tool-0.0.3.tar.gz"", ""source"": ""QUT-DV25_Install_Traces""}}"	match	0	[]	2	"[{""attribution_scope"": ""package_row_or_reference"", ""match_level"": ""behavior_not_observed"", ""observed_evidence"": ""required supporting telemetry was not observed"", ""report_evidence"": ""The structured source objective is dropper."", ""type"": ""payload_download""}, {""attribution_scope"": ""package_row_or_reference"", ""match_level"": ""behavior_partially_observed"", ""observed_evidence"": ""non-harness command or process observed without a report-specific process indicator"", ""report_evidence"": ""The structured source objective is dropper."", ""type"": ""process_execution""}]"	no_concrete_ioc	behavior_not_observed;behavior_partially_observed	low	yes	Confirm whether the reported command/process/file/network behavior occurred.	External IOC extraction=none; IOC attribution=unknown; behavior extraction=structured_objective; behavior attribution=package_row_or_reference; version=exact; reported trigger=install (high); observed trigger=install; trigger comparison=match; IOC result=no_concrete_ioc; behavior result=behavior_not_observed;behavior_partially_observed. Low-confidence reasons: reported behavior is only partially observed, absent, or semantically unobservable.	[]	"[""443"", ""80""]"	[]	"[""StreamTrans"", ""StreamT~ns"", ""filetop-bpfcc"", ""gnome-system-mo"", ""opensnoop-bpfcc"", ""pgrep"", ""pip"", ""python"", ""sqldb:c~lite"", ""strace"", ""tcpstates-bpfcc""]"	"[""StreamTrans"", ""StreamT~ns"", ""filetop-bpfcc"", ""gnome-system-mo"", ""opensnoop-bpfcc"", ""pgrep"", ""sqldb:c~lite"", ""strace"", ""tcpstates-bpfcc""]"	"[""access"", ""bind"", ""brk"", ""clone3"", ""close"", ""connect"", ""fstat"", ""futex"", ""getcwd"", ""getdents64"", ""getpeername"", ""getpid"", ""getrandom"", ""getsockname"", ""getsockopt"", ""ioctl"", ""lseek"", ""mkdir"", ""mmap"", ""mprotect"", ""mremap"", ""munmap"", ""newfstatat"", ""openat"", ""pipe2"", ""poll"", ""read"", ""recvfrom"", ""recvmsg"", ""rename"", ""rt_sigaction"", ""rt_sigprocmask"", ""sendmmsg"", ""sendto"", ""setsockopt"", ""socket"", ""uname"", ""unlink"", ""vfork"", ""wait4"", ""write""]"	"[""close -> newfstatat -> newfstatat"", ""close -> newfstatat -> newfstatat -> no-error -> no-fd"", ""newfstatat -> newfstatat -> newfstatat"", ""newfstatat -> newfstatat -> newfstatat -> no-error -> no-fd"", ""newfstatat -> newfstatat -> openat"", ""newfstatat -> newfstatat -> openat -> no-error -> no-fd"", ""newfstatat -> openat -> fstat"", ""newfstatat -> openat -> fstat -> no-error -> no-fd"", ""read -> read -> read"", ""read -> read -> read -> no-error -> no-fd""]"	"[""ETC_DIR"", ""HOME_DIR"", ""OTHER_DIR"", ""TMP_DIR""]"					pending
3fd0de8ffa831f2b	qut	aws-login0tool-0.0.4.tar.gz	pypi	aws-login0tool	0.0.4	backstabbers	backstabbers:pypi:aws-login0tool:row-1232	https://www.bleepingcomputer.com/news/security/malicious-pypi-packages-with-over-10-000-downloads-taken-down/	0.0.1;0.0.10;0.0.11;0.0.12;0.0.13;0.0.14;0.0.2;0.0.3;0.0.4;0.0.5;0.0.6;0.0.7;0.0.8;0.0.9	exact	behavior_event	install	The structured source labels the package trigger as install.	https://www.bleepingcomputer.com/news/security/malicious-pypi-packages-with-over-10-000-downloads-taken-down/	high	install	"{""install"": {""package_file"": ""aws-login0tool-0.0.4.tar.gz"", ""source"": ""QUT-DV25_Install_Traces""}}"	match	0	[]	2	"[{""attribution_scope"": ""package_row_or_reference"", ""match_level"": ""behavior_not_observed"", ""observed_evidence"": ""required supporting telemetry was not observed"", ""report_evidence"": ""The structured source objective is dropper."", ""type"": ""payload_download""}, {""attribution_scope"": ""package_row_or_reference"", ""match_level"": ""behavior_partially_observed"", ""observed_evidence"": ""non-harness command or process observed without a report-specific process indicator"", ""report_evidence"": ""The structured source objective is dropper."", ""type"": ""process_execution""}]"	no_concrete_ioc	behavior_not_observed;behavior_partially_observed	low	yes	Confirm whether the reported command/process/file/network behavior occurred.	External IOC extraction=none; IOC attribution=unknown; behavior extraction=structured_objective; behavior attribution=package_row_or_reference; version=exact; reported trigger=install (high); observed trigger=install; trigger comparison=match; IOC result=no_concrete_ioc; behavior result=behavior_not_observed;behavior_partially_observed. Low-confidence reasons: reported behavior is only partially observed, absent, or semantically unobservable.	[]	"[""443"", ""80""]"	[]	"[""StreamTrans"", ""StreamT~ns"", ""filetop-bpfcc"", ""gnome-system-mo"", ""opensnoop-bpfcc"", ""pgrep"", ""pip"", ""python"", ""sqldb:c~lite"", ""strace"", ""systemd-logind"", ""tcpstates-bpfcc""]"	"[""StreamTrans"", ""StreamT~ns"", ""filetop-bpfcc"", ""gnome-system-mo"", ""opensnoop-bpfcc"", ""pgrep"", ""sqldb:c~lite"", ""strace"", ""systemd-logind"", ""tcpstates-bpfcc""]"	"[""bind"", ""brk"", ""chmod"", ""chown"", ""close"", ""connect"", ""exit_group"", ""fcntl"", ""fstat"", ""fsync"", ""futex"", ""getcwd"", ""getdents64"", ""geteuid"", ""getpeername"", ""getpid"", ""getrandom"", ""getsockname"", ""getsockopt"", ""ioctl"", ""lseek"", ""mkdir"", ""mmap"", ""mprotect"", ""mremap"", ""munmap"", ""newfstatat"", ""openat"", ""pipe2"", ""poll"", ""read"", ""recvfrom"", ""recvmsg"", ""rename"", ""restart_syscall"", ""rmdir"", ""rt_sigaction"", ""rt_sigprocmask"", ""sendmmsg"", ""sendto"", ""setsockopt"", ""socket"", ""umask"", ""uname"", ""unlink"", ""unlinkat"", ""utimensat"", ""vfork"", ""wait4"", ""write""]"	"[""fstat -> ioctl -> lseek"", ""fstat -> ioctl -> lseek -> no-error -> no-fd"", ""ioctl -> ioctl -> ioctl"", ""lseek -> lseek -> lseek -> no-error -> no-fd"", ""newfstatat -> newfstatat -> newfstatat"", ""newfstatat -> newfstatat -> newfstatat -> no-error -> no-fd"", ""newfstatat -> openat -> fstat"", ""newfstatat -> openat -> fstat -> no-error -> no-fd"", ""read -> read -> read"", ""read -> read -> read -> no-error -> no-fd""]"	"[""ETC_DIR"", ""HOME_DIR"", ""OTHER_DIR"", ""TMP_DIR""]"					pending
f91010e2c88fd8d2	qut	aws-login0tool-0.0.5.tar.gz	pypi	aws-login0tool	0.0.5	backstabbers	backstabbers:pypi:aws-login0tool:row-1232	https://www.bleepingcomputer.com/news/security/malicious-pypi-packages-with-over-10-000-downloads-taken-down/	0.0.1;0.0.10;0.0.11;0.0.12;0.0.13;0.0.14;0.0.2;0.0.3;0.0.4;0.0.5;0.0.6;0.0.7;0.0.8;0.0.9	exact	behavior_event	install	The structured source labels the package trigger as install.	https://www.bleepingcomputer.com/news/security/malicious-pypi-packages-with-over-10-000-downloads-taken-down/	high	install	"{""install"": {""package_file"": ""aws-login0tool-0.0.5.tar.gz"", ""source"": ""QUT-DV25_Install_Traces""}}"	match	0	[]	2	"[{""attribution_scope"": ""package_row_or_reference"", ""match_level"": ""behavior_not_observed"", ""observed_evidence"": ""required supporting telemetry was not observed"", ""report_evidence"": ""The structured source objective is dropper."", ""type"": ""payload_download""}, {""attribution_scope"": ""package_row_or_reference"", ""match_level"": ""behavior_partially_observed"", ""observed_evidence"": ""non-harness command or process observed without a report-specific process indicator"", ""report_evidence"": ""The structured source objective is dropper."", ""type"": ""process_execution""}]"	no_concrete_ioc	behavior_not_observed;behavior_partially_observed	low	yes	Confirm whether the reported command/process/file/network behavior occurred.	External IOC extraction=none; IOC attribution=unknown; behavior extraction=structured_objective; behavior attribution=package_row_or_reference; version=exact; reported trigger=install (high); observed trigger=install; trigger comparison=match; IOC result=no_concrete_ioc; behavior result=behavior_not_observed;behavior_partially_observed. Low-confidence reasons: reported behavior is only partially observed, absent, or semantically unobservable.	[]	"[""443"", ""80""]"	[]	"[""StreamTrans"", ""StreamT~ns"", ""filetop-bpfcc"", ""gnome-system-mo"", ""opensnoop-bpfcc"", ""pgrep"", ""pip"", ""python"", ""strace"", ""systemd-logind"", ""tcpstates-bpfcc""]"	"[""StreamTrans"", ""StreamT~ns"", ""filetop-bpfcc"", ""gnome-system-mo"", ""opensnoop-bpfcc"", ""pgrep"", ""strace"", ""systemd-logind"", ""tcpstates-bpfcc""]"	"[""bind"", ""brk"", ""chmod"", ""close"", ""connect"", ""exit_group"", ""fcntl"", ""fstat"", ""fsync"", ""futex"", ""getdents64"", ""getpeername"", ""getpid"", ""getsockname"", ""getsockopt"", ""ioctl"", ""lseek"", ""mkdir"", ""mmap"", ""munmap"", ""newfstatat"", ""openat"", ""poll"", ""read"", ""recvfrom"", ""recvmsg"", ""rename"", ""restart_syscall"", ""rmdir"", ""rt_sigaction"", ""sendmmsg"", ""sendto"", ""setsockopt"", ""socket"", ""umask"", ""uname"", ""unlinkat"", ""write""]"	"[""fstat -> ioctl -> lseek"", ""fstat -> ioctl -> lseek -> no-error -> no-fd"", ""ioctl -> lseek -> lseek"", ""ioctl -> lseek -> lseek -> error=ENOTTY -> no-fd"", ""newfstatat -> newfstatat -> newfstatat"", ""newfstatat -> newfstatat -> newfstatat -> no-error -> no-fd"", ""newfstatat -> openat -> fstat"", ""newfstatat -> openat -> fstat -> error=ENOENT -> no-fd"", ""openat -> fstat -> ioctl"", ""openat -> fstat -> ioctl -> no-error -> no-fd""]"	"[""ETC_DIR"", ""HOME_DIR"", ""OTHER_DIR"", ""ROOT_DIR"", ""TMP_DIR""]"					pending
501841fd3181e402	qut	aws-login0tool-0.0.6.tar.gz	pypi	aws-login0tool	0.0.6	backstabbers	backstabbers:pypi:aws-login0tool:row-1232	https://www.bleepingcomputer.com/news/security/malicious-pypi-packages-with-over-10-000-downloads-taken-down/	0.0.1;0.0.10;0.0.11;0.0.12;0.0.13;0.0.14;0.0.2;0.0.3;0.0.4;0.0.5;0.0.6;0.0.7;0.0.8;0.0.9	exact	behavior_event	install	The structured source labels the package trigger as install.	https://www.bleepingcomputer.com/news/security/malicious-pypi-packages-with-over-10-000-downloads-taken-down/	high	install	"{""install"": {""package_file"": ""aws-login0tool-0.0.6.tar.gz"", ""source"": ""QUT-DV25_Install_Traces""}}"	match	0	[]	2	"[{""attribution_scope"": ""package_row_or_reference"", ""match_level"": ""behavior_not_observed"", ""observed_evidence"": ""required supporting telemetry was not observed"", ""report_evidence"": ""The structured source objective is dropper."", ""type"": ""payload_download""}, {""attribution_scope"": ""package_row_or_reference"", ""match_level"": ""behavior_partially_observed"", ""observed_evidence"": ""non-harness command or process observed without a report-specific process indicator"", ""report_evidence"": ""The structured source objective is dropper."", ""type"": ""process_execution""}]"	no_concrete_ioc	behavior_not_observed;behavior_partially_observed	low	yes	Confirm whether the reported command/process/file/network behavior occurred.	External IOC extraction=none; IOC attribution=unknown; behavior extraction=structured_objective; behavior attribution=package_row_or_reference; version=exact; reported trigger=install (high); observed trigger=install; trigger comparison=match; IOC result=no_concrete_ioc; behavior result=behavior_not_observed;behavior_partially_observed. Low-confidence reasons: reported behavior is only partially observed, absent, or semantically unobservable.	[]	"[""443"", ""80""]"	[]	"[""StreamTrans"", ""StreamT~ns"", ""filetop-bpfcc"", ""gnome-system-mo"", ""opensnoop-bpfcc"", ""pgrep"", ""pip"", ""python"", ""strace"", ""systemd-logind"", ""tcpstates-bpfcc""]"	"[""StreamTrans"", ""StreamT~ns"", ""filetop-bpfcc"", ""gnome-system-mo"", ""opensnoop-bpfcc"", ""pgrep"", ""strace"", ""systemd-logind"", ""tcpstates-bpfcc""]"	"[""bind"", ""brk"", ""chmod"", ""close"", ""connect"", ""exit_group"", ""fcntl"", ""fstat"", ""fsync"", ""getdents64"", ""getpeername"", ""getpid"", ""getsockname"", ""getsockopt"", ""ioctl"", ""lseek"", ""mkdir"", ""mmap"", ""munmap"", ""newfstatat"", ""openat"", ""poll"", ""read"", ""recvfrom"", ""recvmsg"", ""rename"", ""rmdir"", ""rt_sigaction"", ""sendmmsg"", ""sendto"", ""setsockopt"", ""socket"", ""umask"", ""uname"", ""unlinkat"", ""write""]"	"[""fstat -> ioctl -> lseek"", ""fstat -> ioctl -> lseek -> no-error -> no-fd"", ""ioctl -> lseek -> lseek -> error=ENOTTY -> no-fd"", ""newfstatat -> newfstatat -> newfstatat"", ""newfstatat -> newfstatat -> newfstatat -> no-error -> no-fd"", ""newfstatat -> newfstatat -> openat"", ""newfstatat -> openat -> fstat"", ""newfstatat -> openat -> fstat -> error=ENOENT -> no-fd"", ""openat -> fstat -> ioctl"", ""openat -> fstat -> ioctl -> no-error -> no-fd""]"	"[""ETC_DIR"", ""HOME_DIR"", ""OTHER_DIR"", ""ROOT_DIR"", ""TMP_DIR""]"					pending
c670f10fe86583f6	qut	aws-login0tool-0.0.7.tar.gz	pypi	aws-login0tool	0.0.7	backstabbers	backstabbers:pypi:aws-login0tool:row-1232	https://www.bleepingcomputer.com/news/security/malicious-pypi-packages-with-over-10-000-downloads-taken-down/	0.0.1;0.0.10;0.0.11;0.0.12;0.0.13;0.0.14;0.0.2;0.0.3;0.0.4;0.0.5;0.0.6;0.0.7;0.0.8;0.0.9	exact	behavior_event	install	The structured source labels the package trigger as install.	https://www.bleepingcomputer.com/news/security/malicious-pypi-packages-with-over-10-000-downloads-taken-down/	high	install	"{""install"": {""package_file"": ""aws-login0tool-0.0.7.tar.gz"", ""source"": ""QUT-DV25_Install_Traces""}}"	match	0	[]	2	"[{""attribution_scope"": ""package_row_or_reference"", ""match_level"": ""behavior_not_observed"", ""observed_evidence"": ""required supporting telemetry was not observed"", ""report_evidence"": ""The structured source objective is dropper."", ""type"": ""payload_download""}, {""attribution_scope"": ""package_row_or_reference"", ""match_level"": ""behavior_partially_observed"", ""observed_evidence"": ""non-harness command or process observed without a report-specific process indicator"", ""report_evidence"": ""The structured source objective is dropper."", ""type"": ""process_execution""}]"	no_concrete_ioc	behavior_not_observed;behavior_partially_observed	low	yes	Confirm whether the reported command/process/file/network behavior occurred.	External IOC extraction=none; IOC attribution=unknown; behavior extraction=structured_objective; behavior attribution=package_row_or_reference; version=exact; reported trigger=install (high); observed trigger=install; trigger comparison=match; IOC result=no_concrete_ioc; behavior result=behavior_not_observed;behavior_partially_observed. Low-confidence reasons: reported behavior is only partially observed, absent, or semantically unobservable.	[]	"[""443"", ""80""]"	[]	"[""StreamTrans"", ""StreamT~ns"", ""filetop-bpfcc"", ""gnome-system-mo"", ""opensnoop-bpfcc"", ""pgrep"", ""pip"", ""python"", ""strace"", ""tcpstates-bpfcc""]"	"[""StreamTrans"", ""StreamT~ns"", ""filetop-bpfcc"", ""gnome-system-mo"", ""opensnoop-bpfcc"", ""pgrep"", ""strace"", ""tcpstates-bpfcc""]"	"[""bind"", ""brk"", ""chmod"", ""chown"", ""close"", ""connect"", ""exit_group"", ""fcntl"", ""fstat"", ""fsync"", ""futex"", ""getcwd"", ""getdents64"", ""geteuid"", ""getpeername"", ""getpid"", ""getsockname"", ""getsockopt"", ""ioctl"", ""lseek"", ""mkdir"", ""mmap"", ""mprotect"", ""mremap"", ""munmap"", ""newfstatat"", ""openat"", ""pipe2"", ""poll"", ""read"", ""recvfrom"", ""recvmsg"", ""rename"", ""rmdir"", ""rt_sigaction"", ""rt_sigprocmask"", ""sendmmsg"", ""sendto"", ""setsockopt"", ""socket"", ""umask"", ""uname"", ""unlink"", ""unlinkat"", ""utimensat"", ""vfork"", ""wait4"", ""write""]"	"[""ioctl -> ioctl -> ioctl"", ""lseek -> lseek -> lseek"", ""lseek -> lseek -> lseek -> no-error -> no-fd"", ""newfstatat -> newfstatat -> newfstatat"", ""newfstatat -> newfstatat -> newfstatat -> no-error -> no-fd"", ""newfstatat -> openat -> fstat"", ""newfstatat -> openat -> fstat -> no-error -> no-fd"", ""openat -> fstat -> ioctl -> no-error -> no-fd"", ""read -> read -> read"", ""read -> read -> read -> no-error -> no-fd""]"	"[""ETC_DIR"", ""HOME_DIR"", ""OTHER_DIR"", ""TMP_DIR""]"					pending
648764f894df3c25	qut	aws-login0tool-0.0.8.tar.gz	pypi	aws-login0tool	0.0.8	backstabbers	backstabbers:pypi:aws-login0tool:row-1232	https://www.bleepingcomputer.com/news/security/malicious-pypi-packages-with-over-10-000-downloads-taken-down/	0.0.1;0.0.10;0.0.11;0.0.12;0.0.13;0.0.14;0.0.2;0.0.3;0.0.4;0.0.5;0.0.6;0.0.7;0.0.8;0.0.9	exact	behavior_event	install	The structured source labels the package trigger as install.	https://www.bleepingcomputer.com/news/security/malicious-pypi-packages-with-over-10-000-downloads-taken-down/	high	install	"{""install"": {""package_file"": ""aws-login0tool-0.0.8.tar.gz"", ""source"": ""QUT-DV25_Install_Traces""}}"	match	0	[]	2	"[{""attribution_scope"": ""package_row_or_reference"", ""match_level"": ""behavior_not_observed"", ""observed_evidence"": ""required supporting telemetry was not observed"", ""report_evidence"": ""The structured source objective is dropper."", ""type"": ""payload_download""}, {""attribution_scope"": ""package_row_or_reference"", ""match_level"": ""behavior_partially_observed"", ""observed_evidence"": ""non-harness command or process observed without a report-specific process indicator"", ""report_evidence"": ""The structured source objective is dropper."", ""type"": ""process_execution""}]"	no_concrete_ioc	behavior_not_observed;behavior_partially_observed	low	yes	Confirm whether the reported command/process/file/network behavior occurred.	External IOC extraction=none; IOC attribution=unknown; behavior extraction=structured_objective; behavior attribution=package_row_or_reference; version=exact; reported trigger=install (high); observed trigger=install; trigger comparison=match; IOC result=no_concrete_ioc; behavior result=behavior_not_observed;behavior_partially_observed. Low-confidence reasons: reported behavior is only partially observed, absent, or semantically unobservable.	[]	"[""443"", ""80""]"	[]	"[""StreamTrans"", ""StreamT~ns"", ""filetop-bpfcc"", ""gnome-system-mo"", ""opensnoop-bpfcc"", ""pgrep"", ""pip"", ""python"", ""strace"", ""tcpstates-bpfcc""]"	"[""StreamTrans"", ""StreamT~ns"", ""filetop-bpfcc"", ""gnome-system-mo"", ""opensnoop-bpfcc"", ""pgrep"", ""strace"", ""tcpstates-bpfcc""]"	"[""access"", ""bind"", ""brk"", ""chmod"", ""clone3"", ""close"", ""connect"", ""exit_group"", ""fcntl"", ""fstat"", ""fsync"", ""futex"", ""getcwd"", ""getdents64"", ""getpeername"", ""getpid"", ""getrandom"", ""getsockname"", ""getsockopt"", ""ioctl"", ""lseek"", ""mkdir"", ""mmap"", ""mprotect"", ""mremap"", ""munmap"", ""newfstatat"", ""openat"", ""pipe2"", ""poll"", ""read"", ""recvfrom"", ""recvmsg"", ""rename"", ""rmdir"", ""rt_sigaction"", ""rt_sigprocmask"", ""sendmmsg"", ""sendto"", ""setsockopt"", ""socket"", ""umask"", ""uname"", ""unlink"", ""unlinkat"", ""vfork"", ""wait4"", ""write""]"	"[""fstat -> ioctl -> lseek"", ""ioctl -> lseek -> lseek"", ""ioctl -> lseek -> lseek -> error=ENOENT -> no-fd"", ""newfstatat -> newfstatat -> newfstatat"", ""newfstatat -> newfstatat -> newfstatat -> no-error -> no-fd"", ""newfstatat -> newfstatat -> openat -> no-error -> no-fd"", ""newfstatat -> openat -> fstat"", ""newfstatat -> openat -> fstat -> no-error -> no-fd"", ""openat -> fstat -> ioctl"", ""openat -> fstat -> ioctl -> no-error -> no-fd""]"	"[""ETC_DIR"", ""HOME_DIR"", ""OTHER_DIR"", ""TMP_DIR""]"					pending
0f5c463ffab47bee	qut	aws-login0tool-0.0.9.tar.gz	pypi	aws-login0tool	0.0.9	backstabbers	backstabbers:pypi:aws-login0tool:row-1232	https://www.bleepingcomputer.com/news/security/malicious-pypi-packages-with-over-10-000-downloads-taken-down/	0.0.1;0.0.10;0.0.11;0.0.12;0.0.13;0.0.14;0.0.2;0.0.3;0.0.4;0.0.5;0.0.6;0.0.7;0.0.8;0.0.9	exact	behavior_event	install	The structured source labels the package trigger as install.	https://www.bleepingcomputer.com/news/security/malicious-pypi-packages-with-over-10-000-downloads-taken-down/	high	install	"{""install"": {""package_file"": ""aws-login0tool-0.0.9.tar.gz"", ""source"": ""QUT-DV25_Install_Traces""}}"	match	0	[]	2	"[{""attribution_scope"": ""package_row_or_reference"", ""match_level"": ""behavior_not_observed"", ""observed_evidence"": ""required supporting telemetry was not observed"", ""report_evidence"": ""The structured source objective is dropper."", ""type"": ""payload_download""}, {""attribution_scope"": ""package_row_or_reference"", ""match_level"": ""behavior_not_observed"", ""observed_evidence"": ""required supporting telemetry was not observed"", ""report_evidence"": ""The structured source objective is dropper."", ""type"": ""process_execution""}]"	no_concrete_ioc	behavior_not_observed	low	yes	Confirm whether the reported command/process/file/network behavior occurred.	External IOC extraction=none; IOC attribution=unknown; behavior extraction=structured_objective; behavior attribution=package_row_or_reference; version=exact; reported trigger=install (high); observed trigger=install; trigger comparison=match; IOC result=no_concrete_ioc; behavior result=behavior_not_observed. Low-confidence reasons: reported behavior is only partially observed, absent, or semantically unobservable.	[]	"[""443"", ""80""]"	[]	[]	[]	"[""bind"", ""brk"", ""close"", ""connect"", ""exit_group"", ""fcntl"", ""fstat"", ""futex"", ""getdents64"", ""getpeername"", ""getpid"", ""getsockname"", ""getsockopt"", ""ioctl"", ""lseek"", ""mmap"", ""mprotect"", ""munmap"", ""newfstatat"", ""openat"", ""poll"", ""read"", ""recvfrom"", ""recvmsg"", ""rmdir"", ""rt_sigaction"", ""sendmmsg"", ""sendto"", ""setsockopt"", ""socket"", ""uname"", ""unlinkat"", ""wait4"", ""write""]"	"[""fstat -> fcntl -> fstat -> no-error -> no-fd"", ""ioctl -> ioctl -> ioctl"", ""newfstatat -> newfstatat -> newfstatat"", ""newfstatat -> newfstatat -> newfstatat -> no-error -> no-fd"", ""newfstatat -> openat -> fstat"", ""newfstatat -> openat -> fstat -> no-error -> no-fd"", ""openat -> fstat -> fcntl"", ""openat -> fstat -> fcntl -> no-error -> no-fd"", ""read -> read -> read"", ""read -> read -> read -> no-error -> no-fd""]"	"[""ETC_DIR"", ""HOME_DIR"", ""OTHER_DIR"", ""ROOT_DIR"", ""TMP_DIR""]"					pending
929092c7b477f929	qut	botaa3-1.0.0.tar.gz	pypi	botaa3	1.0.0	backstabbers	backstabbers:pypi:botaa3:row-1210	https://blog.sonatype.com/another-day-of-malware-malicious-botaa3-pypi-package	1.0.0	exact	behavior_event	install	The structured source labels the package trigger as install.	https://blog.sonatype.com/another-day-of-malware-malicious-botaa3-pypi-package	high	install	"{""install"": {""package_file"": ""botaa3-1.0.0.tar.gz"", ""source"": ""QUT-DV25_Install_Traces""}}"	match	0	[]	1	"[{""attribution_scope"": ""package_row_or_reference"", ""match_level"": ""behavior_unobservable"", ""observed_evidence"": ""processed telemetry cannot establish this semantic behavior"", ""report_evidence"": ""The structured source objective is backdoor."", ""type"": ""backdoor""}]"	no_concrete_ioc	behavior_unobservable	low	yes	Confirm whether the reported command/process/file/network behavior occurred.	External IOC extraction=none; IOC attribution=unknown; behavior extraction=structured_objective; behavior attribution=package_row_or_reference; version=exact; reported trigger=install (high); observed trigger=install; trigger comparison=match; IOC result=no_concrete_ioc; behavior result=behavior_unobservable. Low-confidence reasons: reported behavior is only partially observed, absent, or semantically unobservable.	[]	[]	[]	"[""StreamTrans"", ""clear"", ""filetop-bpfcc"", ""glean.dispatche"", ""gnome-system-mo"", ""gvfs-udisks2-vo"", ""opensnoop-bpfcc"", ""pgrep"", ""sqldb:c~lite"", ""strace""]"	"[""StreamTrans"", ""clear"", ""filetop-bpfcc"", ""glean.dispatche"", ""gnome-system-mo"", ""gvfs-udisks2-vo"", ""opensnoop-bpfcc"", ""pgrep"", ""sqldb:c~lite"", ""strace""]"	"[""access"", ""bind"", ""brk"", ""chown"", ""close"", ""fstat"", ""futex"", ""getcwd"", ""getdents64"", ""geteuid"", ""getpid"", ""getrandom"", ""ioctl"", ""lseek"", ""mkdir"", ""mmap"", ""mprotect"", ""mremap"", ""munmap"", ""newfstatat"", ""openat"", ""pipe2"", ""poll"", ""read"", ""rt_sigprocmask"", ""socket"", ""umask"", ""uname"", ""unlink"", ""utimensat"", ""vfork"", ""wait4"", ""write""]"	"[""close -> newfstatat -> newfstatat -> no-error -> no-fd"", ""fstat -> ioctl -> lseek"", ""newfstatat -> newfstatat -> newfstatat"", ""newfstatat -> newfstatat -> newfstatat -> no-error -> no-fd"", ""newfstatat -> newfstatat -> openat"", ""newfstatat -> newfstatat -> openat -> no-error -> no-fd"", ""newfstatat -> openat -> fstat"", ""newfstatat -> openat -> fstat -> no-error -> no-fd"", ""openat -> fstat -> ioctl"", ""openat -> fstat -> ioctl -> no-error -> no-fd""]"	"[""ETC_DIR"", ""HOME_DIR"", ""OTHER_DIR"", ""TMP_DIR""]"					pending
9839ea689d8de50c	qut	DiscordSafety-0.1.tar.gz	pypi	discordsafety	0.1	backstabbers	backstabbers:pypi:discordsafety:row-1204	https://jfrog.com/blog/python-malware-imitates-signed-pypi-traffic-in-novel-exfiltration-technique/	0.1	exact	behavior_event	install	The structured source labels the package trigger as install.	https://jfrog.com/blog/python-malware-imitates-signed-pypi-traffic-in-novel-exfiltration-technique/	high	install	"{""install"": {""package_file"": ""DiscordSafety-0.1.tar.gz"", ""source"": ""QUT-DV25_Install_Traces""}}"	match	0	[]	1	"[{""attribution_scope"": ""package_row_or_reference"", ""match_level"": ""behavior_not_observed"", ""observed_evidence"": ""required supporting telemetry was not observed"", ""report_evidence"": ""The structured source objective is data exfiltration."", ""type"": ""exfiltration""}]"	no_concrete_ioc	behavior_not_observed	low	yes	Confirm whether the reported command/process/file/network behavior occurred.	External IOC extraction=none; IOC attribution=unknown; behavior extraction=structured_objective; behavior attribution=package_row_or_reference; version=exact; reported trigger=install (high); observed trigger=install; trigger comparison=match; IOC result=no_concrete_ioc; behavior result=behavior_not_observed. Low-confidence reasons: reported behavior is only partially observed, absent, or semantically unobservable.	[]	"[""443""]"	[]	"[""Indexed~IO"", ""StreamT~ns"", ""filetop-bpfcc"", ""gnome-system-mo"", ""nautilus"", ""opensnoop-bpfcc"", ""pgrep"", ""pip"", ""sqldb:c~lite"", ""strace"", ""tcpstates-bpfcc""]"	"[""Indexed~IO"", ""StreamT~ns"", ""filetop-bpfcc"", ""gnome-system-mo"", ""nautilus"", ""opensnoop-bpfcc"", ""pgrep"", ""sqldb:c~lite"", ""strace"", ""tcpstates-bpfcc""]"	"[""bind"", ""brk"", ""chmod"", ""close"", ""connect"", ""exit_group"", ""fcntl"", ""fstat"", ""fsync"", ""futex"", ""getcwd"", ""getdents64"", ""getpeername"", ""getpid"", ""getsockname"", ""getsockopt"", ""ioctl"", ""lseek"", ""mkdir"", ""mmap"", ""mprotect"", ""munmap"", ""newfstatat"", ""openat"", ""pipe2"", ""poll"", ""read"", ""recvfrom"", ""recvmsg"", ""rename"", ""rmdir"", ""rt_sigaction"", ""rt_sigprocmask"", ""sendmmsg"", ""sendto"", ""setsockopt"", ""socket"", ""umask"", ""uname"", ""unlink"", ""unlinkat"", ""vfork"", ""wait4"", ""write""]"	"[""close -> newfstatat -> openat -> no-error -> no-fd"", ""ioctl -> ioctl -> ioctl"", ""lseek -> lseek -> lseek"", ""lseek -> lseek -> lseek -> no-error -> no-fd"", ""newfstatat -> newfstatat -> newfstatat"", ""newfstatat -> newfstatat -> newfstatat -> no-error -> no-fd"", ""newfstatat -> openat -> fstat"", ""newfstatat -> openat -> fstat -> no-error -> no-fd"", ""read -> read -> read"", ""read -> read -> read -> no-error -> no-fd""]"	"[""ETC_DIR"", ""HOME_DIR"", ""OTHER_DIR"", ""TMP_DIR""]"					pending
ff2c28406283784f	qut	distrib-0.1.tar.gz	pypi	distrib	0.1	backstabbers	backstabbers:pypi:distrib:row-120	https://github.com/rsc-dev/pypi_malware	0.1	exact	behavior_event	install	The structured source labels the package trigger as install.	https://github.com/rsc-dev/pypi_malware	high	install	"{""install"": {""package_file"": ""distrib-0.1.tar.gz"", ""source"": ""QUT-DV25_Install_Traces""}}"	match	0	[]	1	"[{""attribution_scope"": ""package_row_or_reference"", ""match_level"": ""behavior_not_observed"", ""observed_evidence"": ""required supporting telemetry was not observed"", ""report_evidence"": ""The structured source objective is data exfiltration."", ""type"": ""exfiltration""}]"	no_concrete_ioc	behavior_not_observed	low	yes	Confirm whether the reported command/process/file/network behavior occurred.	External IOC extraction=none; IOC attribution=unknown; behavior extraction=structured_objective; behavior attribution=package_row_or_reference; version=exact; reported trigger=install (high); observed trigger=install; trigger comparison=match; IOC result=no_concrete_ioc; behavior result=behavior_not_observed. Low-confidence reasons: reported behavior is only partially observed, absent, or semantically unobservable.	[]	"[""443""]"	[]	"[""Indexed~IO"", ""StreamT~ns"", ""filetop-bpfcc"", ""gnome-system-mo"", ""nautilus"", ""opensnoop-bpfcc"", ""pgrep"", ""pip"", ""sqldb:c~lite"", ""strace"", ""systemd-logind"", ""tcpstates-bpfcc""]"	"[""Indexed~IO"", ""StreamT~ns"", ""filetop-bpfcc"", ""gnome-system-mo"", ""nautilus"", ""opensnoop-bpfcc"", ""pgrep"", ""sqldb:c~lite"", ""strace"", ""systemd-logind"", ""tcpstates-bpfcc""]"	"[""access"", ""bind"", ""brk"", ""close"", ""connect"", ""exit_group"", ""fcntl"", ""fstat"", ""futex"", ""getcwd"", ""getdents64"", ""getpeername"", ""getpid"", ""getrandom"", ""getsockname"", ""getsockopt"", ""ioctl"", ""lseek"", ""mkdir"", ""mmap"", ""mprotect"", ""munmap"", ""newfstatat"", ""openat"", ""pipe2"", ""poll"", ""read"", ""readlink"", ""recvfrom"", ""recvmsg"", ""rmdir"", ""rt_sigaction"", ""rt_sigprocmask"", ""sendmmsg"", ""sendto"", ""setsockopt"", ""socket"", ""uname"", ""unlink"", ""vfork"", ""wait4"", ""write""]"	"[""close -> newfstatat -> newfstatat -> no-error -> no-fd"", ""newfstatat -> newfstatat -> newfstatat"", ""newfstatat -> newfstatat -> newfstatat -> no-error -> no-fd"", ""newfstatat -> newfstatat -> openat"", ""newfstatat -> newfstatat -> openat -> no-error -> no-fd"", ""newfstatat -> openat -> fstat"", ""newfstatat -> openat -> fstat -> no-error -> no-fd"", ""read -> read -> close"", ""read -> read -> read"", ""read -> read -> read -> no-error -> no-fd""]"	"[""ETC_DIR"", ""HOME_DIR"", ""OTHER_DIR"", ""TMP_DIR""]"					pending
1f292bbc522d09c2	qut	djanga-0.1.tar.gz	pypi	djanga	0.1	backstabbers	backstabbers:pypi:djanga:row-116	https://medium.com/@bertusk/detecting-cyber-attacks-in-the-python-package-index-pypi-61ab2b585c67	0.1;0.2;0.3;0.4	exact	behavior_event	install	The structured source labels the package trigger as install.	https://medium.com/@bertusk/detecting-cyber-attacks-in-the-python-package-index-pypi-61ab2b585c67	high	install	"{""install"": {""package_file"": ""djanga-0.1.tar.gz"", ""source"": ""QUT-DV25_Install_Traces""}}"	match	0	[]	2	"[{""attribution_scope"": ""package_row_or_reference"", ""match_level"": ""behavior_not_observed"", ""observed_evidence"": ""required supporting telemetry was not observed"", ""report_evidence"": ""The structured source objective is dropper."", ""type"": ""payload_download""}, {""attribution_scope"": ""package_row_or_reference"", ""match_level"": ""behavior_partially_observed"", ""observed_evidence"": ""non-harness command or process observed without a report-specific process indicator"", ""report_evidence"": ""The structured source objective is dropper."", ""type"": ""process_execution""}]"	no_concrete_ioc	behavior_not_observed;behavior_partially_observed	low	yes	Confirm whether the reported command/process/file/network behavior occurred.	External IOC extraction=none; IOC attribution=unknown; behavior extraction=structured_objective; behavior attribution=package_row_or_reference; version=exact; reported trigger=install (high); observed trigger=install; trigger comparison=match; IOC result=no_concrete_ioc; behavior result=behavior_not_observed;behavior_partially_observed. Low-confidence reasons: reported behavior is only partially observed, absent, or semantically unobservable.	[]	"[""443"", ""80""]"	[]	"[""Classif~date"", ""Indexed~IO"", ""StreamT~ns"", ""clear"", ""filetop-bpfcc"", ""gnome-system-mo"", ""opensnoop-bpfcc"", ""pgrep"", ""pip"", ""strace"", ""tcpstates-bpfcc""]"	"[""Classif~date"", ""Indexed~IO"", ""StreamT~ns"", ""clear"", ""filetop-bpfcc"", ""gnome-system-mo"", ""opensnoop-bpfcc"", ""pgrep"", ""strace"", ""tcpstates-bpfcc""]"	"[""clock_nanosleep"", ""close"", ""connect"", ""getpeername"", ""getsockname"", ""socket""]"	"[""clock_nanosleep -> socket -> getsockname"", ""clock_nanosleep -> socket -> getsockname -> no-error -> no-fd"", ""connect -> clock_nanosleep -> socket"", ""connect -> clock_nanosleep -> socket -> error=ETIMEDOUT -> no-fd"", ""getpeername -> close -> connect"", ""getpeername -> close -> connect -> error=ENOTCONN -> no-fd"", ""getsockname -> getpeername -> close"", ""getsockname -> getpeername -> close -> no-error -> no-fd"", ""socket -> getsockname -> getpeername"", ""socket -> getsockname -> getpeername -> no-error -> no-fd""]"	"[""ETC_DIR"", ""HOME_DIR"", ""OTHER_DIR"", ""ROOT_DIR"", ""TMP_DIR""]"					pending
5ced9c467765f578	qut	djanga-0.2.tar.gz	pypi	djanga	0.2	backstabbers	backstabbers:pypi:djanga:row-116	https://medium.com/@bertusk/detecting-cyber-attacks-in-the-python-package-index-pypi-61ab2b585c67	0.1;0.2;0.3;0.4	exact	behavior_event	install	The structured source labels the package trigger as install.	https://medium.com/@bertusk/detecting-cyber-attacks-in-the-python-package-index-pypi-61ab2b585c67	high	install	"{""install"": {""package_file"": ""djanga-0.2.tar.gz"", ""source"": ""QUT-DV25_Install_Traces""}}"	match	0	[]	2	"[{""attribution_scope"": ""package_row_or_reference"", ""match_level"": ""behavior_not_observed"", ""observed_evidence"": ""required supporting telemetry was not observed"", ""report_evidence"": ""The structured source objective is dropper."", ""type"": ""payload_download""}, {""attribution_scope"": ""package_row_or_reference"", ""match_level"": ""behavior_partially_observed"", ""observed_evidence"": ""non-harness command or process observed without a report-specific process indicator"", ""report_evidence"": ""The structured source objective is dropper."", ""type"": ""process_execution""}]"	no_concrete_ioc	behavior_not_observed;behavior_partially_observed	low	yes	Confirm whether the reported command/process/file/network behavior occurred.	External IOC extraction=none; IOC attribution=unknown; behavior extraction=structured_objective; behavior attribution=package_row_or_reference; version=exact; reported trigger=install (high); observed trigger=install; trigger comparison=match; IOC result=no_concrete_ioc; behavior result=behavior_not_observed;behavior_partially_observed. Low-confidence reasons: reported behavior is only partially observed, absent, or semantically unobservable.	[]	"[""443"", ""80""]"	[]	"[""Classif~date"", ""Indexed~IO"", ""StreamT~ns"", ""clear"", ""filetop-bpfcc"", ""gnome-system-mo"", ""opensnoop-bpfcc"", ""pgrep"", ""pip"", ""strace"", ""tcpstates-bpfcc""]"	"[""Classif~date"", ""Indexed~IO"", ""StreamT~ns"", ""clear"", ""filetop-bpfcc"", ""gnome-system-mo"", ""opensnoop-bpfcc"", ""pgrep"", ""strace"", ""tcpstates-bpfcc""]"	"[""read""]"	[]	"[""ETC_DIR"", ""HOME_DIR"", ""OTHER_DIR"", ""ROOT_DIR"", ""TMP_DIR""]"					pending
aa34308e77f11f91	qut	djanga-0.3.tar.gz	pypi	djanga	0.3	backstabbers	backstabbers:pypi:djanga:row-116	https://medium.com/@bertusk/detecting-cyber-attacks-in-the-python-package-index-pypi-61ab2b585c67	0.1;0.2;0.3;0.4	exact	behavior_event	install	The structured source labels the package trigger as install.	https://medium.com/@bertusk/detecting-cyber-attacks-in-the-python-package-index-pypi-61ab2b585c67	high	install	"{""install"": {""package_file"": ""djanga-0.3.tar.gz"", ""source"": ""QUT-DV25_Install_Traces""}}"	match	0	[]	2	"[{""attribution_scope"": ""package_row_or_reference"", ""match_level"": ""behavior_not_observed"", ""observed_evidence"": ""required supporting telemetry was not observed"", ""report_evidence"": ""The structured source objective is dropper."", ""type"": ""payload_download""}, {""attribution_scope"": ""package_row_or_reference"", ""match_level"": ""behavior_partially_observed"", ""observed_evidence"": ""non-harness command or process observed without a report-specific process indicator"", ""report_evidence"": ""The structured source objective is dropper."", ""type"": ""process_execution""}]"	no_concrete_ioc	behavior_not_observed;behavior_partially_observed	low	yes	Confirm whether the reported command/process/file/network behavior occurred.	External IOC extraction=none; IOC attribution=unknown; behavior extraction=structured_objective; behavior attribution=package_row_or_reference; version=exact; reported trigger=install (high); observed trigger=install; trigger comparison=match; IOC result=no_concrete_ioc; behavior result=behavior_not_observed;behavior_partially_observed. Low-confidence reasons: reported behavior is only partially observed, absent, or semantically unobservable.	[]	"[""443"", ""80""]"	[]	"[""Classif~date"", ""Indexed~IO"", ""StreamT~ns"", ""clear"", ""filetop-bpfcc"", ""gnome-system-mo"", ""opensnoop-bpfcc"", ""pgrep"", ""pip"", ""strace"", ""tcpstates-bpfcc""]"	"[""Classif~date"", ""Indexed~IO"", ""StreamT~ns"", ""clear"", ""filetop-bpfcc"", ""gnome-system-mo"", ""opensnoop-bpfcc"", ""pgrep"", ""strace"", ""tcpstates-bpfcc""]"	"[""bind"", ""brk"", ""chown"", ""close"", ""connect"", ""exit_group"", ""fcntl"", ""fstat"", ""futex"", ""getcwd"", ""getdents64"", ""geteuid"", ""getpeername"", ""getpid"", ""getrandom"", ""getsockname"", ""getsockopt"", ""ioctl"", ""lseek"", ""mkdir"", ""mmap"", ""mprotect"", ""mremap"", ""munmap"", ""newfstatat"", ""openat"", ""pipe2"", ""poll"", ""read"", ""recvfrom"", ""recvmsg"", ""restart_syscall"", ""rmdir"", ""rt_sigaction"", ""rt_sigprocmask"", ""sendmmsg"", ""sendto"", ""setsockopt"", ""socket"", ""umask"", ""uname"", ""unlink"", ""unlinkat"", ""utimensat"", ""vfork"", ""wait4"", ""write""]"	"[""fstat -> ioctl -> lseek -> no-error -> no-fd"", ""ioctl -> ioctl -> ioctl"", ""newfstatat -> newfstatat -> newfstatat"", ""newfstatat -> newfstatat -> newfstatat -> no-error -> no-fd"", ""newfstatat -> newfstatat -> openat"", ""newfstatat -> newfstatat -> openat -> no-error -> no-fd"", ""newfstatat -> openat -> fstat"", ""newfstatat -> openat -> fstat -> no-error -> no-fd"", ""read -> read -> read"", ""read -> read -> read -> no-error -> no-fd""]"	"[""ETC_DIR"", ""HOME_DIR"", ""OTHER_DIR"", ""TMP_DIR""]"					pending
799c50516a96a3da	qut	djanga-0.4.tar.gz	pypi	djanga	0.4	backstabbers	backstabbers:pypi:djanga:row-116	https://medium.com/@bertusk/detecting-cyber-attacks-in-the-python-package-index-pypi-61ab2b585c67	0.1;0.2;0.3;0.4	exact	behavior_event	install	The structured source labels the package trigger as install.	https://medium.com/@bertusk/detecting-cyber-attacks-in-the-python-package-index-pypi-61ab2b585c67	high	install	"{""install"": {""package_file"": ""djanga-0.4.tar.gz"", ""source"": ""QUT-DV25_Install_Traces""}}"	match	0	[]	2	"[{""attribution_scope"": ""package_row_or_reference"", ""match_level"": ""behavior_not_observed"", ""observed_evidence"": ""required supporting telemetry was not observed"", ""report_evidence"": ""The structured source objective is dropper."", ""type"": ""payload_download""}, {""attribution_scope"": ""package_row_or_reference"", ""match_level"": ""behavior_partially_observed"", ""observed_evidence"": ""non-harness command or process observed without a report-specific process indicator"", ""report_evidence"": ""The structured source objective is dropper."", ""type"": ""process_execution""}]"	no_concrete_ioc	behavior_not_observed;behavior_partially_observed	low	yes	Confirm whether the reported command/process/file/network behavior occurred.	External IOC extraction=none; IOC attribution=unknown; behavior extraction=structured_objective; behavior attribution=package_row_or_reference; version=exact; reported trigger=install (high); observed trigger=install; trigger comparison=match; IOC result=no_concrete_ioc; behavior result=behavior_not_observed;behavior_partially_observed. Low-confidence reasons: reported behavior is only partially observed, absent, or semantically unobservable.	[]	"[""443"", ""80""]"	[]	"[""StreamT~ns"", ""clear"", ""filetop-bpfcc"", ""glean.dispatche"", ""gnome-system-mo"", ""gzip"", ""opensnoop-bpfcc"", ""pgrep"", ""pip"", ""sqldb:c~lite"", ""strace"", ""systemd-logind""]"	"[""StreamT~ns"", ""clear"", ""filetop-bpfcc"", ""glean.dispatche"", ""gnome-system-mo"", ""opensnoop-bpfcc"", ""pgrep"", ""sqldb:c~lite"", ""strace"", ""systemd-logind""]"	"[""bind"", ""brk"", ""close"", ""connect"", ""exit_group"", ""fcntl"", ""fstat"", ""futex"", ""getdents64"", ""getpeername"", ""getpid"", ""getsockname"", ""getsockopt"", ""ioctl"", ""lseek"", ""mmap"", ""mprotect"", ""munmap"", ""newfstatat"", ""openat"", ""poll"", ""read"", ""recvfrom"", ""recvmsg"", ""rmdir"", ""rt_sigaction"", ""sendmmsg"", ""sendto"", ""setsockopt"", ""socket"", ""uname"", ""unlink"", ""unlinkat"", ""wait4"", ""write""]"	"[""getdents64 -> getdents64 -> close -> no-error -> no-fd"", ""ioctl -> ioctl -> ioctl"", ""newfstatat -> newfstatat -> newfstatat"", ""newfstatat -> newfstatat -> newfstatat -> no-error -> no-fd"", ""newfstatat -> newfstatat -> openat"", ""newfstatat -> newfstatat -> openat -> no-error -> no-fd"", ""newfstatat -> openat -> fstat"", ""newfstatat -> openat -> fstat -> no-error -> no-fd"", ""read -> read -> read"", ""read -> read -> read -> no-error -> no-fd""]"	"[""ETC_DIR"", ""OTHER_DIR""]"					pending
13fdf4b384c72ad8	qut	dpp_client-1.0.3.tar.gz	pypi	dpp_client	1.0.3	backstabbers	backstabbers:pypi:dpp_client:row-1233	https://www.bleepingcomputer.com/news/security/malicious-pypi-packages-with-over-10-000-downloads-taken-down/	1.0.2;1.0.3;1.0.4;1.0.5;1.0.6;1.0.7;1.0.8;1.0.9	exact	behavior_event	install	The structured source labels the package trigger as install.	https://www.bleepingcomputer.com/news/security/malicious-pypi-packages-with-over-10-000-downloads-taken-down/	high	install	"{""install"": {""package_file"": ""dpp_client-1.0.3.tar.gz"", ""source"": ""QUT-DV25_Install_Traces""}}"	match	0	[]	1	"[{""attribution_scope"": ""package_row_or_reference"", ""match_level"": ""behavior_not_observed"", ""observed_evidence"": ""required supporting telemetry was not observed"", ""report_evidence"": ""The structured source objective is data exfiltration."", ""type"": ""exfiltration""}]"	no_concrete_ioc	behavior_not_observed	low	yes	Confirm whether the reported command/process/file/network behavior occurred.	External IOC extraction=none; IOC attribution=unknown; behavior extraction=structured_objective; behavior attribution=package_row_or_reference; version=exact; reported trigger=install (high); observed trigger=install; trigger comparison=match; IOC result=no_concrete_ioc; behavior result=behavior_not_observed. Low-confidence reasons: reported behavior is only partially observed, absent, or semantically unobservable.	[]	"[""443""]"	[]	"[""StreamTrans"", ""filetop-bpfcc"", ""gnome-system-mo"", ""grep"", ""opensnoop-bpfcc"", ""pgrep"", ""pip"", ""sqldb:c~lite"", ""strace"", ""systemd-logind""]"	"[""StreamTrans"", ""filetop-bpfcc"", ""gnome-system-mo"", ""grep"", ""opensnoop-bpfcc"", ""pgrep"", ""sqldb:c~lite"", ""strace"", ""systemd-logind""]"	"[""access"", ""bind"", ""brk"", ""chown"", ""close"", ""connect"", ""exit_group"", ""fcntl"", ""fstat"", ""futex"", ""getcwd"", ""getdents64"", ""geteuid"", ""getpeername"", ""getpid"", ""getrandom"", ""getsockname"", ""getsockopt"", ""ioctl"", ""lseek"", ""mkdir"", ""mmap"", ""mprotect"", ""mremap"", ""munmap"", ""newfstatat"", ""openat"", ""pipe2"", ""poll"", ""read"", ""recvfrom"", ""recvmsg"", ""rmdir"", ""rt_sigaction"", ""rt_sigprocmask"", ""sendmmsg"", ""sendto"", ""setsockopt"", ""socket"", ""umask"", ""uname"", ""unlink"", ""unlinkat"", ""utimensat"", ""vfork"", ""wait4"", ""write""]"	"[""close -> newfstatat -> newfstatat -> no-error -> no-fd"", ""fstat -> ioctl -> lseek"", ""newfstatat -> newfstatat -> newfstatat"", ""newfstatat -> newfstatat -> newfstatat -> no-error -> no-fd"", ""newfstatat -> newfstatat -> openat"", ""newfstatat -> newfstatat -> openat -> no-error -> no-fd"", ""newfstatat -> openat -> fstat"", ""newfstatat -> openat -> fstat -> no-error -> no-fd"", ""read -> read -> read"", ""read -> read -> read -> no-error -> no-fd""]"	"[""ETC_DIR"", ""HOME_DIR"", ""OTHER_DIR"", ""ROOT_DIR"", ""TMP_DIR""]"					pending
c4d3cb334183ec85	qut	dpp_client-1.0.4.tar.gz	pypi	dpp_client	1.0.4	backstabbers	backstabbers:pypi:dpp_client:row-1233	https://www.bleepingcomputer.com/news/security/malicious-pypi-packages-with-over-10-000-downloads-taken-down/	1.0.2;1.0.3;1.0.4;1.0.5;1.0.6;1.0.7;1.0.8;1.0.9	exact	behavior_event	install	The structured source labels the package trigger as install.	https://www.bleepingcomputer.com/news/security/malicious-pypi-packages-with-over-10-000-downloads-taken-down/	high	install	"{""install"": {""package_file"": ""dpp_client-1.0.4.tar.gz"", ""source"": ""QUT-DV25_Install_Traces""}}"	match	0	[]	1	"[{""attribution_scope"": ""package_row_or_reference"", ""match_level"": ""behavior_not_observed"", ""observed_evidence"": ""required supporting telemetry was not observed"", ""report_evidence"": ""The structured source objective is data exfiltration."", ""type"": ""exfiltration""}]"	no_concrete_ioc	behavior_not_observed	low	yes	Confirm whether the reported command/process/file/network behavior occurred.	External IOC extraction=none; IOC attribution=unknown; behavior extraction=structured_objective; behavior attribution=package_row_or_reference; version=exact; reported trigger=install (high); observed trigger=install; trigger comparison=match; IOC result=no_concrete_ioc; behavior result=behavior_not_observed. Low-confidence reasons: reported behavior is only partially observed, absent, or semantically unobservable.	[]	"[""443""]"	[]	"[""StreamTrans"", ""filetop-bpfcc"", ""gnome-system-mo"", ""nautilus"", ""opensnoop-bpfcc"", ""pgrep"", ""pip"", ""sqldb:c~lite"", ""strace"", ""tcpstates-bpfcc""]"	"[""StreamTrans"", ""filetop-bpfcc"", ""gnome-system-mo"", ""nautilus"", ""opensnoop-bpfcc"", ""pgrep"", ""sqldb:c~lite"", ""strace"", ""tcpstates-bpfcc""]"	"[""access"", ""bind"", ""brk"", ""clone3"", ""close"", ""connect"", ""fstat"", ""futex"", ""getcwd"", ""getdents64"", ""getpeername"", ""getpid"", ""getrandom"", ""getsockname"", ""getsockopt"", ""ioctl"", ""lseek"", ""mkdir"", ""mmap"", ""mprotect"", ""mremap"", ""munmap"", ""newfstatat"", ""openat"", ""pipe2"", ""poll"", ""read"", ""recvfrom"", ""recvmsg"", ""rename"", ""rt_sigaction"", ""rt_sigprocmask"", ""sendmmsg"", ""sendto"", ""setsockopt"", ""socket"", ""uname"", ""unlink"", ""vfork"", ""wait4"", ""write""]"	"[""close -> newfstatat -> newfstatat"", ""close -> newfstatat -> newfstatat -> no-error -> no-fd"", ""newfstatat -> newfstatat -> newfstatat"", ""newfstatat -> newfstatat -> newfstatat -> no-error -> no-fd"", ""newfstatat -> newfstatat -> openat"", ""newfstatat -> newfstatat -> openat -> no-error -> no-fd"", ""newfstatat -> openat -> fstat"", ""newfstatat -> openat -> fstat -> no-error -> no-fd"", ""read -> read -> read"", ""read -> read -> read -> no-error -> no-fd""]"	"[""ETC_DIR"", ""HOME_DIR"", ""OTHER_DIR"", ""ROOT_DIR"", ""TMP_DIR""]"					pending
2fea752b64152098	qut	dpp_client-1.0.5.tar.gz	pypi	dpp_client	1.0.5	backstabbers	backstabbers:pypi:dpp_client:row-1233	https://www.bleepingcomputer.com/news/security/malicious-pypi-packages-with-over-10-000-downloads-taken-down/	1.0.2;1.0.3;1.0.4;1.0.5;1.0.6;1.0.7;1.0.8;1.0.9	exact	behavior_event	install	The structured source labels the package trigger as install.	https://www.bleepingcomputer.com/news/security/malicious-pypi-packages-with-over-10-000-downloads-taken-down/	high	install	"{""install"": {""package_file"": ""dpp_client-1.0.5.tar.gz"", ""source"": ""QUT-DV25_Install_Traces""}}"	match	0	[]	1	"[{""attribution_scope"": ""package_row_or_reference"", ""match_level"": ""behavior_not_observed"", ""observed_evidence"": ""required supporting telemetry was not observed"", ""report_evidence"": ""The structured source objective is data exfiltration."", ""type"": ""exfiltration""}]"	no_concrete_ioc	behavior_not_observed	low	yes	Confirm whether the reported command/process/file/network behavior occurred.	External IOC extraction=none; IOC attribution=unknown; behavior extraction=structured_objective; behavior attribution=package_row_or_reference; version=exact; reported trigger=install (high); observed trigger=install; trigger comparison=match; IOC result=no_concrete_ioc; behavior result=behavior_not_observed. Low-confidence reasons: reported behavior is only partially observed, absent, or semantically unobservable.	[]	"[""443""]"	[]	"[""StreamTrans"", ""filetop-bpfcc"", ""gnome-system-mo"", ""nautilus"", ""opensnoop-bpfcc"", ""pgrep"", ""pip"", ""sqldb:c~lite"", ""strace"", ""tcpstates-bpfcc""]"	"[""StreamTrans"", ""filetop-bpfcc"", ""gnome-system-mo"", ""nautilus"", ""opensnoop-bpfcc"", ""pgrep"", ""sqldb:c~lite"", ""strace"", ""tcpstates-bpfcc""]"	"[""access"", ""bind"", ""brk"", ""chown"", ""close"", ""connect"", ""exit_group"", ""fcntl"", ""fstat"", ""futex"", ""getcwd"", ""getdents64"", ""geteuid"", ""getpeername"", ""getpid"", ""getrandom"", ""getsockname"", ""getsockopt"", ""ioctl"", ""lseek"", ""mkdir"", ""mmap"", ""mprotect"", ""mremap"", ""munmap"", ""newfstatat"", ""openat"", ""pipe2"", ""poll"", ""read"", ""recvfrom"", ""recvmsg"", ""rmdir"", ""rt_sigaction"", ""rt_sigprocmask"", ""sendmmsg"", ""sendto"", ""setsockopt"", ""socket"", ""umask"", ""uname"", ""unlink"", ""unlinkat"", ""utimensat"", ""vfork"", ""wait4"", ""write""]"	"[""fstat -> ioctl -> lseek"", ""newfstatat -> newfstatat -> newfstatat"", ""newfstatat -> newfstatat -> newfstatat -> no-error -> no-fd"", ""newfstatat -> newfstatat -> openat"", ""newfstatat -> newfstatat -> openat -> no-error -> no-fd"", ""newfstatat -> openat -> fstat"", ""newfstatat -> openat -> fstat -> no-error -> no-fd"", ""openat -> fstat -> ioctl -> no-error -> no-fd"", ""read -> read -> read"", ""read -> read -> read -> no-error -> no-fd""]"	"[""ETC_DIR"", ""HOME_DIR"", ""OTHER_DIR"", ""ROOT_DIR"", ""TMP_DIR""]"					pending
a19e4648e7875e0d	qut	dpp_client-1.0.6.tar.gz	pypi	dpp_client	1.0.6	backstabbers	backstabbers:pypi:dpp_client:row-1233	https://www.bleepingcomputer.com/news/security/malicious-pypi-packages-with-over-10-000-downloads-taken-down/	1.0.2;1.0.3;1.0.4;1.0.5;1.0.6;1.0.7;1.0.8;1.0.9	exact	behavior_event	install	The structured source labels the package trigger as install.	https://www.bleepingcomputer.com/news/security/malicious-pypi-packages-with-over-10-000-downloads-taken-down/	high	install	"{""install"": {""package_file"": ""dpp_client-1.0.6.tar.gz"", ""source"": ""QUT-DV25_Install_Traces""}}"	match	0	[]	1	"[{""attribution_scope"": ""package_row_or_reference"", ""match_level"": ""behavior_not_observed"", ""observed_evidence"": ""required supporting telemetry was not observed"", ""report_evidence"": ""The structured source objective is data exfiltration."", ""type"": ""exfiltration""}]"	no_concrete_ioc	behavior_not_observed	low	yes	Confirm whether the reported command/process/file/network behavior occurred.	External IOC extraction=none; IOC attribution=unknown; behavior extraction=structured_objective; behavior attribution=package_row_or_reference; version=exact; reported trigger=install (high); observed trigger=install; trigger comparison=match; IOC result=no_concrete_ioc; behavior result=behavior_not_observed. Low-confidence reasons: reported behavior is only partially observed, absent, or semantically unobservable.	[]	"[""443""]"	[]	[]	[]	"[""access"", ""bind"", ""brk"", ""chown"", ""close"", ""connect"", ""exit_group"", ""fcntl"", ""fstat"", ""futex"", ""getcwd"", ""getdents64"", ""geteuid"", ""getpeername"", ""getpid"", ""getrandom"", ""getsockname"", ""getsockopt"", ""ioctl"", ""lseek"", ""mkdir"", ""mmap"", ""mprotect"", ""mremap"", ""munmap"", ""newfstatat"", ""openat"", ""pipe2"", ""poll"", ""read"", ""recvfrom"", ""recvmsg"", ""rmdir"", ""rt_sigaction"", ""rt_sigprocmask"", ""sendmmsg"", ""sendto"", ""setsockopt"", ""socket"", ""umask"", ""uname"", ""unlink"", ""unlinkat"", ""utimensat"", ""vfork"", ""wait4"", ""write""]"	"[""fstat -> ioctl -> lseek"", ""newfstatat -> newfstatat -> newfstatat"", ""newfstatat -> newfstatat -> newfstatat -> no-error -> no-fd"", ""newfstatat -> newfstatat -> openat"", ""newfstatat -> newfstatat -> openat -> no-error -> no-fd"", ""newfstatat -> openat -> fstat"", ""newfstatat -> openat -> fstat -> no-error -> no-fd"", ""openat -> fstat -> ioctl -> no-error -> no-fd"", ""read -> read -> read"", ""read -> read -> read -> no-error -> no-fd""]"	"[""ETC_DIR"", ""HOME_DIR"", ""OTHER_DIR"", ""ROOT_DIR"", ""TMP_DIR""]"					pending
abf6a4d63e98d21a	qut	dpp_client-1.0.7.tar.gz	pypi	dpp_client	1.0.7	backstabbers	backstabbers:pypi:dpp_client:row-1233	https://www.bleepingcomputer.com/news/security/malicious-pypi-packages-with-over-10-000-downloads-taken-down/	1.0.2;1.0.3;1.0.4;1.0.5;1.0.6;1.0.7;1.0.8;1.0.9	exact	behavior_event	install	The structured source labels the package trigger as install.	https://www.bleepingcomputer.com/news/security/malicious-pypi-packages-with-over-10-000-downloads-taken-down/	high	install	"{""install"": {""package_file"": ""dpp_client-1.0.7.tar.gz"", ""source"": ""QUT-DV25_Install_Traces""}}"	match	0	[]	1	"[{""attribution_scope"": ""package_row_or_reference"", ""match_level"": ""behavior_not_observed"", ""observed_evidence"": ""required supporting telemetry was not observed"", ""report_evidence"": ""The structured source objective is data exfiltration."", ""type"": ""exfiltration""}]"	no_concrete_ioc	behavior_not_observed	low	yes	Confirm whether the reported command/process/file/network behavior occurred.	External IOC extraction=none; IOC attribution=unknown; behavior extraction=structured_objective; behavior attribution=package_row_or_reference; version=exact; reported trigger=install (high); observed trigger=install; trigger comparison=match; IOC result=no_concrete_ioc; behavior result=behavior_not_observed. Low-confidence reasons: reported behavior is only partially observed, absent, or semantically unobservable.	[]	"[""443""]"	[]	"[""StreamTrans"", ""filetop-bpfcc"", ""gnome-system-mo"", ""opensnoop-bpfcc"", ""pgrep"", ""pip"", ""sqldb:c~lite"", ""strace"", ""tcpstates-bpfcc""]"	"[""StreamTrans"", ""filetop-bpfcc"", ""gnome-system-mo"", ""opensnoop-bpfcc"", ""pgrep"", ""sqldb:c~lite"", ""strace"", ""tcpstates-bpfcc""]"	"[""access"", ""bind"", ""brk"", ""chown"", ""close"", ""connect"", ""exit_group"", ""fcntl"", ""fstat"", ""futex"", ""getcwd"", ""getdents64"", ""geteuid"", ""getpeername"", ""getpid"", ""getrandom"", ""getsockname"", ""getsockopt"", ""ioctl"", ""lseek"", ""mkdir"", ""mmap"", ""mprotect"", ""mremap"", ""munmap"", ""newfstatat"", ""openat"", ""pipe2"", ""poll"", ""read"", ""recvfrom"", ""recvmsg"", ""rmdir"", ""rt_sigaction"", ""rt_sigprocmask"", ""sendmmsg"", ""sendto"", ""setsockopt"", ""socket"", ""umask"", ""uname"", ""unlink"", ""unlinkat"", ""utimensat"", ""vfork"", ""wait4"", ""write""]"	"[""fstat -> ioctl -> lseek"", ""newfstatat -> newfstatat -> newfstatat"", ""newfstatat -> newfstatat -> newfstatat -> no-error -> no-fd"", ""newfstatat -> newfstatat -> openat"", ""newfstatat -> newfstatat -> openat -> no-error -> no-fd"", ""newfstatat -> openat -> fstat"", ""newfstatat -> openat -> fstat -> no-error -> no-fd"", ""openat -> fstat -> ioctl -> no-error -> no-fd"", ""read -> read -> read"", ""read -> read -> read -> no-error -> no-fd""]"	"[""ETC_DIR"", ""HOME_DIR"", ""OTHER_DIR"", ""TMP_DIR""]"					pending
89ab4abf4d3cef64	qut	dpp_client-1.0.8.tar.gz	pypi	dpp_client	1.0.8	backstabbers	backstabbers:pypi:dpp_client:row-1233	https://www.bleepingcomputer.com/news/security/malicious-pypi-packages-with-over-10-000-downloads-taken-down/	1.0.2;1.0.3;1.0.4;1.0.5;1.0.6;1.0.7;1.0.8;1.0.9	exact	behavior_event	install	The structured source labels the package trigger as install.	https://www.bleepingcomputer.com/news/security/malicious-pypi-packages-with-over-10-000-downloads-taken-down/	high	install	"{""install"": {""package_file"": ""dpp_client-1.0.8.tar.gz"", ""source"": ""QUT-DV25_Install_Traces""}}"	match	0	[]	1	"[{""attribution_scope"": ""package_row_or_reference"", ""match_level"": ""behavior_not_observed"", ""observed_evidence"": ""required supporting telemetry was not observed"", ""report_evidence"": ""The structured source objective is data exfiltration."", ""type"": ""exfiltration""}]"	no_concrete_ioc	behavior_not_observed	low	yes	Confirm whether the reported command/process/file/network behavior occurred.	External IOC extraction=none; IOC attribution=unknown; behavior extraction=structured_objective; behavior attribution=package_row_or_reference; version=exact; reported trigger=install (high); observed trigger=install; trigger comparison=match; IOC result=no_concrete_ioc; behavior result=behavior_not_observed. Low-confidence reasons: reported behavior is only partially observed, absent, or semantically unobservable.	[]	"[""443""]"	[]	"[""StreamTrans"", ""filetop-bpfcc"", ""gnome-system-mo"", ""opensnoop-bpfcc"", ""pgrep"", ""pip"", ""sqldb:c~lite"", ""strace"", ""tcpstates-bpfcc""]"	"[""StreamTrans"", ""filetop-bpfcc"", ""gnome-system-mo"", ""opensnoop-bpfcc"", ""pgrep"", ""sqldb:c~lite"", ""strace"", ""tcpstates-bpfcc""]"	"[""access"", ""bind"", ""brk"", ""chmod"", ""clone3"", ""close"", ""connect"", ""exit_group"", ""fcntl"", ""fstat"", ""fsync"", ""futex"", ""getcwd"", ""getdents64"", ""getpeername"", ""getpid"", ""getrandom"", ""getsockname"", ""getsockopt"", ""ioctl"", ""lseek"", ""mkdir"", ""mmap"", ""mprotect"", ""mremap"", ""munmap"", ""newfstatat"", ""openat"", ""pipe2"", ""poll"", ""read"", ""recvfrom"", ""recvmsg"", ""rename"", ""rmdir"", ""rt_sigaction"", ""rt_sigprocmask"", ""sendmmsg"", ""sendto"", ""setsockopt"", ""socket"", ""umask"", ""uname"", ""unlink"", ""unlinkat"", ""vfork"", ""wait4"", ""write""]"	"[""fstat -> ioctl -> lseek"", ""ioctl -> lseek -> lseek"", ""ioctl -> lseek -> lseek -> error=ENOENT -> no-fd"", ""newfstatat -> newfstatat -> newfstatat"", ""newfstatat -> newfstatat -> newfstatat -> no-error -> no-fd"", ""newfstatat -> newfstatat -> openat -> no-error -> no-fd"", ""newfstatat -> openat -> fstat"", ""newfstatat -> openat -> fstat -> no-error -> no-fd"", ""openat -> fstat -> ioctl"", ""openat -> fstat -> ioctl -> no-error -> no-fd""]"	"[""ETC_DIR"", ""HOME_DIR"", ""OTHER_DIR"", ""TMP_DIR""]"					pending
95e0091aee4a6b59	qut	dpp_client-1.0.9.tar.gz	pypi	dpp_client	1.0.9	backstabbers	backstabbers:pypi:dpp_client:row-1233	https://www.bleepingcomputer.com/news/security/malicious-pypi-packages-with-over-10-000-downloads-taken-down/	1.0.2;1.0.3;1.0.4;1.0.5;1.0.6;1.0.7;1.0.8;1.0.9	exact	behavior_event	install	The structured source labels the package trigger as install.	https://www.bleepingcomputer.com/news/security/malicious-pypi-packages-with-over-10-000-downloads-taken-down/	high	install	"{""install"": {""package_file"": ""dpp_client-1.0.9.tar.gz"", ""source"": ""QUT-DV25_Install_Traces""}}"	match	0	[]	1	"[{""attribution_scope"": ""package_row_or_reference"", ""match_level"": ""behavior_not_observed"", ""observed_evidence"": ""required supporting telemetry was not observed"", ""report_evidence"": ""The structured source objective is data exfiltration."", ""type"": ""exfiltration""}]"	no_concrete_ioc	behavior_not_observed	low	yes	Confirm whether the reported command/process/file/network behavior occurred.	External IOC extraction=none; IOC attribution=unknown; behavior extraction=structured_objective; behavior attribution=package_row_or_reference; version=exact; reported trigger=install (high); observed trigger=install; trigger comparison=match; IOC result=no_concrete_ioc; behavior result=behavior_not_observed. Low-confidence reasons: reported behavior is only partially observed, absent, or semantically unobservable.	[]	"[""443""]"	[]	"[""StreamTrans"", ""filetop-bpfcc"", ""gnome-system-mo"", ""opensnoop-bpfcc"", ""pgrep"", ""pip"", ""sqldb:c~lite"", ""strace"", ""tcpstates-bpfcc""]"	"[""StreamTrans"", ""filetop-bpfcc"", ""gnome-system-mo"", ""opensnoop-bpfcc"", ""pgrep"", ""sqldb:c~lite"", ""strace"", ""tcpstates-bpfcc""]"	"[""access"", ""bind"", ""brk"", ""chmod"", ""clone3"", ""close"", ""connect"", ""exit_group"", ""fcntl"", ""fstat"", ""fsync"", ""futex"", ""getcwd"", ""getdents64"", ""getpeername"", ""getpid"", ""getrandom"", ""getsockname"", ""getsockopt"", ""ioctl"", ""lseek"", ""mkdir"", ""mmap"", ""mprotect"", ""mremap"", ""munmap"", ""newfstatat"", ""openat"", ""pipe2"", ""poll"", ""read"", ""recvfrom"", ""recvmsg"", ""rename"", ""rmdir"", ""rt_sigaction"", ""rt_sigprocmask"", ""sendmmsg"", ""sendto"", ""setsockopt"", ""socket"", ""umask"", ""uname"", ""unlink"", ""unlinkat"", ""vfork"", ""wait4"", ""write""]"	"[""fstat -> ioctl -> lseek"", ""ioctl -> lseek -> lseek"", ""ioctl -> lseek -> lseek -> error=ENOENT -> no-fd"", ""newfstatat -> newfstatat -> newfstatat"", ""newfstatat -> newfstatat -> newfstatat -> no-error -> no-fd"", ""newfstatat -> newfstatat -> openat -> no-error -> no-fd"", ""newfstatat -> openat -> fstat"", ""newfstatat -> openat -> fstat -> no-error -> no-fd"", ""openat -> fstat -> ioctl"", ""openat -> fstat -> ioctl -> no-error -> no-fd""]"	"[""ETC_DIR"", ""HOME_DIR"", ""OTHER_DIR"", ""ROOT_DIR"", ""TMP_DIR""]"					pending
6b9654c486fcfacd	qut	dpp_client1234-1.0.5.tar.gz	pypi	dpp_client1234	1.0.5	backstabbers	backstabbers:pypi:dpp_client1234:row-1234	https://www.bleepingcomputer.com/news/security/malicious-pypi-packages-with-over-10-000-downloads-taken-down/	1.0.5	exact	behavior_event	install	The structured source labels the package trigger as install.	https://www.bleepingcomputer.com/news/security/malicious-pypi-packages-with-over-10-000-downloads-taken-down/	high	install	"{""install"": {""package_file"": ""dpp_client1234-1.0.5.tar.gz"", ""source"": ""QUT-DV25_Install_Traces""}}"	match	0	[]	1	"[{""attribution_scope"": ""package_row_or_reference"", ""match_level"": ""behavior_not_observed"", ""observed_evidence"": ""required supporting telemetry was not observed"", ""report_evidence"": ""The structured source objective is data exfiltration."", ""type"": ""exfiltration""}]"	no_concrete_ioc	behavior_not_observed	low	yes	Confirm whether the reported command/process/file/network behavior occurred.	External IOC extraction=none; IOC attribution=unknown; behavior extraction=structured_objective; behavior attribution=package_row_or_reference; version=exact; reported trigger=install (high); observed trigger=install; trigger comparison=match; IOC result=no_concrete_ioc; behavior result=behavior_not_observed. Low-confidence reasons: reported behavior is only partially observed, absent, or semantically unobservable.	[]	"[""443""]"	[]	"[""StreamTrans"", ""filetop-bpfcc"", ""gnome-system-mo"", ""nautilus"", ""opensnoop-bpfcc"", ""pgrep"", ""pip"", ""sqldb:c~lite"", ""strace"", ""tcpstates-bpfcc""]"	"[""StreamTrans"", ""filetop-bpfcc"", ""gnome-system-mo"", ""nautilus"", ""opensnoop-bpfcc"", ""pgrep"", ""sqldb:c~lite"", ""strace"", ""tcpstates-bpfcc""]"	"[""bind"", ""brk"", ""close"", ""connect"", ""exit_group"", ""fcntl"", ""fstat"", ""futex"", ""getdents64"", ""getpeername"", ""getpid"", ""getsockname"", ""getsockopt"", ""ioctl"", ""lseek"", ""mmap"", ""munmap"", ""newfstatat"", ""openat"", ""poll"", ""read"", ""recvfrom"", ""recvmsg"", ""restart_syscall"", ""rmdir"", ""rt_sigaction"", ""sendmmsg"", ""sendto"", ""setsockopt"", ""socket"", ""uname"", ""unlink"", ""unlinkat"", ""write""]"	"[""newfstatat -> newfstatat -> newfstatat"", ""newfstatat -> newfstatat -> newfstatat -> no-error -> no-fd"", ""newfstatat -> newfstatat -> openat"", ""newfstatat -> newfstatat -> openat -> no-error -> no-fd"", ""newfstatat -> openat -> fstat"", ""newfstatat -> openat -> fstat -> no-error -> no-fd"", ""openat -> fstat -> fcntl"", ""openat -> fstat -> fcntl -> no-error -> no-fd"", ""read -> read -> read"", ""read -> read -> read -> no-error -> no-fd""]"	"[""ETC_DIR"", ""HOME_DIR"", ""OTHER_DIR"", ""TMP_DIR""]"					pending
7400545e9621baa0	qut	easyfuncsys-0.0.1.tar.gz	pypi	easyfuncsys	0.0.1	backstabbers	backstabbers:pypi:easyfuncsys:row-1242	https://blog.sonatype.com/malicious-roblox-cookie-and-discord-token-stealers-hit-pypi-repository	0.0.1;0.0.2;0.0.3;0.0.4	exact	behavior_event	install	The structured source labels the package trigger as install.	https://blog.sonatype.com/malicious-roblox-cookie-and-discord-token-stealers-hit-pypi-repository	high	install	"{""install"": {""package_file"": ""easyfuncsys-0.0.1.tar.gz"", ""source"": ""QUT-DV25_Install_Traces""}}"	match	0	[]	2	"[{""attribution_scope"": ""package_row_or_reference"", ""match_level"": ""behavior_not_observed"", ""observed_evidence"": ""required supporting telemetry was not observed"", ""report_evidence"": ""The structured source objective is dropper."", ""type"": ""payload_download""}, {""attribution_scope"": ""package_row_or_reference"", ""match_level"": ""behavior_partially_observed"", ""observed_evidence"": ""non-harness command or process observed without a report-specific process indicator"", ""report_evidence"": ""The structured source objective is dropper."", ""type"": ""process_execution""}]"	no_concrete_ioc	behavior_not_observed;behavior_partially_observed	low	yes	Confirm whether the reported command/process/file/network behavior occurred.	External IOC extraction=none; IOC attribution=unknown; behavior extraction=structured_objective; behavior attribution=package_row_or_reference; version=exact; reported trigger=install (high); observed trigger=install; trigger comparison=match; IOC result=no_concrete_ioc; behavior result=behavior_not_observed;behavior_partially_observed. Low-confidence reasons: reported behavior is only partially observed, absent, or semantically unobservable.	[]	"[""443""]"	[]	"[""Classif~date"", ""StreamTrans"", ""filetop-bpfcc"", ""gnome-system-mo"", ""opensnoop-bpfcc"", ""pgrep"", ""pip"", ""sqldb:c~lite"", ""strace"", ""systemd-logind"", ""tcpstates-bpfcc""]"	"[""Classif~date"", ""StreamTrans"", ""filetop-bpfcc"", ""gnome-system-mo"", ""opensnoop-bpfcc"", ""pgrep"", ""sqldb:c~lite"", ""strace"", ""systemd-logind"", ""tcpstates-bpfcc""]"	"[""bind"", ""brk"", ""chmod"", ""clone3"", ""close"", ""connect"", ""exit_group"", ""fcntl"", ""fstat"", ""fsync"", ""futex"", ""getcwd"", ""getdents64"", ""getpeername"", ""getpid"", ""getsockname"", ""getsockopt"", ""ioctl"", ""lseek"", ""mkdir"", ""mmap"", ""mprotect"", ""mremap"", ""munmap"", ""newfstatat"", ""openat"", ""poll"", ""read"", ""recvfrom"", ""recvmsg"", ""rename"", ""restart_syscall"", ""rmdir"", ""rt_sigaction"", ""rt_sigprocmask"", ""sendmmsg"", ""sendto"", ""setsockopt"", ""socket"", ""umask"", ""uname"", ""unlinkat"", ""write""]"	"[""fstat -> ioctl -> lseek"", ""fstat -> ioctl -> lseek -> no-error -> no-fd"", ""ioctl -> lseek -> lseek"", ""ioctl -> lseek -> lseek -> error=ENOTTY -> no-fd"", ""newfstatat -> newfstatat -> newfstatat"", ""newfstatat -> newfstatat -> newfstatat -> no-error -> no-fd"", ""newfstatat -> openat -> fstat"", ""newfstatat -> openat -> fstat -> error=ENOENT -> no-fd"", ""openat -> fstat -> ioctl"", ""openat -> fstat -> ioctl -> no-error -> no-fd""]"	"[""ETC_DIR"", ""HOME_DIR"", ""OTHER_DIR"", ""ROOT_DIR"", ""TMP_DIR""]"					pending
65e388aeaec83be2	qut	easyfuncsys-0.0.2.tar.gz	pypi	easyfuncsys	0.0.2	backstabbers	backstabbers:pypi:easyfuncsys:row-1242	https://blog.sonatype.com/malicious-roblox-cookie-and-discord-token-stealers-hit-pypi-repository	0.0.1;0.0.2;0.0.3;0.0.4	exact	behavior_event	install	The structured source labels the package trigger as install.	https://blog.sonatype.com/malicious-roblox-cookie-and-discord-token-stealers-hit-pypi-repository	high	install	"{""install"": {""package_file"": ""easyfuncsys-0.0.2.tar.gz"", ""source"": ""QUT-DV25_Install_Traces""}}"	match	0	[]	2	"[{""attribution_scope"": ""package_row_or_reference"", ""match_level"": ""behavior_not_observed"", ""observed_evidence"": ""required supporting telemetry was not observed"", ""report_evidence"": ""The structured source objective is dropper."", ""type"": ""payload_download""}, {""attribution_scope"": ""package_row_or_reference"", ""match_level"": ""behavior_partially_observed"", ""observed_evidence"": ""non-harness command or process observed without a report-specific process indicator"", ""report_evidence"": ""The structured source objective is dropper."", ""type"": ""process_execution""}]"	no_concrete_ioc	behavior_not_observed;behavior_partially_observed	low	yes	Confirm whether the reported command/process/file/network behavior occurred.	External IOC extraction=none; IOC attribution=unknown; behavior extraction=structured_objective; behavior attribution=package_row_or_reference; version=exact; reported trigger=install (high); observed trigger=install; trigger comparison=match; IOC result=no_concrete_ioc; behavior result=behavior_not_observed;behavior_partially_observed. Low-confidence reasons: reported behavior is only partially observed, absent, or semantically unobservable.	[]	"[""443""]"	[]	"[""StreamTrans"", ""filetop-bpfcc"", ""gnome-system-mo"", ""opensnoop-bpfcc"", ""pgrep"", ""pip"", ""sqldb:c~lite"", ""strace"", ""tcpstates-bpfcc""]"	"[""StreamTrans"", ""filetop-bpfcc"", ""gnome-system-mo"", ""opensnoop-bpfcc"", ""pgrep"", ""sqldb:c~lite"", ""strace"", ""tcpstates-bpfcc""]"	"[""bind"", ""brk"", ""chmod"", ""close"", ""connect"", ""exit_group"", ""fcntl"", ""fstat"", ""fsync"", ""futex"", ""getdents64"", ""getpeername"", ""getpid"", ""getsockname"", ""getsockopt"", ""ioctl"", ""lseek"", ""mkdir"", ""mmap"", ""mprotect"", ""munmap"", ""newfstatat"", ""openat"", ""poll"", ""read"", ""recvfrom"", ""recvmsg"", ""rename"", ""rmdir"", ""rt_sigaction"", ""sendmmsg"", ""sendto"", ""setsockopt"", ""socket"", ""umask"", ""uname"", ""unlinkat"", ""wait4"", ""write""]"	"[""close -> newfstatat -> openat -> no-error -> no-fd"", ""ioctl -> ioctl -> ioctl"", ""lseek -> lseek -> lseek"", ""lseek -> lseek -> lseek -> no-error -> no-fd"", ""newfstatat -> newfstatat -> newfstatat"", ""newfstatat -> newfstatat -> newfstatat -> no-error -> no-fd"", ""newfstatat -> openat -> fstat"", ""newfstatat -> openat -> fstat -> no-error -> no-fd"", ""read -> read -> read"", ""read -> read -> read -> no-error -> no-fd""]"	"[""ETC_DIR"", ""HOME_DIR"", ""OTHER_DIR"", ""ROOT_DIR"", ""TMP_DIR""]"					pending
0ed5a7a36b329fc0	qut	easyfuncsys-0.0.3.tar.gz	pypi	easyfuncsys	0.0.3	backstabbers	backstabbers:pypi:easyfuncsys:row-1242	https://blog.sonatype.com/malicious-roblox-cookie-and-discord-token-stealers-hit-pypi-repository	0.0.1;0.0.2;0.0.3;0.0.4	exact	behavior_event	install	The structured source labels the package trigger as install.	https://blog.sonatype.com/malicious-roblox-cookie-and-discord-token-stealers-hit-pypi-repository	high	install	"{""install"": {""package_file"": ""easyfuncsys-0.0.3.tar.gz"", ""source"": ""QUT-DV25_Install_Traces""}}"	match	0	[]	2	"[{""attribution_scope"": ""package_row_or_reference"", ""match_level"": ""behavior_not_observed"", ""observed_evidence"": ""required supporting telemetry was not observed"", ""report_evidence"": ""The structured source objective is dropper."", ""type"": ""payload_download""}, {""attribution_scope"": ""package_row_or_reference"", ""match_level"": ""behavior_partially_observed"", ""observed_evidence"": ""non-harness command or process observed without a report-specific process indicator"", ""report_evidence"": ""The structured source objective is dropper."", ""type"": ""process_execution""}]"	no_concrete_ioc	behavior_not_observed;behavior_partially_observed	low	yes	Confirm whether the reported command/process/file/network behavior occurred.	External IOC extraction=none; IOC attribution=unknown; behavior extraction=structured_objective; behavior attribution=package_row_or_reference; version=exact; reported trigger=install (high); observed trigger=install; trigger comparison=match; IOC result=no_concrete_ioc; behavior result=behavior_not_observed;behavior_partially_observed. Low-confidence reasons: reported behavior is only partially observed, absent, or semantically unobservable.	[]	"[""443""]"	[]	"[""Classif~date"", ""StreamTrans"", ""filetop-bpfcc"", ""gnome-system-mo"", ""opensnoop-bpfcc"", ""pgrep"", ""pip"", ""sqldb:c~lite"", ""strace"", ""tcpstates-bpfcc""]"	"[""Classif~date"", ""StreamTrans"", ""filetop-bpfcc"", ""gnome-system-mo"", ""opensnoop-bpfcc"", ""pgrep"", ""sqldb:c~lite"", ""strace"", ""tcpstates-bpfcc""]"	"[""bind"", ""brk"", ""close"", ""connect"", ""exit_group"", ""fcntl"", ""fstat"", ""futex"", ""getdents64"", ""getpeername"", ""getpid"", ""getsockname"", ""getsockopt"", ""ioctl"", ""lseek"", ""mmap"", ""munmap"", ""newfstatat"", ""openat"", ""poll"", ""read"", ""recvfrom"", ""recvmsg"", ""restart_syscall"", ""rmdir"", ""rt_sigaction"", ""sendmmsg"", ""sendto"", ""setsockopt"", ""socket"", ""uname"", ""unlinkat"", ""write""]"	"[""fstat -> fcntl -> fstat"", ""fstat -> fcntl -> fstat -> no-error -> no-fd"", ""newfstatat -> newfstatat -> newfstatat"", ""newfstatat -> newfstatat -> newfstatat -> no-error -> no-fd"", ""newfstatat -> openat -> fstat"", ""newfstatat -> openat -> fstat -> no-error -> no-fd"", ""openat -> fstat -> fcntl"", ""openat -> fstat -> fcntl -> no-error -> no-fd"", ""read -> read -> read"", ""read -> read -> read -> no-error -> no-fd""]"	"[""ETC_DIR"", ""HOME_DIR"", ""OTHER_DIR"", ""ROOT_DIR"", ""TMP_DIR""]"					pending
035e2a8a2c8bad2a	qut	easyfuncsys-0.0.4.tar.gz	pypi	easyfuncsys	0.0.4	backstabbers	backstabbers:pypi:easyfuncsys:row-1242	https://blog.sonatype.com/malicious-roblox-cookie-and-discord-token-stealers-hit-pypi-repository	0.0.1;0.0.2;0.0.3;0.0.4	exact	behavior_event	install	The structured source labels the package trigger as install.	https://blog.sonatype.com/malicious-roblox-cookie-and-discord-token-stealers-hit-pypi-repository	high	install	"{""install"": {""package_file"": ""easyfuncsys-0.0.4.tar.gz"", ""source"": ""QUT-DV25_Install_Traces""}}"	match	0	[]	2	"[{""attribution_scope"": ""package_row_or_reference"", ""match_level"": ""behavior_not_observed"", ""observed_evidence"": ""required supporting telemetry was not observed"", ""report_evidence"": ""The structured source objective is dropper."", ""type"": ""payload_download""}, {""attribution_scope"": ""package_row_or_reference"", ""match_level"": ""behavior_partially_observed"", ""observed_evidence"": ""non-harness command or process observed without a report-specific process indicator"", ""report_evidence"": ""The structured source objective is dropper."", ""type"": ""process_execution""}]"	no_concrete_ioc	behavior_not_observed;behavior_partially_observed	low	yes	Confirm whether the reported command/process/file/network behavior occurred.	External IOC extraction=none; IOC attribution=unknown; behavior extraction=structured_objective; behavior attribution=package_row_or_reference; version=exact; reported trigger=install (high); observed trigger=install; trigger comparison=match; IOC result=no_concrete_ioc; behavior result=behavior_not_observed;behavior_partially_observed. Low-confidence reasons: reported behavior is only partially observed, absent, or semantically unobservable.	[]	"[""443""]"	[]	"[""StreamTrans"", ""filetop-bpfcc"", ""gnome-system-mo"", ""opensnoop-bpfcc"", ""pgrep"", ""pip"", ""sqldb:c~lite"", ""strace"", ""tcpstates-bpfcc""]"	"[""StreamTrans"", ""filetop-bpfcc"", ""gnome-system-mo"", ""opensnoop-bpfcc"", ""pgrep"", ""sqldb:c~lite"", ""strace"", ""tcpstates-bpfcc""]"	"[""bind"", ""brk"", ""chmod"", ""close"", ""connect"", ""exit_group"", ""fcntl"", ""fstat"", ""fsync"", ""getcwd"", ""getdents64"", ""getpeername"", ""getpid"", ""getsockname"", ""getsockopt"", ""ioctl"", ""lseek"", ""mkdir"", ""mmap"", ""munmap"", ""newfstatat"", ""openat"", ""pipe2"", ""poll"", ""read"", ""recvfrom"", ""recvmsg"", ""rename"", ""restart_syscall"", ""rmdir"", ""rt_sigaction"", ""rt_sigprocmask"", ""sendmmsg"", ""sendto"", ""setsockopt"", ""socket"", ""umask"", ""uname"", ""unlinkat"", ""vfork"", ""wait4"", ""write""]"	"[""fstat -> ioctl -> lseek"", ""fstat -> ioctl -> lseek -> no-error -> no-fd"", ""lseek -> lseek -> lseek"", ""lseek -> lseek -> lseek -> no-error -> no-fd"", ""newfstatat -> newfstatat -> newfstatat"", ""newfstatat -> newfstatat -> newfstatat -> no-error -> no-fd"", ""newfstatat -> openat -> fstat"", ""newfstatat -> openat -> fstat -> no-error -> no-fd"", ""read -> read -> read"", ""read -> read -> read -> no-error -> no-fd""]"	"[""ETC_DIR"", ""HOME_DIR"", ""OTHER_DIR"", ""TMP_DIR""]"					pending
0d582207a63376ef	qut	easyinstall-37.0.0.tar.gz	pypi	easyinstall	37.0.0	backstabbers	backstabbers:pypi:easyinstall:row-117	https://medium.com/@bertusk/detecting-cyber-attacks-in-the-python-package-index-pypi-61ab2b585c67	37.0.0;39.0.0;39.1.0;40.0.0;41.0.0;42.0.0	exact	behavior_event	install	The structured source labels the package trigger as install.	https://medium.com/@bertusk/detecting-cyber-attacks-in-the-python-package-index-pypi-61ab2b585c67	high	install	"{""install"": {""package_file"": ""easyinstall-37.0.0.tar.gz"", ""source"": ""QUT-DV25_Install_Traces""}}"	match	0	[]	2	"[{""attribution_scope"": ""package_row_or_reference"", ""match_level"": ""behavior_not_observed"", ""observed_evidence"": ""required supporting telemetry was not observed"", ""report_evidence"": ""The structured source objective is dropper."", ""type"": ""payload_download""}, {""attribution_scope"": ""package_row_or_reference"", ""match_level"": ""behavior_partially_observed"", ""observed_evidence"": ""non-harness command or process observed without a report-specific process indicator"", ""report_evidence"": ""The structured source objective is dropper."", ""type"": ""process_execution""}]"	no_concrete_ioc	behavior_not_observed;behavior_partially_observed	low	yes	Confirm whether the reported command/process/file/network behavior occurred.	External IOC extraction=none; IOC attribution=unknown; behavior extraction=structured_objective; behavior attribution=package_row_or_reference; version=exact; reported trigger=install (high); observed trigger=install; trigger comparison=match; IOC result=no_concrete_ioc; behavior result=behavior_not_observed;behavior_partially_observed. Low-confidence reasons: reported behavior is only partially observed, absent, or semantically unobservable.	[]	"[""443""]"	[]	"[""Classif~date"", ""StreamTrans"", ""filetop-bpfcc"", ""gnome-system-mo"", ""opensnoop-bpfcc"", ""pgrep"", ""pip"", ""sqldb:c~lite"", ""strace"", ""systemd-logind"", ""tcpstates-bpfcc""]"	"[""Classif~date"", ""StreamTrans"", ""filetop-bpfcc"", ""gnome-system-mo"", ""opensnoop-bpfcc"", ""pgrep"", ""sqldb:c~lite"", ""strace"", ""systemd-logind"", ""tcpstates-bpfcc""]"	"[""access"", ""bind"", ""brk"", ""chown"", ""close"", ""connect"", ""exit_group"", ""fcntl"", ""fstat"", ""futex"", ""getcwd"", ""getdents64"", ""geteuid"", ""getpeername"", ""getpid"", ""getrandom"", ""getsockname"", ""getsockopt"", ""ioctl"", ""lseek"", ""mkdir"", ""mmap"", ""mprotect"", ""mremap"", ""munmap"", ""newfstatat"", ""openat"", ""pipe2"", ""poll"", ""read"", ""recvfrom"", ""recvmsg"", ""rmdir"", ""rt_sigaction"", ""rt_sigprocmask"", ""sendmmsg"", ""sendto"", ""setsockopt"", ""socket"", ""umask"", ""uname"", ""unlink"", ""unlinkat"", ""utimensat"", ""vfork"", ""wait4"", ""write""]"	"[""fstat -> ioctl -> lseek"", ""newfstatat -> newfstatat -> newfstatat"", ""newfstatat -> newfstatat -> newfstatat -> no-error -> no-fd"", ""newfstatat -> newfstatat -> openat"", ""newfstatat -> newfstatat -> openat -> no-error -> no-fd"", ""newfstatat -> openat -> fstat"", ""newfstatat -> openat -> fstat -> no-error -> no-fd"", ""openat -> fstat -> ioctl -> no-error -> no-fd"", ""read -> read -> read"", ""read -> read -> read -> no-error -> no-fd""]"	"[""ETC_DIR"", ""HOME_DIR"", ""OTHER_DIR"", ""TMP_DIR""]"					pending
eb83da5de703fc54	qut	easyinstall-39.0.0.tar.gz	pypi	easyinstall	39.0.0	backstabbers	backstabbers:pypi:easyinstall:row-117	https://medium.com/@bertusk/detecting-cyber-attacks-in-the-python-package-index-pypi-61ab2b585c67	37.0.0;39.0.0;39.1.0;40.0.0;41.0.0;42.0.0	exact	behavior_event	install	The structured source labels the package trigger as install.	https://medium.com/@bertusk/detecting-cyber-attacks-in-the-python-package-index-pypi-61ab2b585c67	high	install	"{""install"": {""package_file"": ""easyinstall-39.0.0.tar.gz"", ""source"": ""QUT-DV25_Install_Traces""}}"	match	0	[]	2	"[{""attribution_scope"": ""package_row_or_reference"", ""match_level"": ""behavior_not_observed"", ""observed_evidence"": ""required supporting telemetry was not observed"", ""report_evidence"": ""The structured source objective is dropper."", ""type"": ""payload_download""}, {""attribution_scope"": ""package_row_or_reference"", ""match_level"": ""behavior_partially_observed"", ""observed_evidence"": ""non-harness command or process observed without a report-specific process indicator"", ""report_evidence"": ""The structured source objective is dropper."", ""type"": ""process_execution""}]"	no_concrete_ioc	behavior_not_observed;behavior_partially_observed	low	yes	Confirm whether the reported command/process/file/network behavior occurred.	External IOC extraction=none; IOC attribution=unknown; behavior extraction=structured_objective; behavior attribution=package_row_or_reference; version=exact; reported trigger=install (high); observed trigger=install; trigger comparison=match; IOC result=no_concrete_ioc; behavior result=behavior_not_observed;behavior_partially_observed. Low-confidence reasons: reported behavior is only partially observed, absent, or semantically unobservable.	[]	"[""443""]"	[]	"[""StreamTrans"", ""filetop-bpfcc"", ""gnome-system-mo"", ""opensnoop-bpfcc"", ""pgrep"", ""pip"", ""sqldb:c~lite"", ""strace"", ""tcpstates-bpfcc""]"	"[""StreamTrans"", ""filetop-bpfcc"", ""gnome-system-mo"", ""opensnoop-bpfcc"", ""pgrep"", ""sqldb:c~lite"", ""strace"", ""tcpstates-bpfcc""]"	"[""access"", ""bind"", ""brk"", ""chown"", ""close"", ""connect"", ""exit_group"", ""fcntl"", ""fstat"", ""futex"", ""getcwd"", ""getdents64"", ""geteuid"", ""getpeername"", ""getpid"", ""getrandom"", ""getsockname"", ""getsockopt"", ""ioctl"", ""lseek"", ""mkdir"", ""mmap"", ""mprotect"", ""mremap"", ""munmap"", ""newfstatat"", ""openat"", ""pipe2"", ""poll"", ""read"", ""recvfrom"", ""recvmsg"", ""rmdir"", ""rt_sigaction"", ""rt_sigprocmask"", ""sendmmsg"", ""sendto"", ""setsockopt"", ""socket"", ""umask"", ""uname"", ""unlink"", ""unlinkat"", ""utimensat"", ""vfork"", ""wait4"", ""write""]"	"[""close -> newfstatat -> newfstatat -> no-error -> no-fd"", ""fstat -> ioctl -> lseek"", ""newfstatat -> newfstatat -> newfstatat"", ""newfstatat -> newfstatat -> newfstatat -> no-error -> no-fd"", ""newfstatat -> newfstatat -> openat"", ""newfstatat -> newfstatat -> openat -> no-error -> no-fd"", ""newfstatat -> openat -> fstat"", ""newfstatat -> openat -> fstat -> no-error -> no-fd"", ""read -> read -> read"", ""read -> read -> read -> no-error -> no-fd""]"	"[""ETC_DIR"", ""HOME_DIR"", ""OTHER_DIR"", ""ROOT_DIR"", ""TMP_DIR""]"					pending
ddd042ff152f186d	qut	easyinstall-39.1.0.tar.gz	pypi	easyinstall	39.1.0	backstabbers	backstabbers:pypi:easyinstall:row-117	https://medium.com/@bertusk/detecting-cyber-attacks-in-the-python-package-index-pypi-61ab2b585c67	37.0.0;39.0.0;39.1.0;40.0.0;41.0.0;42.0.0	exact	behavior_event	install	The structured source labels the package trigger as install.	https://medium.com/@bertusk/detecting-cyber-attacks-in-the-python-package-index-pypi-61ab2b585c67	high	install	"{""install"": {""package_file"": ""easyinstall-39.1.0.tar.gz"", ""source"": ""QUT-DV25_Install_Traces""}}"	match	0	[]	2	"[{""attribution_scope"": ""package_row_or_reference"", ""match_level"": ""behavior_not_observed"", ""observed_evidence"": ""required supporting telemetry was not observed"", ""report_evidence"": ""The structured source objective is dropper."", ""type"": ""payload_download""}, {""attribution_scope"": ""package_row_or_reference"", ""match_level"": ""behavior_partially_observed"", ""observed_evidence"": ""non-harness command or process observed without a report-specific process indicator"", ""report_evidence"": ""The structured source objective is dropper."", ""type"": ""process_execution""}]"	no_concrete_ioc	behavior_not_observed;behavior_partially_observed	low	yes	Confirm whether the reported command/process/file/network behavior occurred.	External IOC extraction=none; IOC attribution=unknown; behavior extraction=structured_objective; behavior attribution=package_row_or_reference; version=exact; reported trigger=install (high); observed trigger=install; trigger comparison=match; IOC result=no_concrete_ioc; behavior result=behavior_not_observed;behavior_partially_observed. Low-confidence reasons: reported behavior is only partially observed, absent, or semantically unobservable.	[]	"[""443""]"	[]	"[""StreamTrans"", ""filetop-bpfcc"", ""gnome-system-mo"", ""opensnoop-bpfcc"", ""pgrep"", ""pip"", ""sqldb:c~lite"", ""strace"", ""tcpstates-bpfcc""]"	"[""StreamTrans"", ""filetop-bpfcc"", ""gnome-system-mo"", ""opensnoop-bpfcc"", ""pgrep"", ""sqldb:c~lite"", ""strace"", ""tcpstates-bpfcc""]"	"[""bind"", ""brk"", ""chown"", ""close"", ""connect"", ""exit_group"", ""fcntl"", ""fstat"", ""futex"", ""getcwd"", ""getdents64"", ""geteuid"", ""getpeername"", ""getpid"", ""getrandom"", ""getsockname"", ""getsockopt"", ""ioctl"", ""lseek"", ""mkdir"", ""mmap"", ""mprotect"", ""mremap"", ""munmap"", ""newfstatat"", ""openat"", ""pipe2"", ""poll"", ""read"", ""recvfrom"", ""recvmsg"", ""restart_syscall"", ""rmdir"", ""rt_sigaction"", ""rt_sigprocmask"", ""sendmmsg"", ""sendto"", ""setsockopt"", ""socket"", ""umask"", ""uname"", ""unlink"", ""unlinkat"", ""utimensat"", ""vfork"", ""wait4"", ""write""]"	"[""fstat -> ioctl -> lseek -> no-error -> no-fd"", ""ioctl -> ioctl -> ioctl"", ""newfstatat -> newfstatat -> newfstatat"", ""newfstatat -> newfstatat -> newfstatat -> no-error -> no-fd"", ""newfstatat -> newfstatat -> openat"", ""newfstatat -> newfstatat -> openat -> no-error -> no-fd"", ""newfstatat -> openat -> fstat"", ""newfstatat -> openat -> fstat -> no-error -> no-fd"", ""read -> read -> read"", ""read -> read -> read -> no-error -> no-fd""]"	"[""ETC_DIR"", ""HOME_DIR"", ""OTHER_DIR"", ""ROOT_DIR"", ""TMP_DIR""]"					pending
c24c3b4cdd45a8a3	qut	easyinstall-40.0.0.tar.gz	pypi	easyinstall	40.0.0	backstabbers	backstabbers:pypi:easyinstall:row-117	https://medium.com/@bertusk/detecting-cyber-attacks-in-the-python-package-index-pypi-61ab2b585c67	37.0.0;39.0.0;39.1.0;40.0.0;41.0.0;42.0.0	exact	behavior_event	install	The structured source labels the package trigger as install.	https://medium.com/@bertusk/detecting-cyber-attacks-in-the-python-package-index-pypi-61ab2b585c67	high	install	"{""install"": {""package_file"": ""easyinstall-40.0.0.tar.gz"", ""source"": ""QUT-DV25_Install_Traces""}}"	match	0	[]	2	"[{""attribution_scope"": ""package_row_or_reference"", ""match_level"": ""behavior_not_observed"", ""observed_evidence"": ""required supporting telemetry was not observed"", ""report_evidence"": ""The structured source objective is dropper."", ""type"": ""payload_download""}, {""attribution_scope"": ""package_row_or_reference"", ""match_level"": ""behavior_partially_observed"", ""observed_evidence"": ""non-harness command or process observed without a report-specific process indicator"", ""report_evidence"": ""The structured source objective is dropper."", ""type"": ""process_execution""}]"	no_concrete_ioc	behavior_not_observed;behavior_partially_observed	low	yes	Confirm whether the reported command/process/file/network behavior occurred.	External IOC extraction=none; IOC attribution=unknown; behavior extraction=structured_objective; behavior attribution=package_row_or_reference; version=exact; reported trigger=install (high); observed trigger=install; trigger comparison=match; IOC result=no_concrete_ioc; behavior result=behavior_not_observed;behavior_partially_observed. Low-confidence reasons: reported behavior is only partially observed, absent, or semantically unobservable.	[]	"[""443""]"	[]	"[""StreamTrans"", ""filetop-bpfcc"", ""gnome-system-mo"", ""opensnoop-bpfcc"", ""pgrep"", ""pip"", ""sqldb:c~lite"", ""strace"", ""systemd-logind"", ""tcpstates-bpfcc""]"	"[""StreamTrans"", ""filetop-bpfcc"", ""gnome-system-mo"", ""opensnoop-bpfcc"", ""pgrep"", ""sqldb:c~lite"", ""strace"", ""systemd-logind"", ""tcpstates-bpfcc""]"	"[""access"", ""bind"", ""brk"", ""chmod"", ""clone3"", ""close"", ""connect"", ""exit_group"", ""fcntl"", ""fstat"", ""fsync"", ""futex"", ""getcwd"", ""getdents64"", ""getpeername"", ""getpid"", ""getrandom"", ""getsockname"", ""getsockopt"", ""ioctl"", ""lseek"", ""mkdir"", ""mmap"", ""mprotect"", ""mremap"", ""munmap"", ""newfstatat"", ""openat"", ""pipe2"", ""poll"", ""read"", ""recvfrom"", ""recvmsg"", ""rename"", ""rmdir"", ""rt_sigaction"", ""rt_sigprocmask"", ""sendmmsg"", ""sendto"", ""setsockopt"", ""socket"", ""umask"", ""uname"", ""unlink"", ""unlinkat"", ""vfork"", ""wait4"", ""write""]"	"[""fstat -> ioctl -> lseek"", ""fstat -> ioctl -> lseek -> no-error -> no-fd"", ""ioctl -> lseek -> lseek"", ""ioctl -> lseek -> lseek -> no-error -> no-fd"", ""newfstatat -> newfstatat -> newfstatat"", ""newfstatat -> newfstatat -> newfstatat -> no-error -> no-fd"", ""newfstatat -> openat -> fstat"", ""newfstatat -> openat -> fstat -> no-error -> no-fd"", ""openat -> fstat -> ioctl"", ""openat -> fstat -> ioctl -> error=ENOENT -> no-fd""]"	"[""ETC_DIR"", ""HOME_DIR"", ""OTHER_DIR"", ""TMP_DIR""]"					pending
3af97d2ffd7adf88	qut	easyinstall-41.0.0.tar.gz	pypi	easyinstall	41.0.0	backstabbers	backstabbers:pypi:easyinstall:row-117	https://medium.com/@bertusk/detecting-cyber-attacks-in-the-python-package-index-pypi-61ab2b585c67	37.0.0;39.0.0;39.1.0;40.0.0;41.0.0;42.0.0	exact	behavior_event	install	The structured source labels the package trigger as install.	https://medium.com/@bertusk/detecting-cyber-attacks-in-the-python-package-index-pypi-61ab2b585c67	high	install	"{""install"": {""package_file"": ""easyinstall-41.0.0.tar.gz"", ""source"": ""QUT-DV25_Install_Traces""}}"	match	0	[]	2	"[{""attribution_scope"": ""package_row_or_reference"", ""match_level"": ""behavior_not_observed"", ""observed_evidence"": ""required supporting telemetry was not observed"", ""report_evidence"": ""The structured source objective is dropper."", ""type"": ""payload_download""}, {""attribution_scope"": ""package_row_or_reference"", ""match_level"": ""behavior_partially_observed"", ""observed_evidence"": ""non-harness command or process observed without a report-specific process indicator"", ""report_evidence"": ""The structured source objective is dropper."", ""type"": ""process_execution""}]"	no_concrete_ioc	behavior_not_observed;behavior_partially_observed	low	yes	Confirm whether the reported command/process/file/network behavior occurred.	External IOC extraction=none; IOC attribution=unknown; behavior extraction=structured_objective; behavior attribution=package_row_or_reference; version=exact; reported trigger=install (high); observed trigger=install; trigger comparison=match; IOC result=no_concrete_ioc; behavior result=behavior_not_observed;behavior_partially_observed. Low-confidence reasons: reported behavior is only partially observed, absent, or semantically unobservable.	[]	"[""443""]"	[]	"[""StreamTrans"", ""filetop-bpfcc"", ""gnome-system-mo"", ""opensnoop-bpfcc"", ""pgrep"", ""pip"", ""sqldb:c~lite"", ""strace"", ""tcpstates-bpfcc""]"	"[""StreamTrans"", ""filetop-bpfcc"", ""gnome-system-mo"", ""opensnoop-bpfcc"", ""pgrep"", ""sqldb:c~lite"", ""strace"", ""tcpstates-bpfcc""]"	"[""bind"", ""brk"", ""close"", ""connect"", ""exit_group"", ""fcntl"", ""fstat"", ""futex"", ""getdents64"", ""getpeername"", ""getpid"", ""getsockname"", ""getsockopt"", ""ioctl"", ""lseek"", ""mmap"", ""mprotect"", ""munmap"", ""newfstatat"", ""openat"", ""poll"", ""read"", ""recvfrom"", ""recvmsg"", ""rmdir"", ""rt_sigaction"", ""sendmmsg"", ""sendto"", ""setsockopt"", ""socket"", ""uname"", ""unlink"", ""unlinkat"", ""wait4"", ""write""]"	"[""ioctl -> ioctl -> ioctl"", ""newfstatat -> newfstatat -> newfstatat"", ""newfstatat -> newfstatat -> newfstatat -> no-error -> no-fd"", ""newfstatat -> newfstatat -> openat"", ""newfstatat -> newfstatat -> openat -> no-error -> no-fd"", ""newfstatat -> openat -> fstat"", ""newfstatat -> openat -> fstat -> no-error -> no-fd"", ""openat -> fstat -> getdents64 -> no-error -> no-fd"", ""read -> read -> read"", ""read -> read -> read -> no-error -> no-fd""]"	"[""ETC_DIR"", ""HOME_DIR"", ""OTHER_DIR"", ""ROOT_DIR"", ""TMP_DIR""]"					pending
ff4aef3d0f1310a1	qut	easyinstall-42.0.0.tar.gz	pypi	easyinstall	42.0.0	backstabbers	backstabbers:pypi:easyinstall:row-117	https://medium.com/@bertusk/detecting-cyber-attacks-in-the-python-package-index-pypi-61ab2b585c67	37.0.0;39.0.0;39.1.0;40.0.0;41.0.0;42.0.0	exact	behavior_event	install	The structured source labels the package trigger as install.	https://medium.com/@bertusk/detecting-cyber-attacks-in-the-python-package-index-pypi-61ab2b585c67	high	install	"{""install"": {""package_file"": ""easyinstall-42.0.0.tar.gz"", ""source"": ""QUT-DV25_Install_Traces""}}"	match	0	[]	2	"[{""attribution_scope"": ""package_row_or_reference"", ""match_level"": ""behavior_not_observed"", ""observed_evidence"": ""required supporting telemetry was not observed"", ""report_evidence"": ""The structured source objective is dropper."", ""type"": ""payload_download""}, {""attribution_scope"": ""package_row_or_reference"", ""match_level"": ""behavior_partially_observed"", ""observed_evidence"": ""non-harness command or process observed without a report-specific process indicator"", ""report_evidence"": ""The structured source objective is dropper."", ""type"": ""process_execution""}]"	no_concrete_ioc	behavior_not_observed;behavior_partially_observed	low	yes	Confirm whether the reported command/process/file/network behavior occurred.	External IOC extraction=none; IOC attribution=unknown; behavior extraction=structured_objective; behavior attribution=package_row_or_reference; version=exact; reported trigger=install (high); observed trigger=install; trigger comparison=match; IOC result=no_concrete_ioc; behavior result=behavior_not_observed;behavior_partially_observed. Low-confidence reasons: reported behavior is only partially observed, absent, or semantically unobservable.	[]	"[""443""]"	[]	"[""Classif~date"", ""StreamTrans"", ""filetop-bpfcc"", ""gnome-system-mo"", ""opensnoop-bpfcc"", ""pgrep"", ""pip"", ""sqldb:c~lite"", ""strace"", ""systemd-logind"", ""tcpstates-bpfcc""]"	"[""Classif~date"", ""StreamTrans"", ""filetop-bpfcc"", ""gnome-system-mo"", ""opensnoop-bpfcc"", ""pgrep"", ""sqldb:c~lite"", ""strace"", ""systemd-logind"", ""tcpstates-bpfcc""]"	"[""bind"", ""brk"", ""close"", ""connect"", ""exit_group"", ""fcntl"", ""fstat"", ""futex"", ""getdents64"", ""getpeername"", ""getpid"", ""getsockname"", ""getsockopt"", ""ioctl"", ""lseek"", ""mmap"", ""mprotect"", ""munmap"", ""newfstatat"", ""openat"", ""poll"", ""read"", ""recvfrom"", ""recvmsg"", ""rmdir"", ""rt_sigaction"", ""sendmmsg"", ""sendto"", ""setsockopt"", ""socket"", ""uname"", ""unlink"", ""unlinkat"", ""wait4"", ""write""]"	"[""ioctl -> ioctl -> ioctl"", ""newfstatat -> newfstatat -> newfstatat"", ""newfstatat -> newfstatat -> newfstatat -> no-error -> no-fd"", ""newfstatat -> newfstatat -> openat"", ""newfstatat -> newfstatat -> openat -> no-error -> no-fd"", ""newfstatat -> openat -> fstat"", ""newfstatat -> openat -> fstat -> no-error -> no-fd"", ""openat -> fstat -> getdents64 -> no-error -> no-fd"", ""read -> read -> read"", ""read -> read -> read -> no-error -> no-fd""]"	"[""ETC_DIR"", ""HOME_DIR"", ""OTHER_DIR"", ""TMP_DIR""]"					pending
01c0f6052f07beb5	qut	fakessh-0.7.5.tar.gz	pypi	fakessh	0.7.5	backstabbers	backstabbers:pypi:fakessh:row-273	https://xie.infoq.cn/article/4eea425d9e7abed9cf3f9e0ec	0.7.5;0.7.8	exact	behavior_event	install	The structured source labels the package trigger as install.	https://xie.infoq.cn/article/4eea425d9e7abed9cf3f9e0ec	high	install	"{""install"": {""package_file"": ""fakessh-0.7.5.tar.gz"", ""source"": ""QUT-DV25_Install_Traces""}}"	match	0	[]	1	"[{""attribution_scope"": ""package_row_or_reference"", ""match_level"": ""behavior_unobservable"", ""observed_evidence"": ""processed telemetry cannot establish this semantic behavior"", ""report_evidence"": ""The structured source objective is backdoor."", ""type"": ""backdoor""}]"	no_concrete_ioc	behavior_unobservable	low	yes	Confirm whether the reported command/process/file/network behavior occurred.	External IOC extraction=none; IOC attribution=unknown; behavior extraction=structured_objective; behavior attribution=package_row_or_reference; version=exact; reported trigger=install (high); observed trigger=install; trigger comparison=match; IOC result=no_concrete_ioc; behavior result=behavior_unobservable. Low-confidence reasons: reported behavior is only partially observed, absent, or semantically unobservable.	[]	"[""443"", ""80""]"	[]	"[""StreamTrans"", ""cpio"", ""filetop-bpfcc"", ""gnome-system-mo"", ""opensnoop-bpfcc"", ""pgrep"", ""pip"", ""strace"", ""systemd-logind"", ""tcpstates-bpfcc""]"	"[""StreamTrans"", ""cpio"", ""filetop-bpfcc"", ""gnome-system-mo"", ""opensnoop-bpfcc"", ""pgrep"", ""strace"", ""systemd-logind"", ""tcpstates-bpfcc""]"	"[""bind"", ""brk"", ""chmod"", ""clone3"", ""close"", ""connect"", ""exit_group"", ""fcntl"", ""fstat"", ""fsync"", ""futex"", ""getdents64"", ""getpeername"", ""getpid"", ""getsockname"", ""getsockopt"", ""ioctl"", ""lseek"", ""mkdir"", ""mmap"", ""mprotect"", ""munmap"", ""newfstatat"", ""openat"", ""pipe2"", ""poll"", ""read"", ""recvfrom"", ""recvmsg"", ""rename"", ""restart_syscall"", ""rmdir"", ""rt_sigaction"", ""rt_sigprocmask"", ""sendmmsg"", ""sendto"", ""setsockopt"", ""socket"", ""umask"", ""uname"", ""unlinkat"", ""vfork"", ""wait4"", ""write""]"	"[""newfstatat -> newfstatat -> newfstatat"", ""newfstatat -> newfstatat -> newfstatat -> no-error -> no-fd"", ""poll -> read -> read"", ""poll -> read -> read -> no-error -> fd=6"", ""read -> poll -> read"", ""read -> poll -> read -> error=EAGAIN -> no-fd"", ""read -> read -> poll"", ""read -> read -> poll -> no-error -> no-fd"", ""read -> read -> read"", ""read -> read -> read -> no-error -> no-fd""]"	"[""ETC_DIR"", ""HOME_DIR"", ""OTHER_DIR"", ""ROOT_DIR"", ""TMP_DIR""]"					pending
d87e1d002c056e8c	qut	fakessh-0.7.8.tar.gz	pypi	fakessh	0.7.8	backstabbers	backstabbers:pypi:fakessh:row-273	https://xie.infoq.cn/article/4eea425d9e7abed9cf3f9e0ec	0.7.5;0.7.8	exact	behavior_event	install	The structured source labels the package trigger as install.	https://xie.infoq.cn/article/4eea425d9e7abed9cf3f9e0ec	high	install	"{""install"": {""package_file"": ""fakessh-0.7.8.tar.gz"", ""source"": ""QUT-DV25_Install_Traces""}}"	match	0	[]	1	"[{""attribution_scope"": ""package_row_or_reference"", ""match_level"": ""behavior_unobservable"", ""observed_evidence"": ""processed telemetry cannot establish this semantic behavior"", ""report_evidence"": ""The structured source objective is backdoor."", ""type"": ""backdoor""}]"	no_concrete_ioc	behavior_unobservable	low	yes	Confirm whether the reported command/process/file/network behavior occurred.	External IOC extraction=none; IOC attribution=unknown; behavior extraction=structured_objective; behavior attribution=package_row_or_reference; version=exact; reported trigger=install (high); observed trigger=install; trigger comparison=match; IOC result=no_concrete_ioc; behavior result=behavior_unobservable. Low-confidence reasons: reported behavior is only partially observed, absent, or semantically unobservable.	[]	"[""443"", ""80""]"	[]	"[""StreamTrans"", ""cpio"", ""filetop-bpfcc"", ""gnome-system-mo"", ""opensnoop-bpfcc"", ""pgrep"", ""pip"", ""strace"", ""systemd-logind"", ""tcpstates-bpfcc""]"	"[""StreamTrans"", ""cpio"", ""filetop-bpfcc"", ""gnome-system-mo"", ""opensnoop-bpfcc"", ""pgrep"", ""strace"", ""systemd-logind"", ""tcpstates-bpfcc""]"	"[""access"", ""bind"", ""brk"", ""chmod"", ""clone3"", ""close"", ""connect"", ""exit_group"", ""fcntl"", ""fstat"", ""fsync"", ""futex"", ""getcwd"", ""getdents64"", ""getpeername"", ""getpid"", ""getrandom"", ""getsockname"", ""getsockopt"", ""ioctl"", ""lseek"", ""mkdir"", ""mmap"", ""mprotect"", ""mremap"", ""munmap"", ""newfstatat"", ""openat"", ""pipe2"", ""poll"", ""read"", ""recvfrom"", ""recvmsg"", ""rename"", ""rmdir"", ""rt_sigaction"", ""rt_sigprocmask"", ""sendmmsg"", ""sendto"", ""setsockopt"", ""socket"", ""umask"", ""uname"", ""unlink"", ""unlinkat"", ""vfork"", ""wait4"", ""write""]"	"[""fstat -> ioctl -> lseek"", ""lseek -> lseek -> lseek"", ""lseek -> lseek -> lseek -> no-error -> no-fd"", ""newfstatat -> newfstatat -> newfstatat"", ""newfstatat -> newfstatat -> newfstatat -> no-error -> no-fd"", ""newfstatat -> newfstatat -> openat -> no-error -> no-fd"", ""newfstatat -> openat -> fstat"", ""newfstatat -> openat -> fstat -> no-error -> no-fd"", ""openat -> fstat -> ioctl"", ""openat -> fstat -> ioctl -> no-error -> no-fd""]"	"[""ETC_DIR"", ""HOME_DIR"", ""OTHER_DIR"", ""ROOT_DIR"", ""TMP_DIR""]"					pending
1bd604ed28c1300c	qut	flask-requests-complex-0.0.1.tar.gz	pypi	flask-requests-complex	0.0.1	backstabbers	backstabbers:pypi:flask-requests-complex:row-2674	https://blog.sonatype.com/pypi-packages-steal-telegram-cache-files-add-windows-remote-desktop-accounts	0.0.1	exact	behavior_event	install	The structured source labels the package trigger as install.	https://blog.sonatype.com/pypi-packages-steal-telegram-cache-files-add-windows-remote-desktop-accounts	high	install	"{""install"": {""package_file"": ""flask-requests-complex-0.0.1.tar.gz"", ""source"": ""QUT-DV25_Install_Traces""}}"	match	0	[]	1	"[{""attribution_scope"": ""package_row_or_reference"", ""match_level"": ""behavior_unobservable"", ""observed_evidence"": ""processed telemetry cannot establish this semantic behavior"", ""report_evidence"": ""The structured source objective is backdoor."", ""type"": ""backdoor""}]"	no_concrete_ioc	behavior_unobservable	low	yes	Confirm whether the reported command/process/file/network behavior occurred.	External IOC extraction=none; IOC attribution=unknown; behavior extraction=structured_objective; behavior attribution=package_row_or_reference; version=exact; reported trigger=install (high); observed trigger=install; trigger comparison=match; IOC result=no_concrete_ioc; behavior result=behavior_unobservable. Low-confidence reasons: reported behavior is only partially observed, absent, or semantically unobservable.	[]	"[""443""]"	[]	"[""Cache2"", ""StreamTrans"", ""StreamT~ns"", ""filetop-bpfcc"", ""gnome-system-mo"", ""opensnoop-bpfcc"", ""pgrep"", ""pip"", ""strace"", ""systemd-logind"", ""tcpstates-bpfcc""]"	"[""Cache2"", ""StreamTrans"", ""StreamT~ns"", ""filetop-bpfcc"", ""gnome-system-mo"", ""opensnoop-bpfcc"", ""pgrep"", ""strace"", ""systemd-logind"", ""tcpstates-bpfcc""]"	"[""bind"", ""brk"", ""chmod"", ""clone"", ""close"", ""connect"", ""exit_group"", ""fcntl"", ""fstat"", ""fsync"", ""futex"", ""getcwd"", ""getdents64"", ""geteuid"", ""getpeername"", ""getpid"", ""getrandom"", ""getsockname"", ""getsockopt"", ""ioctl"", ""lseek"", ""mkdir"", ""mmap"", ""mprotect"", ""mremap"", ""munmap"", ""newfstatat"", ""openat"", ""pipe2"", ""poll"", ""read"", ""recvfrom"", ""recvmsg"", ""rename"", ""rmdir"", ""rt_sigaction"", ""sendmmsg"", ""sendto"", ""setsockopt"", ""sigaltstack"", ""socket"", ""umask"", ""uname"", ""unlink"", ""unlinkat"", ""wait4"", ""write""]"	"[""lseek -> lseek -> lseek"", ""lseek -> lseek -> lseek -> no-error -> no-fd"", ""newfstatat -> newfstatat -> newfstatat"", ""newfstatat -> newfstatat -> newfstatat -> no-error -> no-fd"", ""newfstatat -> newfstatat -> openat"", ""newfstatat -> newfstatat -> openat -> no-error -> no-fd"", ""newfstatat -> openat -> fstat"", ""newfstatat -> openat -> fstat -> no-error -> no-fd"", ""openat -> fstat -> ioctl"", ""openat -> fstat -> ioctl -> no-error -> no-fd""]"	"[""ETC_DIR"", ""HOME_DIR"", ""OTHER_DIR"", ""TMP_DIR""]"					pending
73869aa9de685d20	qut	fredli-3.9.tar.gz	pypi	fredli	3.9	malicious-packages-info	MAL-2023-3575	https://medium.com/checkmarx-security/the-skeleton-squad-tracing-the-origins-and-scope-of-5000-malicious-packages-on-pypi-7516c16e4da9	3.9	exact	behavior_event	install	The report attributes the campaign payload to setup.py and says it executes automatically when victims obtain and install the packages. Location: Earlier findings.	https://medium.com/checkmarx-security/the-skeleton-squad-tracing-the-origins-and-scope-of-5000-malicious-packages-on-pypi-7516c16e4da9	high	install	"{""install"": {""package_file"": ""fredli-3.9.tar.gz"", ""source"": ""QUT-DV25_Install_Traces""}}"	match	0	[]	2	"[{""attribution_scope"": ""referenced_report"", ""match_level"": ""behavior_not_observed"", ""observed_evidence"": ""required supporting telemetry was not observed"", ""report_evidence"": ""The setup.py payload downloads an additional executable from a remote location."", ""type"": ""payload_download""}, {""attribution_scope"": ""referenced_report"", ""match_level"": ""behavior_partially_observed"", ""observed_evidence"": ""non-harness command or process observed without a report-specific process indicator"", ""report_evidence"": ""The downloaded executable is launched and triggers additional malware stages."", ""type"": ""process_execution""}]"	no_concrete_ioc	behavior_not_observed;behavior_partially_observed	low	yes	Confirm whether the reported command/process/file/network behavior occurred.	External IOC extraction=none; IOC attribution=unknown; behavior extraction=curated_reference_behavior; behavior attribution=referenced_report; version=exact; reported trigger=install (high); observed trigger=install; trigger comparison=match; IOC result=no_concrete_ioc; behavior result=behavior_not_observed;behavior_partially_observed. Low-confidence reasons: reported behavior is only partially observed, absent, or semantically unobservable.	[]	"[""443""]"	[]	"[""Indexed~IO"", ""StreamTrans"", ""StreamT~ns"", ""filetop-bpfcc"", ""gnome-system-mo"", ""opensnoop-bpfcc"", ""pgrep"", ""pip"", ""strace"", ""systemd-logind"", ""tcpstates-bpfcc""]"	"[""Indexed~IO"", ""StreamTrans"", ""StreamT~ns"", ""filetop-bpfcc"", ""gnome-system-mo"", ""opensnoop-bpfcc"", ""pgrep"", ""strace"", ""systemd-logind"", ""tcpstates-bpfcc""]"	"[""access"", ""bind"", ""brk"", ""chmod"", ""clone3"", ""close"", ""connect"", ""exit_group"", ""fcntl"", ""fstat"", ""fsync"", ""futex"", ""getcwd"", ""getdents64"", ""getpeername"", ""getpid"", ""getrandom"", ""getsockname"", ""getsockopt"", ""ioctl"", ""lseek"", ""mkdir"", ""mmap"", ""mprotect"", ""mremap"", ""munmap"", ""newfstatat"", ""openat"", ""pipe2"", ""poll"", ""read"", ""recvfrom"", ""recvmsg"", ""rename"", ""rmdir"", ""rt_sigaction"", ""rt_sigprocmask"", ""sendmmsg"", ""sendto"", ""setsockopt"", ""socket"", ""umask"", ""uname"", ""unlink"", ""unlinkat"", ""vfork"", ""wait4"", ""write""]"	"[""fstat -> ioctl -> lseek"", ""newfstatat -> newfstatat -> newfstatat"", ""newfstatat -> newfstatat -> newfstatat -> no-error -> no-fd"", ""newfstatat -> newfstatat -> openat"", ""newfstatat -> newfstatat -> openat -> no-error -> no-fd"", ""newfstatat -> openat -> fstat"", ""newfstatat -> openat -> fstat -> no-error -> no-fd"", ""openat -> fstat -> ioctl"", ""openat -> fstat -> ioctl -> no-error -> no-fd"", ""read -> read -> read -> no-error -> no-fd""]"	"[""ETC_DIR"", ""HOME_DIR"", ""OTHER_DIR"", ""ROOT_DIR"", ""TMP_DIR""]"					pending
f1b718e32193ae88	qut	hkg-sol-utils-0.4.0.tar.gz	pypi	hkg-sol-utils	0.4.0	backstabbers	backstabbers:pypi:hkg-sol-utils:row-2669	https://blog.sonatype.com/python-packages-upload-your-aws-keys-env-vars-secrets-to-web	0.4.0;1.4.0	exact	behavior_event	install	The structured source labels the package trigger as install.	https://blog.sonatype.com/python-packages-upload-your-aws-keys-env-vars-secrets-to-web	high	install	"{""install"": {""package_file"": ""hkg-sol-utils-0.4.0.tar.gz"", ""source"": ""QUT-DV25_Install_Traces""}}"	match	0	[]	2	"[{""attribution_scope"": ""package_row_or_reference"", ""match_level"": ""behavior_not_observed"", ""observed_evidence"": ""required supporting telemetry was not observed"", ""report_evidence"": ""The structured source objective is dropper."", ""type"": ""payload_download""}, {""attribution_scope"": ""package_row_or_reference"", ""match_level"": ""behavior_partially_observed"", ""observed_evidence"": ""non-harness command or process observed without a report-specific process indicator"", ""report_evidence"": ""The structured source objective is dropper."", ""type"": ""process_execution""}]"	no_concrete_ioc	behavior_not_observed;behavior_partially_observed	low	yes	Confirm whether the reported command/process/file/network behavior occurred.	External IOC extraction=none; IOC attribution=unknown; behavior extraction=structured_objective; behavior attribution=package_row_or_reference; version=exact; reported trigger=install (high); observed trigger=install; trigger comparison=match; IOC result=no_concrete_ioc; behavior result=behavior_not_observed;behavior_partially_observed. Low-confidence reasons: reported behavior is only partially observed, absent, or semantically unobservable.	[]	"[""443""]"	[]	"[""Indexed~IO"", ""StreamTrans"", ""StreamT~ns"", ""filetop-bpfcc"", ""gnome-system-mo"", ""opensnoop-bpfcc"", ""pgrep"", ""pip"", ""strace"", ""tcpstates-bpfcc""]"	"[""Indexed~IO"", ""StreamTrans"", ""StreamT~ns"", ""filetop-bpfcc"", ""gnome-system-mo"", ""opensnoop-bpfcc"", ""pgrep"", ""strace"", ""tcpstates-bpfcc""]"	"[""bind"", ""brk"", ""chmod"", ""close"", ""connect"", ""exit_group"", ""fcntl"", ""fstat"", ""fsync"", ""futex"", ""getdents64"", ""getpeername"", ""getpid"", ""getsockname"", ""getsockopt"", ""ioctl"", ""lseek"", ""mkdir"", ""mmap"", ""munmap"", ""newfstatat"", ""openat"", ""poll"", ""read"", ""recvfrom"", ""recvmsg"", ""rename"", ""restart_syscall"", ""rmdir"", ""rt_sigaction"", ""sendmmsg"", ""sendto"", ""setsockopt"", ""socket"", ""umask"", ""uname"", ""unlinkat"", ""write""]"	"[""fstat -> ioctl -> lseek"", ""fstat -> ioctl -> lseek -> no-error -> no-fd"", ""lseek -> lseek -> lseek"", ""lseek -> lseek -> lseek -> no-error -> no-fd"", ""newfstatat -> newfstatat -> newfstatat"", ""newfstatat -> newfstatat -> newfstatat -> no-error -> no-fd"", ""newfstatat -> openat -> fstat"", ""newfstatat -> openat -> fstat -> error=ENOENT -> no-fd"", ""openat -> fstat -> ioctl"", ""openat -> fstat -> ioctl -> no-error -> no-fd""]"	"[""ETC_DIR"", ""HOME_DIR"", ""OTHER_DIR"", ""ROOT_DIR"", ""TMP_DIR""]"					pending
f6c6a8fe4e4482e6	qut	hkg-sol-utils-1.4.0.tar.gz	pypi	hkg-sol-utils	1.4.0	backstabbers	backstabbers:pypi:hkg-sol-utils:row-2669	https://blog.sonatype.com/python-packages-upload-your-aws-keys-env-vars-secrets-to-web	0.4.0;1.4.0	exact	behavior_event	install	The structured source labels the package trigger as install.	https://blog.sonatype.com/python-packages-upload-your-aws-keys-env-vars-secrets-to-web	high	install	"{""install"": {""package_file"": ""hkg-sol-utils-1.4.0.tar.gz"", ""source"": ""QUT-DV25_Install_Traces""}}"	match	0	[]	2	"[{""attribution_scope"": ""package_row_or_reference"", ""match_level"": ""behavior_not_observed"", ""observed_evidence"": ""required supporting telemetry was not observed"", ""report_evidence"": ""The structured source objective is dropper."", ""type"": ""payload_download""}, {""attribution_scope"": ""package_row_or_reference"", ""match_level"": ""behavior_partially_observed"", ""observed_evidence"": ""non-harness command or process observed without a report-specific process indicator"", ""report_evidence"": ""The structured source objective is dropper."", ""type"": ""process_execution""}]"	no_concrete_ioc	behavior_not_observed;behavior_partially_observed	low	yes	Confirm whether the reported command/process/file/network behavior occurred.	External IOC extraction=none; IOC attribution=unknown; behavior extraction=structured_objective; behavior attribution=package_row_or_reference; version=exact; reported trigger=install (high); observed trigger=install; trigger comparison=match; IOC result=no_concrete_ioc; behavior result=behavior_not_observed;behavior_partially_observed. Low-confidence reasons: reported behavior is only partially observed, absent, or semantically unobservable.	[]	"[""443"", ""80""]"	[]	"[""Classif~ate"", ""StreamTrans"", ""StreamT~ns"", ""filetop-bpfcc"", ""gnome-system-mo"", ""opensnoop-bpfcc"", ""pgrep"", ""pip"", ""strace"", ""tcpstates-bpfcc""]"	"[""Classif~ate"", ""StreamTrans"", ""StreamT~ns"", ""filetop-bpfcc"", ""gnome-system-mo"", ""opensnoop-bpfcc"", ""pgrep"", ""strace"", ""tcpstates-bpfcc""]"	"[""access"", ""bind"", ""brk"", ""chmod"", ""chown"", ""close"", ""connect"", ""exit_group"", ""fcntl"", ""fstat"", ""fsync"", ""futex"", ""getcwd"", ""getdents64"", ""geteuid"", ""getpeername"", ""getpid"", ""getrandom"", ""getsockname"", ""getsockopt"", ""ioctl"", ""lseek"", ""mkdir"", ""mmap"", ""mprotect"", ""mremap"", ""munmap"", ""newfstatat"", ""openat"", ""pipe2"", ""poll"", ""read"", ""recvfrom"", ""recvmsg"", ""rename"", ""rmdir"", ""rt_sigaction"", ""rt_sigprocmask"", ""sendmmsg"", ""sendto"", ""setsockopt"", ""socket"", ""umask"", ""uname"", ""unlink"", ""unlinkat"", ""utimensat"", ""vfork"", ""wait4"", ""write""]"	"[""fstat -> ioctl -> lseek"", ""fstat -> ioctl -> lseek -> no-error -> no-fd"", ""newfstatat -> newfstatat -> newfstatat"", ""newfstatat -> newfstatat -> newfstatat -> no-error -> no-fd"", ""newfstatat -> newfstatat -> openat"", ""newfstatat -> newfstatat -> openat -> no-error -> no-fd"", ""newfstatat -> openat -> fstat"", ""newfstatat -> openat -> fstat -> no-error -> no-fd"", ""read -> read -> read"", ""read -> read -> read -> no-error -> no-fd""]"	"[""ETC_DIR"", ""HOME_DIR"", ""OTHER_DIR"", ""ROOT_DIR"", ""TMP_DIR""]"					pending
0540b79151f38fe1	qut	humanqueen-0.0.5.tar.gz	pypi	humanqueen	0.0.5	backstabbers	backstabbers:pypi:humanqueen:row-1245	https://blog.sonatype.com/malicious-roblox-cookie-and-discord-token-stealers-hit-pypi-repository	0.0.1;0.0.5	exact	behavior_event	install	The structured source labels the package trigger as install.	https://blog.sonatype.com/malicious-roblox-cookie-and-discord-token-stealers-hit-pypi-repository	high	install	"{""install"": {""package_file"": ""humanqueen-0.0.5.tar.gz"", ""source"": ""QUT-DV25_Install_Traces""}}"	match	0	[]	2	"[{""attribution_scope"": ""package_row_or_reference"", ""match_level"": ""behavior_not_observed"", ""observed_evidence"": ""required supporting telemetry was not observed"", ""report_evidence"": ""The structured source objective is dropper."", ""type"": ""payload_download""}, {""attribution_scope"": ""package_row_or_reference"", ""match_level"": ""behavior_partially_observed"", ""observed_evidence"": ""non-harness command or process observed without a report-specific process indicator"", ""report_evidence"": ""The structured source objective is dropper."", ""type"": ""process_execution""}]"	no_concrete_ioc	behavior_not_observed;behavior_partially_observed	low	yes	Confirm whether the reported command/process/file/network behavior occurred.	External IOC extraction=none; IOC attribution=unknown; behavior extraction=structured_objective; behavior attribution=package_row_or_reference; version=exact; reported trigger=install (high); observed trigger=install; trigger comparison=match; IOC result=no_concrete_ioc; behavior result=behavior_not_observed;behavior_partially_observed. Low-confidence reasons: reported behavior is only partially observed, absent, or semantically unobservable.	[]	"[""443""]"	[]	"[""Indexed~IO"", ""StreamTrans"", ""StreamT~ns"", ""filetop-bpfcc"", ""gnome-system-mo"", ""opensnoop-bpfcc"", ""pgrep"", ""pip"", ""strace"", ""tcpstates-bpfcc""]"	"[""Indexed~IO"", ""StreamTrans"", ""StreamT~ns"", ""filetop-bpfcc"", ""gnome-system-mo"", ""opensnoop-bpfcc"", ""pgrep"", ""strace"", ""tcpstates-bpfcc""]"	"[""access"", ""bind"", ""brk"", ""chmod"", ""chown"", ""close"", ""connect"", ""exit_group"", ""fcntl"", ""fstat"", ""fsync"", ""futex"", ""getcwd"", ""getdents64"", ""geteuid"", ""getpeername"", ""getpid"", ""getrandom"", ""getsockname"", ""getsockopt"", ""ioctl"", ""lseek"", ""mkdir"", ""mmap"", ""mprotect"", ""mremap"", ""munmap"", ""newfstatat"", ""openat"", ""pipe2"", ""poll"", ""read"", ""recvfrom"", ""recvmsg"", ""rename"", ""rmdir"", ""rt_sigaction"", ""rt_sigprocmask"", ""sendmmsg"", ""sendto"", ""setsockopt"", ""socket"", ""umask"", ""uname"", ""unlink"", ""unlinkat"", ""utimensat"", ""vfork"", ""wait4"", ""write""]"	"[""fstat -> ioctl -> lseek"", ""fstat -> ioctl -> lseek -> no-error -> no-fd"", ""lseek -> lseek -> lseek"", ""newfstatat -> newfstatat -> newfstatat"", ""newfstatat -> newfstatat -> newfstatat -> no-error -> no-fd"", ""newfstatat -> openat -> fstat"", ""newfstatat -> openat -> fstat -> no-error -> no-fd"", ""openat -> fstat -> ioctl -> no-error -> no-fd"", ""read -> read -> read"", ""read -> read -> read -> no-error -> no-fd""]"	"[""ETC_DIR"", ""HOME_DIR"", ""OTHER_DIR"", ""TMP_DIR""]"					pending
0682484c3d5069a9	qut	humanqueenn-0.0.2.tar.gz	pypi	humanqueenn	0.0.2	backstabbers	backstabbers:pypi:humanqueenn:row-1244	https://blog.sonatype.com/malicious-roblox-cookie-and-discord-token-stealers-hit-pypi-repository	0.0.2	exact	behavior_event	install	The structured source labels the package trigger as install.	https://blog.sonatype.com/malicious-roblox-cookie-and-discord-token-stealers-hit-pypi-repository	high	install	"{""install"": {""package_file"": ""humanqueenn-0.0.2.tar.gz"", ""source"": ""QUT-DV25_Install_Traces""}}"	match	0	[]	2	"[{""attribution_scope"": ""package_row_or_reference"", ""match_level"": ""behavior_not_observed"", ""observed_evidence"": ""required supporting telemetry was not observed"", ""report_evidence"": ""The structured source objective is dropper."", ""type"": ""payload_download""}, {""attribution_scope"": ""package_row_or_reference"", ""match_level"": ""behavior_partially_observed"", ""observed_evidence"": ""non-harness command or process observed without a report-specific process indicator"", ""report_evidence"": ""The structured source objective is dropper."", ""type"": ""process_execution""}]"	no_concrete_ioc	behavior_not_observed;behavior_partially_observed	low	yes	Confirm whether the reported command/process/file/network behavior occurred.	External IOC extraction=none; IOC attribution=unknown; behavior extraction=structured_objective; behavior attribution=package_row_or_reference; version=exact; reported trigger=install (high); observed trigger=install; trigger comparison=match; IOC result=no_concrete_ioc; behavior result=behavior_not_observed;behavior_partially_observed. Low-confidence reasons: reported behavior is only partially observed, absent, or semantically unobservable.	[]	"[""443""]"	[]	"[""Indexed~IO"", ""StreamTrans"", ""StreamT~ns"", ""filetop-bpfcc"", ""gnome-system-mo"", ""opensnoop-bpfcc"", ""pgrep"", ""pip"", ""strace"", ""tcpstates-bpfcc""]"	"[""Indexed~IO"", ""StreamTrans"", ""StreamT~ns"", ""filetop-bpfcc"", ""gnome-system-mo"", ""opensnoop-bpfcc"", ""pgrep"", ""strace"", ""tcpstates-bpfcc""]"	"[""access"", ""bind"", ""brk"", ""chmod"", ""chown"", ""close"", ""connect"", ""epoll_create1"", ""exit_group"", ""fcntl"", ""fstat"", ""fsync"", ""futex"", ""getcwd"", ""getdents64"", ""geteuid"", ""getpeername"", ""getpid"", ""getrandom"", ""getsockname"", ""getsockopt"", ""gettid"", ""ioctl"", ""lseek"", ""mkdir"", ""mmap"", ""mprotect"", ""mremap"", ""munmap"", ""newfstatat"", ""openat"", ""pipe2"", ""poll"", ""read"", ""readlink"", ""recvfrom"", ""recvmsg"", ""rename"", ""rmdir"", ""rt_sigaction"", ""rt_sigprocmask"", ""sendmmsg"", ""sendto"", ""setsockopt"", ""socket"", ""umask"", ""uname"", ""unlink"", ""unlinkat"", ""utimensat""]"	"[""fstat -> ioctl -> lseek"", ""fstat -> ioctl -> lseek -> no-error -> no-fd"", ""newfstatat -> newfstatat -> newfstatat"", ""newfstatat -> newfstatat -> newfstatat -> no-error -> no-fd"", ""newfstatat -> openat -> fstat"", ""newfstatat -> openat -> fstat -> no-error -> no-fd"", ""openat -> fstat -> ioctl"", ""openat -> fstat -> ioctl -> no-error -> no-fd"", ""read -> read -> read"", ""read -> read -> read -> no-error -> no-fd""]"	"[""ETC_DIR"", ""HOME_DIR"", ""OTHER_DIR"", ""TMP_DIR""]"					pending
1af208ffd0a5f3f6	qut	junkeldat-1.0.tar.gz	pypi	junkeldat	1.0	backstabbers	backstabbers:pypi:junkeldat:row-137	https://github.com/rsc-dev/pypi_malware	1;1.0	exact	behavior_event	install	The structured source labels the package trigger as install.	https://github.com/rsc-dev/pypi_malware	high	install	"{""install"": {""package_file"": ""junkeldat-1.0.tar.gz"", ""source"": ""QUT-DV25_Install_Traces""}}"	match	0	[]	1	"[{""attribution_scope"": ""package_row_or_reference"", ""match_level"": ""behavior_not_observed"", ""observed_evidence"": ""required supporting telemetry was not observed"", ""report_evidence"": ""The structured source objective is data exfiltration."", ""type"": ""exfiltration""}]"	no_concrete_ioc	behavior_not_observed	low	yes	Confirm whether the reported command/process/file/network behavior occurred.	External IOC extraction=none; IOC attribution=unknown; behavior extraction=structured_objective; behavior attribution=package_row_or_reference; version=exact; reported trigger=install (high); observed trigger=install; trigger comparison=match; IOC result=no_concrete_ioc; behavior result=behavior_not_observed. Low-confidence reasons: reported behavior is only partially observed, absent, or semantically unobservable.	[]	"[""443"", ""80""]"	[]	"[""StreamTrans"", ""filetop-bpfcc"", ""opensnoop-bpfcc"", ""pgrep"", ""pip"", ""pool-tracker-mi"", ""single"", ""sqldb:c~lite"", ""strace"", ""tracker-miner-f""]"	"[""StreamTrans"", ""filetop-bpfcc"", ""opensnoop-bpfcc"", ""pgrep"", ""pool-tracker-mi"", ""single"", ""sqldb:c~lite"", ""strace"", ""tracker-miner-f""]"	"[""brk"", ""close"", ""exit_group"", ""fcntl"", ""fstat"", ""futex"", ""getdents64"", ""getpeername"", ""getpid"", ""getsockname"", ""getsockopt"", ""ioctl"", ""lseek"", ""mmap"", ""munmap"", ""newfstatat"", ""openat"", ""poll"", ""read"", ""rmdir"", ""rt_sigaction"", ""setsockopt"", ""uname"", ""unlinkat"", ""write""]"	"[""fstat -> fcntl -> fstat"", ""fstat -> fcntl -> fstat -> no-error -> no-fd"", ""newfstatat -> newfstatat -> newfstatat"", ""newfstatat -> newfstatat -> newfstatat -> no-error -> no-fd"", ""newfstatat -> openat -> fstat"", ""newfstatat -> openat -> fstat -> no-error -> no-fd"", ""openat -> fstat -> fcntl"", ""openat -> fstat -> fcntl -> no-error -> no-fd"", ""read -> read -> read"", ""read -> read -> read -> no-error -> no-fd""]"	"[""ETC_DIR"", ""HOME_DIR"", ""OTHER_DIR"", ""TMP_DIR""]"					pending
7fb72d50d4bdd24f	qut	libffm-0.3.tar.gz	pypi	libffm	0.3	backstabbers	backstabbers:pypi:libffm:row-276		0.3	exact	behavior_event	install	The structured source labels the package trigger as install.		high	install	"{""install"": {""package_file"": ""libffm-0.3.tar.gz"", ""source"": ""QUT-DV25_Install_Traces""}}"	match	0	[]	1	"[{""attribution_scope"": ""package_row_or_reference"", ""match_level"": ""behavior_unobservable"", ""observed_evidence"": ""processed telemetry cannot establish this semantic behavior"", ""report_evidence"": ""The structured source objective is denial of service."", ""type"": ""denial_of_service""}]"	no_concrete_ioc	behavior_unobservable	low	yes	Confirm whether the reported command/process/file/network behavior occurred.	External IOC extraction=none; IOC attribution=unknown; behavior extraction=structured_objective; behavior attribution=package_row_or_reference; version=exact; reported trigger=install (high); observed trigger=install; trigger comparison=match; IOC result=no_concrete_ioc; behavior result=behavior_unobservable. Low-confidence reasons: reported behavior is only partially observed, absent, or semantically unobservable.	[]	[]	[]	[]	[]	"[""bind"", ""brk"", ""clone"", ""close"", ""fchownat"", ""fstat"", ""futex"", ""getcwd"", ""getdents64"", ""geteuid"", ""getpid"", ""getrandom"", ""ioctl"", ""lseek"", ""mkdirat"", ""mmap"", ""mprotect"", ""mremap"", ""munmap"", ""newfstatat"", ""openat"", ""pipe2"", ""read"", ""readlinkat"", ""rt_sigaction"", ""rt_sigprocmask"", ""socket"", ""umask"", ""uname"", ""unlinkat"", ""utimensat"", ""wait4"", ""write""]"	"[""close -> newfstatat -> newfstatat"", ""close -> newfstatat -> newfstatat -> no-error -> no-fd"", ""fstat -> ioctl -> lseek -> no-error -> no-fd"", ""newfstatat -> newfstatat -> newfstatat"", ""newfstatat -> newfstatat -> newfstatat -> no-error -> no-fd"", ""newfstatat -> newfstatat -> openat"", ""newfstatat -> newfstatat -> openat -> no-error -> no-fd"", ""newfstatat -> openat -> fstat"", ""newfstatat -> openat -> fstat -> no-error -> no-fd"", ""openat -> fstat -> ioctl""]"	"[""ETC_DIR"", ""HOME_DIR"", ""OTHER_DIR"", ""TMP_DIR""]"					pending
a6f1f401a066038a	qut	libpeshka-0.2.tar.gz	pypi	libpeshka	0.2	backstabbers	backstabbers:pypi:libpeshka:row-115	https://medium.com/@bertusk/detecting-cyber-attacks-in-the-python-package-index-pypi-61ab2b585c67	0.2;0.3;0.4;0.5;0.6	exact	behavior_event	install	The structured source labels the package trigger as install.	https://medium.com/@bertusk/detecting-cyber-attacks-in-the-python-package-index-pypi-61ab2b585c67	high	install	"{""install"": {""package_file"": ""libpeshka-0.2.tar.gz"", ""source"": ""QUT-DV25_Install_Traces""}}"	match	0	[]	2	"[{""attribution_scope"": ""package_row_or_reference"", ""match_level"": ""behavior_not_observed"", ""observed_evidence"": ""required supporting telemetry was not observed"", ""report_evidence"": ""The structured source objective is dropper."", ""type"": ""payload_download""}, {""attribution_scope"": ""package_row_or_reference"", ""match_level"": ""behavior_partially_observed"", ""observed_evidence"": ""non-harness command or process observed without a report-specific process indicator"", ""report_evidence"": ""The structured source objective is dropper."", ""type"": ""process_execution""}]"	no_concrete_ioc	behavior_not_observed;behavior_partially_observed	low	yes	Confirm whether the reported command/process/file/network behavior occurred.	External IOC extraction=none; IOC attribution=unknown; behavior extraction=structured_objective; behavior attribution=package_row_or_reference; version=exact; reported trigger=install (high); observed trigger=install; trigger comparison=match; IOC result=no_concrete_ioc; behavior result=behavior_not_observed;behavior_partially_observed. Low-confidence reasons: reported behavior is only partially observed, absent, or semantically unobservable.	[]	"[""443"", ""80""]"	[]	"[""StreamTrans"", ""filetop-bpfcc"", ""gnome-system-mo"", ""opensnoop-bpfcc"", ""pgrep"", ""pip"", ""pool-tracker-mi"", ""sqldb:c~lite"", ""strace"", ""tracker-miner-f""]"	"[""StreamTrans"", ""filetop-bpfcc"", ""gnome-system-mo"", ""opensnoop-bpfcc"", ""pgrep"", ""pool-tracker-mi"", ""sqldb:c~lite"", ""strace"", ""tracker-miner-f""]"	"[""brk"", ""close"", ""exit_group"", ""fcntl"", ""fstat"", ""futex"", ""getdents64"", ""getpid"", ""ioctl"", ""lseek"", ""mmap"", ""munmap"", ""newfstatat"", ""openat"", ""poll"", ""read"", ""restart_syscall"", ""rmdir"", ""rt_sigaction"", ""uname"", ""unlink"", ""unlinkat"", ""write""]"	"[""newfstatat -> newfstatat -> newfstatat"", ""newfstatat -> newfstatat -> newfstatat -> no-error -> no-fd"", ""poll -> read -> read"", ""poll -> read -> read -> no-error -> fd=3"", ""read -> poll -> read"", ""read -> poll -> read -> error=EAGAIN -> no-fd"", ""read -> read -> poll"", ""read -> read -> poll -> no-error -> no-fd"", ""read -> read -> read"", ""read -> read -> read -> no-error -> no-fd""]"	"[""ETC_DIR"", ""HOME_DIR"", ""OTHER_DIR"", ""TMP_DIR""]"					pending
1dfecd8f27230e1c	qut	libpeshka-0.3.tar.gz	pypi	libpeshka	0.3	backstabbers	backstabbers:pypi:libpeshka:row-115	https://medium.com/@bertusk/detecting-cyber-attacks-in-the-python-package-index-pypi-61ab2b585c67	0.2;0.3;0.4;0.5;0.6	exact	behavior_event	install	The structured source labels the package trigger as install.	https://medium.com/@bertusk/detecting-cyber-attacks-in-the-python-package-index-pypi-61ab2b585c67	high	install	"{""install"": {""package_file"": ""libpeshka-0.3.tar.gz"", ""source"": ""QUT-DV25_Install_Traces""}}"	match	0	[]	2	"[{""attribution_scope"": ""package_row_or_reference"", ""match_level"": ""behavior_not_observed"", ""observed_evidence"": ""required supporting telemetry was not observed"", ""report_evidence"": ""The structured source objective is dropper."", ""type"": ""payload_download""}, {""attribution_scope"": ""package_row_or_reference"", ""match_level"": ""behavior_partially_observed"", ""observed_evidence"": ""non-harness command or process observed without a report-specific process indicator"", ""report_evidence"": ""The structured source objective is dropper."", ""type"": ""process_execution""}]"	no_concrete_ioc	behavior_not_observed;behavior_partially_observed	low	yes	Confirm whether the reported command/process/file/network behavior occurred.	External IOC extraction=none; IOC attribution=unknown; behavior extraction=structured_objective; behavior attribution=package_row_or_reference; version=exact; reported trigger=install (high); observed trigger=install; trigger comparison=match; IOC result=no_concrete_ioc; behavior result=behavior_not_observed;behavior_partially_observed. Low-confidence reasons: reported behavior is only partially observed, absent, or semantically unobservable.	[]	"[""443"", ""80""]"	[]	"[""StreamTrans"", ""gnome-system-mo"", ""opensnoop-bpfcc"", ""pgrep"", ""pip"", ""pool-tracker-mi"", ""sqldb:c~lite"", ""strace"", ""tcpstates-bpfcc"", ""tracker-miner-f""]"	"[""StreamTrans"", ""gnome-system-mo"", ""opensnoop-bpfcc"", ""pgrep"", ""pool-tracker-mi"", ""sqldb:c~lite"", ""strace"", ""tcpstates-bpfcc"", ""tracker-miner-f""]"	"[""brk"", ""close"", ""exit_group"", ""fcntl"", ""fstat"", ""futex"", ""getdents64"", ""getpeername"", ""getpid"", ""getsockname"", ""getsockopt"", ""ioctl"", ""lseek"", ""mmap"", ""munmap"", ""newfstatat"", ""openat"", ""poll"", ""read"", ""rmdir"", ""rt_sigaction"", ""setsockopt"", ""uname"", ""unlink"", ""unlinkat"", ""write""]"	"[""newfstatat -> newfstatat -> newfstatat"", ""newfstatat -> newfstatat -> newfstatat -> no-error -> no-fd"", ""poll -> read -> read"", ""poll -> read -> read -> no-error -> fd=3"", ""read -> poll -> read"", ""read -> poll -> read -> error=EAGAIN -> no-fd"", ""read -> read -> poll"", ""read -> read -> poll -> no-error -> no-fd"", ""read -> read -> read"", ""read -> read -> read -> no-error -> no-fd""]"	"[""ETC_DIR"", ""HOME_DIR"", ""OTHER_DIR"", ""TMP_DIR""]"					pending
a24a695f397461e2	qut	libpeshka-0.4.tar.gz	pypi	libpeshka	0.4	backstabbers	backstabbers:pypi:libpeshka:row-115	https://medium.com/@bertusk/detecting-cyber-attacks-in-the-python-package-index-pypi-61ab2b585c67	0.2;0.3;0.4;0.5;0.6	exact	behavior_event	install	The structured source labels the package trigger as install.	https://medium.com/@bertusk/detecting-cyber-attacks-in-the-python-package-index-pypi-61ab2b585c67	high	install	"{""install"": {""package_file"": ""libpeshka-0.4.tar.gz"", ""source"": ""QUT-DV25_Install_Traces""}}"	match	0	[]	2	"[{""attribution_scope"": ""package_row_or_reference"", ""match_level"": ""behavior_not_observed"", ""observed_evidence"": ""required supporting telemetry was not observed"", ""report_evidence"": ""The structured source objective is dropper."", ""type"": ""payload_download""}, {""attribution_scope"": ""package_row_or_reference"", ""match_level"": ""behavior_partially_observed"", ""observed_evidence"": ""non-harness command or process observed without a report-specific process indicator"", ""report_evidence"": ""The structured source objective is dropper."", ""type"": ""process_execution""}]"	no_concrete_ioc	behavior_not_observed;behavior_partially_observed	low	yes	Confirm whether the reported command/process/file/network behavior occurred.	External IOC extraction=none; IOC attribution=unknown; behavior extraction=structured_objective; behavior attribution=package_row_or_reference; version=exact; reported trigger=install (high); observed trigger=install; trigger comparison=match; IOC result=no_concrete_ioc; behavior result=behavior_not_observed;behavior_partially_observed. Low-confidence reasons: reported behavior is only partially observed, absent, or semantically unobservable.	[]	"[""443"", ""80""]"	[]	"[""StreamTrans"", ""filetop-bpfcc"", ""gnome-system-mo"", ""opensnoop-bpfcc"", ""pgrep"", ""pip"", ""pool-tracker-mi"", ""sqldb:c~lite"", ""strace"", ""tracker-miner-f""]"	"[""StreamTrans"", ""filetop-bpfcc"", ""gnome-system-mo"", ""opensnoop-bpfcc"", ""pgrep"", ""pool-tracker-mi"", ""sqldb:c~lite"", ""strace"", ""tracker-miner-f""]"	"[""brk"", ""close"", ""exit_group"", ""fcntl"", ""fstat"", ""getdents64"", ""getpid"", ""ioctl"", ""lseek"", ""mmap"", ""munmap"", ""newfstatat"", ""openat"", ""poll"", ""read"", ""restart_syscall"", ""rmdir"", ""rt_sigaction"", ""uname"", ""unlink"", ""unlinkat"", ""write""]"	"[""newfstatat -> newfstatat -> newfstatat"", ""newfstatat -> newfstatat -> newfstatat -> no-error -> no-fd"", ""poll -> read -> read"", ""poll -> read -> read -> no-error -> fd=3"", ""read -> poll -> read"", ""read -> poll -> read -> error=EAGAIN -> no-fd"", ""read -> read -> poll"", ""read -> read -> poll -> no-error -> no-fd"", ""read -> read -> read"", ""read -> read -> read -> no-error -> no-fd""]"	"[""ETC_DIR"", ""HOME_DIR"", ""OTHER_DIR"", ""ROOT_DIR"", ""TMP_DIR""]"					pending
972583736f8164e1	qut	libpeshka-0.5.tar.gz	pypi	libpeshka	0.5	backstabbers	backstabbers:pypi:libpeshka:row-115	https://medium.com/@bertusk/detecting-cyber-attacks-in-the-python-package-index-pypi-61ab2b585c67	0.2;0.3;0.4;0.5;0.6	exact	behavior_event	install	The structured source labels the package trigger as install.	https://medium.com/@bertusk/detecting-cyber-attacks-in-the-python-package-index-pypi-61ab2b585c67	high	install	"{""install"": {""package_file"": ""libpeshka-0.5.tar.gz"", ""source"": ""QUT-DV25_Install_Traces""}}"	match	0	[]	2	"[{""attribution_scope"": ""package_row_or_reference"", ""match_level"": ""behavior_not_observed"", ""observed_evidence"": ""required supporting telemetry was not observed"", ""report_evidence"": ""The structured source objective is dropper."", ""type"": ""payload_download""}, {""attribution_scope"": ""package_row_or_reference"", ""match_level"": ""behavior_partially_observed"", ""observed_evidence"": ""non-harness command or process observed without a report-specific process indicator"", ""report_evidence"": ""The structured source objective is dropper."", ""type"": ""process_execution""}]"	no_concrete_ioc	behavior_not_observed;behavior_partially_observed	low	yes	Confirm whether the reported command/process/file/network behavior occurred.	External IOC extraction=none; IOC attribution=unknown; behavior extraction=structured_objective; behavior attribution=package_row_or_reference; version=exact; reported trigger=install (high); observed trigger=install; trigger comparison=match; IOC result=no_concrete_ioc; behavior result=behavior_not_observed;behavior_partially_observed. Low-confidence reasons: reported behavior is only partially observed, absent, or semantically unobservable.	[]	"[""443"", ""80""]"	[]	"[""StreamTrans"", ""filetop-bpfcc"", ""opensnoop-bpfcc"", ""pgrep"", ""pip"", ""pool-tracker-mi"", ""sqldb:c~lite"", ""tcpstates-bpfcc"", ""tracker-miner-f""]"	"[""StreamTrans"", ""filetop-bpfcc"", ""opensnoop-bpfcc"", ""pgrep"", ""pool-tracker-mi"", ""sqldb:c~lite"", ""tcpstates-bpfcc"", ""tracker-miner-f""]"	"[""close"", ""exit_group"", ""fcntl"", ""fstat"", ""getdents64"", ""getpid"", ""ioctl"", ""lseek"", ""mmap"", ""munmap"", ""newfstatat"", ""openat"", ""read"", ""rmdir"", ""rt_sigaction"", ""uname"", ""unlink"", ""unlinkat"", ""write""]"	"[""fstat -> fcntl -> fstat"", ""fstat -> fcntl -> fstat -> no-error -> no-fd"", ""newfstatat -> newfstatat -> newfstatat"", ""newfstatat -> newfstatat -> newfstatat -> no-error -> no-fd"", ""newfstatat -> newfstatat -> openat"", ""newfstatat -> newfstatat -> openat -> no-error -> no-fd"", ""newfstatat -> openat -> fstat"", ""newfstatat -> openat -> fstat -> no-error -> no-fd"", ""openat -> fstat -> fcntl"", ""openat -> fstat -> fcntl -> no-error -> no-fd""]"	"[""ETC_DIR"", ""HOME_DIR"", ""OTHER_DIR"", ""ROOT_DIR"", ""TMP_DIR""]"					pending
31cbf277d96a0e46	qut	libpeshka-0.6.tar.gz	pypi	libpeshka	0.6	backstabbers	backstabbers:pypi:libpeshka:row-115	https://medium.com/@bertusk/detecting-cyber-attacks-in-the-python-package-index-pypi-61ab2b585c67	0.2;0.3;0.4;0.5;0.6	exact	behavior_event	install	The structured source labels the package trigger as install.	https://medium.com/@bertusk/detecting-cyber-attacks-in-the-python-package-index-pypi-61ab2b585c67	high	install	"{""install"": {""package_file"": ""libpeshka-0.6.tar.gz"", ""source"": ""QUT-DV25_Install_Traces""}}"	match	0	[]	2	"[{""attribution_scope"": ""package_row_or_reference"", ""match_level"": ""behavior_not_observed"", ""observed_evidence"": ""required supporting telemetry was not observed"", ""report_evidence"": ""The structured source objective is dropper."", ""type"": ""payload_download""}, {""attribution_scope"": ""package_row_or_reference"", ""match_level"": ""behavior_partially_observed"", ""observed_evidence"": ""non-harness command or process observed without a report-specific process indicator"", ""report_evidence"": ""The structured source objective is dropper."", ""type"": ""process_execution""}]"	no_concrete_ioc	behavior_not_observed;behavior_partially_observed	low	yes	Confirm whether the reported command/process/file/network behavior occurred.	External IOC extraction=none; IOC attribution=unknown; behavior extraction=structured_objective; behavior attribution=package_row_or_reference; version=exact; reported trigger=install (high); observed trigger=install; trigger comparison=match; IOC result=no_concrete_ioc; behavior result=behavior_not_observed;behavior_partially_observed. Low-confidence reasons: reported behavior is only partially observed, absent, or semantically unobservable.	[]	"[""443"", ""80""]"	[]	"[""StreamTrans"", ""filetop-bpfcc"", ""gnome-system-mo"", ""opensnoop-bpfcc"", ""pgrep"", ""pip"", ""pool-tracker-mi"", ""sqldb:c~lite"", ""strace"", ""tracker-miner-f""]"	"[""StreamTrans"", ""filetop-bpfcc"", ""gnome-system-mo"", ""opensnoop-bpfcc"", ""pgrep"", ""pool-tracker-mi"", ""sqldb:c~lite"", ""strace"", ""tracker-miner-f""]"	"[""close"", ""exit_group"", ""fcntl"", ""fstat"", ""getdents64"", ""getpid"", ""ioctl"", ""lseek"", ""mmap"", ""munmap"", ""newfstatat"", ""openat"", ""read"", ""rmdir"", ""rt_sigaction"", ""uname"", ""unlink"", ""unlinkat"", ""write""]"	"[""newfstatat -> newfstatat -> newfstatat"", ""newfstatat -> newfstatat -> newfstatat -> no-error -> no-fd"", ""newfstatat -> newfstatat -> openat"", ""newfstatat -> newfstatat -> openat -> no-error -> no-fd"", ""newfstatat -> openat -> fstat"", ""newfstatat -> openat -> fstat -> no-error -> no-fd"", ""openat -> fstat -> fcntl"", ""openat -> fstat -> fcntl -> no-error -> no-fd"", ""unlinkat -> unlinkat -> unlinkat"", ""unlinkat -> unlinkat -> unlinkat -> no-error -> no-fd""]"	"[""ETC_DIR"", ""HOME_DIR"", ""OTHER_DIR"", ""ROOT_DIR"", ""TMP_DIR""]"					pending
9be8d2fd68a64bc6	qut	loglib-modules-1.0.8.tar.gz	pypi	loglib-modules	1.0.8	backstabbers	backstabbers:pypi:loglib-modules:row-2670	https://github.com/lxyeternal/pypi_malregistry	1.0.8	exact	behavior_event	install	The structured source labels the package trigger as install.	https://github.com/lxyeternal/pypi_malregistry	high	install	"{""install"": {""package_file"": ""loglib-modules-1.0.8.tar.gz"", ""source"": ""QUT-DV25_Install_Traces""}}"	match	0	[]	1	"[{""attribution_scope"": ""package_row_or_reference"", ""match_level"": ""behavior_not_observed"", ""observed_evidence"": ""required supporting telemetry was not observed"", ""report_evidence"": ""The structured source objective is data exfiltration."", ""type"": ""exfiltration""}]"	no_concrete_ioc	behavior_not_observed	low	yes	Confirm whether the reported command/process/file/network behavior occurred.	External IOC extraction=none; IOC attribution=unknown; behavior extraction=structured_objective; behavior attribution=package_row_or_reference; version=exact; reported trigger=install (high); observed trigger=install; trigger comparison=match; IOC result=no_concrete_ioc; behavior result=behavior_not_observed. Low-confidence reasons: reported behavior is only partially observed, absent, or semantically unobservable.	[]	"[""443"", ""80""]"	[]	"[""StreamTrans"", ""clear"", ""filetop-bpfcc"", ""opensnoop-bpfcc"", ""pgrep"", ""pip"", ""sqldb:c~lite"", ""strace"", ""systemd-oomd"", ""tcpstates-bpfcc""]"	"[""StreamTrans"", ""clear"", ""filetop-bpfcc"", ""opensnoop-bpfcc"", ""pgrep"", ""sqldb:c~lite"", ""strace"", ""systemd-oomd"", ""tcpstates-bpfcc""]"	"[""bind"", ""brk"", ""chmod"", ""close"", ""connect"", ""exit_group"", ""fcntl"", ""fstat"", ""fsync"", ""futex"", ""getdents64"", ""getpeername"", ""getpid"", ""getsockname"", ""getsockopt"", ""ioctl"", ""lseek"", ""mkdir"", ""mmap"", ""mprotect"", ""munmap"", ""newfstatat"", ""openat"", ""poll"", ""read"", ""recvfrom"", ""recvmsg"", ""rename"", ""rmdir"", ""rt_sigaction"", ""sendmmsg"", ""sendto"", ""setsockopt"", ""socket"", ""umask"", ""uname"", ""unlinkat"", ""wait4"", ""write""]"	"[""close -> newfstatat -> openat"", ""close -> newfstatat -> openat -> no-error -> no-fd"", ""lseek -> lseek -> lseek"", ""lseek -> lseek -> lseek -> no-error -> no-fd"", ""newfstatat -> newfstatat -> newfstatat"", ""newfstatat -> newfstatat -> newfstatat -> no-error -> no-fd"", ""newfstatat -> openat -> fstat"", ""newfstatat -> openat -> fstat -> no-error -> no-fd"", ""read -> read -> read"", ""read -> read -> read -> no-error -> no-fd""]"	"[""ETC_DIR"", ""HOME_DIR"", ""OTHER_DIR"", ""ROOT_DIR"", ""TMP_DIR""]"					pending
1f2fa0e91c4b2cdb	qut	mumpy-0.1.tar.gz	pypi	mumpy	0.1	backstabbers	backstabbers:pypi:mumpy:row-119	https://github.com/rsc-dev/pypi_malware	0.1	exact	behavior_event	install	The structured source labels the package trigger as install.	https://github.com/rsc-dev/pypi_malware	high	install	"{""install"": {""package_file"": ""mumpy-0.1.tar.gz"", ""source"": ""QUT-DV25_Install_Traces""}}"	match	0	[]	1	"[{""attribution_scope"": ""package_row_or_reference"", ""match_level"": ""behavior_not_observed"", ""observed_evidence"": ""required supporting telemetry was not observed"", ""report_evidence"": ""The structured source objective is data exfiltration."", ""type"": ""exfiltration""}]"	no_concrete_ioc	behavior_not_observed	low	yes	Confirm whether the reported command/process/file/network behavior occurred.	External IOC extraction=none; IOC attribution=unknown; behavior extraction=structured_objective; behavior attribution=package_row_or_reference; version=exact; reported trigger=install (high); observed trigger=install; trigger comparison=match; IOC result=no_concrete_ioc; behavior result=behavior_not_observed. Low-confidence reasons: reported behavior is only partially observed, absent, or semantically unobservable.	[]	"[""443""]"	[]	"[""Indexed~IO"", ""StreamT~ns"", ""filetop-bpfcc"", ""gnome-system-mo"", ""opensnoop-bpfcc"", ""pgrep"", ""pip"", ""strace"", ""sudo"", ""systemd-logind"", ""tracker-miner-f""]"	"[""Indexed~IO"", ""StreamT~ns"", ""filetop-bpfcc"", ""gnome-system-mo"", ""opensnoop-bpfcc"", ""pgrep"", ""strace"", ""sudo"", ""systemd-logind"", ""tracker-miner-f""]"	"[""clock_nanosleep""]"	[]	"[""ETC_DIR"", ""HOME_DIR"", ""OTHER_DIR"", ""ROOT_DIR"", ""TMP_DIR""]"					pending
f7edb4b3f23dcb2d	qut	mybiubiubiu-0.1.0.tar.gz	pypi	mybiubiubiu	0.1.0	backstabbers	backstabbers:pypi:mybiubiubiu:row-142	https://medium.com/@bertusk/detecting-cyber-attacks-in-the-python-package-index-pypi-61ab2b585c67	0.1.0;0.1.1;0.1.2;0.1.3;0.1.4;0.1.6	exact	behavior_event	install	The structured source labels the package trigger as install.	https://medium.com/@bertusk/detecting-cyber-attacks-in-the-python-package-index-pypi-61ab2b585c67	high	install	"{""install"": {""package_file"": ""mybiubiubiu-0.1.0.tar.gz"", ""source"": ""QUT-DV25_Install_Traces""}}"	match	0	[]	1	"[{""attribution_scope"": ""package_row_or_reference"", ""match_level"": ""behavior_not_observed"", ""observed_evidence"": ""required supporting telemetry was not observed"", ""report_evidence"": ""The structured source objective is data exfiltration."", ""type"": ""exfiltration""}]"	no_concrete_ioc	behavior_not_observed	low	yes	Confirm whether the reported command/process/file/network behavior occurred.	External IOC extraction=none; IOC attribution=unknown; behavior extraction=structured_objective; behavior attribution=package_row_or_reference; version=exact; reported trigger=install (high); observed trigger=install; trigger comparison=match; IOC result=no_concrete_ioc; behavior result=behavior_not_observed. Low-confidence reasons: reported behavior is only partially observed, absent, or semantically unobservable.	[]	"[""443""]"	[]	"[""Indexed~IO"", ""StreamTrans"", ""StreamT~ns"", ""filetop-bpfcc"", ""gnome-system-mo"", ""opensnoop-bpfcc"", ""pgrep"", ""pip"", ""sqldb:c~lite"", ""strace"", ""systemd-logind"", ""tcpstates-bpfcc""]"	"[""Indexed~IO"", ""StreamTrans"", ""StreamT~ns"", ""filetop-bpfcc"", ""gnome-system-mo"", ""opensnoop-bpfcc"", ""pgrep"", ""sqldb:c~lite"", ""strace"", ""systemd-logind"", ""tcpstates-bpfcc""]"	"[""brk"", ""close"", ""exit_group"", ""fcntl"", ""fstat"", ""getdents64"", ""getpid"", ""ioctl"", ""lseek"", ""mmap"", ""munmap"", ""newfstatat"", ""openat"", ""poll"", ""read"", ""restart_syscall"", ""rmdir"", ""rt_sigaction"", ""uname"", ""unlink"", ""unlinkat"", ""write""]"	"[""newfstatat -> newfstatat -> newfstatat"", ""newfstatat -> newfstatat -> newfstatat -> no-error -> no-fd"", ""newfstatat -> newfstatat -> openat"", ""newfstatat -> newfstatat -> openat -> no-error -> no-fd"", ""newfstatat -> openat -> fstat"", ""newfstatat -> openat -> fstat -> no-error -> no-fd"", ""openat -> fstat -> fcntl"", ""openat -> fstat -> fcntl -> no-error -> no-fd"", ""read -> read -> read"", ""read -> read -> read -> no-error -> no-fd""]"	"[""ETC_DIR"", ""HOME_DIR"", ""OTHER_DIR"", ""ROOT_DIR"", ""TMP_DIR""]"					pending
0cf8973eef514faa	qut	mybiubiubiu-0.1.1.tar.gz	pypi	mybiubiubiu	0.1.1	backstabbers	backstabbers:pypi:mybiubiubiu:row-142	https://medium.com/@bertusk/detecting-cyber-attacks-in-the-python-package-index-pypi-61ab2b585c67	0.1.0;0.1.1;0.1.2;0.1.3;0.1.4;0.1.6	exact	behavior_event	install	The structured source labels the package trigger as install.	https://medium.com/@bertusk/detecting-cyber-attacks-in-the-python-package-index-pypi-61ab2b585c67	high	install	"{""install"": {""package_file"": ""mybiubiubiu-0.1.1.tar.gz"", ""source"": ""QUT-DV25_Install_Traces""}}"	match	0	[]	1	"[{""attribution_scope"": ""package_row_or_reference"", ""match_level"": ""behavior_not_observed"", ""observed_evidence"": ""required supporting telemetry was not observed"", ""report_evidence"": ""The structured source objective is data exfiltration."", ""type"": ""exfiltration""}]"	no_concrete_ioc	behavior_not_observed	low	yes	Confirm whether the reported command/process/file/network behavior occurred.	External IOC extraction=none; IOC attribution=unknown; behavior extraction=structured_objective; behavior attribution=package_row_or_reference; version=exact; reported trigger=install (high); observed trigger=install; trigger comparison=match; IOC result=no_concrete_ioc; behavior result=behavior_not_observed. Low-confidence reasons: reported behavior is only partially observed, absent, or semantically unobservable.	[]	"[""443""]"	[]	"[""Indexed~IO"", ""StreamTrans"", ""StreamT~ns"", ""filetop-bpfcc"", ""gnome-system-mo"", ""opensnoop-bpfcc"", ""pgrep"", ""pip"", ""sqldb:c~lite"", ""strace"", ""systemd-logind"", ""tcpstates-bpfcc""]"	"[""Indexed~IO"", ""StreamTrans"", ""StreamT~ns"", ""filetop-bpfcc"", ""gnome-system-mo"", ""opensnoop-bpfcc"", ""pgrep"", ""sqldb:c~lite"", ""strace"", ""systemd-logind"", ""tcpstates-bpfcc""]"	"[""brk"", ""close"", ""exit_group"", ""fcntl"", ""fstat"", ""getdents64"", ""getpid"", ""ioctl"", ""lseek"", ""mmap"", ""munmap"", ""newfstatat"", ""openat"", ""poll"", ""read"", ""restart_syscall"", ""rmdir"", ""rt_sigaction"", ""uname"", ""unlink"", ""unlinkat"", ""write""]"	"[""newfstatat -> newfstatat -> newfstatat"", ""newfstatat -> newfstatat -> newfstatat -> no-error -> no-fd"", ""poll -> read -> read"", ""poll -> read -> read -> no-error -> fd=3"", ""read -> poll -> read"", ""read -> poll -> read -> error=EAGAIN -> no-fd"", ""read -> read -> poll"", ""read -> read -> poll -> no-error -> no-fd"", ""read -> read -> read"", ""read -> read -> read -> no-error -> no-fd""]"	"[""ETC_DIR"", ""HOME_DIR"", ""OTHER_DIR"", ""TMP_DIR""]"					pending
7b3cf04199810e08	qut	mybiubiubiu-0.1.2.tar.gz	pypi	mybiubiubiu	0.1.2	backstabbers	backstabbers:pypi:mybiubiubiu:row-142	https://medium.com/@bertusk/detecting-cyber-attacks-in-the-python-package-index-pypi-61ab2b585c67	0.1.0;0.1.1;0.1.2;0.1.3;0.1.4;0.1.6	exact	behavior_event	install	The structured source labels the package trigger as install.	https://medium.com/@bertusk/detecting-cyber-attacks-in-the-python-package-index-pypi-61ab2b585c67	high	install	"{""install"": {""package_file"": ""mybiubiubiu-0.1.2.tar.gz"", ""source"": ""QUT-DV25_Install_Traces""}}"	match	0	[]	1	"[{""attribution_scope"": ""package_row_or_reference"", ""match_level"": ""behavior_not_observed"", ""observed_evidence"": ""required supporting telemetry was not observed"", ""report_evidence"": ""The structured source objective is data exfiltration."", ""type"": ""exfiltration""}]"	no_concrete_ioc	behavior_not_observed	low	yes	Confirm whether the reported command/process/file/network behavior occurred.	External IOC extraction=none; IOC attribution=unknown; behavior extraction=structured_objective; behavior attribution=package_row_or_reference; version=exact; reported trigger=install (high); observed trigger=install; trigger comparison=match; IOC result=no_concrete_ioc; behavior result=behavior_not_observed. Low-confidence reasons: reported behavior is only partially observed, absent, or semantically unobservable.	[]	"[""443""]"	[]	"[""filetop-bpfcc"", ""gnome-system-mo"", ""opensnoop-bpfcc"", ""pgrep"", ""pip"", ""sqldb:c~lite"", ""strace"", ""systemd-logind""]"	"[""filetop-bpfcc"", ""gnome-system-mo"", ""opensnoop-bpfcc"", ""pgrep"", ""sqldb:c~lite"", ""strace"", ""systemd-logind""]"	"[""brk"", ""close"", ""exit_group"", ""fcntl"", ""fstat"", ""futex"", ""getdents64"", ""getpeername"", ""getpid"", ""getsockname"", ""getsockopt"", ""ioctl"", ""lseek"", ""mmap"", ""munmap"", ""newfstatat"", ""openat"", ""poll"", ""read"", ""restart_syscall"", ""rmdir"", ""rt_sigaction"", ""setsockopt"", ""uname"", ""unlink"", ""unlinkat"", ""write""]"	"[""newfstatat -> newfstatat -> newfstatat"", ""newfstatat -> newfstatat -> newfstatat -> no-error -> no-fd"", ""newfstatat -> newfstatat -> openat"", ""newfstatat -> newfstatat -> openat -> no-error -> no-fd"", ""newfstatat -> openat -> fstat"", ""newfstatat -> openat -> fstat -> no-error -> no-fd"", ""read -> brk -> read"", ""read -> brk -> read -> no-error -> no-fd"", ""read -> read -> read"", ""read -> read -> read -> no-error -> no-fd""]"	"[""ETC_DIR"", ""HOME_DIR"", ""OTHER_DIR"", ""ROOT_DIR"", ""TMP_DIR""]"					pending
298253f9f23e97d9	qut	mybiubiubiu-0.1.3.tar.gz	pypi	mybiubiubiu	0.1.3	backstabbers	backstabbers:pypi:mybiubiubiu:row-142	https://medium.com/@bertusk/detecting-cyber-attacks-in-the-python-package-index-pypi-61ab2b585c67	0.1.0;0.1.1;0.1.2;0.1.3;0.1.4;0.1.6	exact	behavior_event	install	The structured source labels the package trigger as install.	https://medium.com/@bertusk/detecting-cyber-attacks-in-the-python-package-index-pypi-61ab2b585c67	high	install	"{""install"": {""package_file"": ""mybiubiubiu-0.1.3.tar.gz"", ""source"": ""QUT-DV25_Install_Traces""}}"	match	0	[]	1	"[{""attribution_scope"": ""package_row_or_reference"", ""match_level"": ""behavior_not_observed"", ""observed_evidence"": ""required supporting telemetry was not observed"", ""report_evidence"": ""The structured source objective is data exfiltration."", ""type"": ""exfiltration""}]"	no_concrete_ioc	behavior_not_observed	low	yes	Confirm whether the reported command/process/file/network behavior occurred.	External IOC extraction=none; IOC attribution=unknown; behavior extraction=structured_objective; behavior attribution=package_row_or_reference; version=exact; reported trigger=install (high); observed trigger=install; trigger comparison=match; IOC result=no_concrete_ioc; behavior result=behavior_not_observed. Low-confidence reasons: reported behavior is only partially observed, absent, or semantically unobservable.	[]	"[""443""]"	[]	"[""Indexed~IO"", ""StreamTrans"", ""StreamT~ns"", ""filetop-bpfcc"", ""gnome-system-mo"", ""opensnoop-bpfcc"", ""pgrep"", ""pip"", ""sqldb:c~lite"", ""strace"", ""systemd-logind"", ""tcpstates-bpfcc""]"	"[""Indexed~IO"", ""StreamTrans"", ""StreamT~ns"", ""filetop-bpfcc"", ""gnome-system-mo"", ""opensnoop-bpfcc"", ""pgrep"", ""sqldb:c~lite"", ""strace"", ""systemd-logind"", ""tcpstates-bpfcc""]"	"[""brk"", ""close"", ""exit_group"", ""fcntl"", ""fstat"", ""futex"", ""getdents64"", ""getpeername"", ""getpid"", ""getsockname"", ""getsockopt"", ""ioctl"", ""lseek"", ""mmap"", ""munmap"", ""newfstatat"", ""openat"", ""poll"", ""read"", ""restart_syscall"", ""rmdir"", ""rt_sigaction"", ""setsockopt"", ""uname"", ""unlink"", ""unlinkat"", ""write""]"	"[""newfstatat -> newfstatat -> newfstatat"", ""newfstatat -> newfstatat -> newfstatat -> no-error -> no-fd"", ""poll -> read -> read"", ""poll -> read -> read -> no-error -> fd=3"", ""read -> poll -> read"", ""read -> poll -> read -> error=EAGAIN -> no-fd"", ""read -> read -> poll"", ""read -> read -> poll -> no-error -> no-fd"", ""read -> read -> read"", ""read -> read -> read -> no-error -> no-fd""]"	"[""ETC_DIR"", ""HOME_DIR"", ""OTHER_DIR"", ""ROOT_DIR"", ""TMP_DIR""]"					pending
96cc038bb8179dd9	qut	mybiubiubiu-0.1.4.tar.gz	pypi	mybiubiubiu	0.1.4	backstabbers	backstabbers:pypi:mybiubiubiu:row-142	https://medium.com/@bertusk/detecting-cyber-attacks-in-the-python-package-index-pypi-61ab2b585c67	0.1.0;0.1.1;0.1.2;0.1.3;0.1.4;0.1.6	exact	behavior_event	install	The structured source labels the package trigger as install.	https://medium.com/@bertusk/detecting-cyber-attacks-in-the-python-package-index-pypi-61ab2b585c67	high	install	"{""install"": {""package_file"": ""mybiubiubiu-0.1.4.tar.gz"", ""source"": ""QUT-DV25_Install_Traces""}}"	match	0	[]	1	"[{""attribution_scope"": ""package_row_or_reference"", ""match_level"": ""behavior_not_observed"", ""observed_evidence"": ""required supporting telemetry was not observed"", ""report_evidence"": ""The structured source objective is data exfiltration."", ""type"": ""exfiltration""}]"	no_concrete_ioc	behavior_not_observed	low	yes	Confirm whether the reported command/process/file/network behavior occurred.	External IOC extraction=none; IOC attribution=unknown; behavior extraction=structured_objective; behavior attribution=package_row_or_reference; version=exact; reported trigger=install (high); observed trigger=install; trigger comparison=match; IOC result=no_concrete_ioc; behavior result=behavior_not_observed. Low-confidence reasons: reported behavior is only partially observed, absent, or semantically unobservable.	[]	"[""443""]"	[]	"[""StreamTrans"", ""filetop-bpfcc"", ""gnome-system-mo"", ""grep"", ""opensnoop-bpfcc"", ""pgrep"", ""pip"", ""sqldb:c~lite"", ""strace"", ""systemd-logind""]"	"[""StreamTrans"", ""filetop-bpfcc"", ""gnome-system-mo"", ""grep"", ""opensnoop-bpfcc"", ""pgrep"", ""sqldb:c~lite"", ""strace"", ""systemd-logind""]"	"[""close"", ""exit_group"", ""fcntl"", ""fstat"", ""getdents64"", ""getpid"", ""ioctl"", ""lseek"", ""munmap"", ""newfstatat"", ""openat"", ""read"", ""rmdir"", ""rt_sigaction"", ""unlink"", ""unlinkat"", ""write""]"	"[""fcntl -> fstat -> fcntl"", ""fcntl -> fstat -> fcntl -> no-error -> no-fd"", ""fstat -> fcntl -> fstat"", ""fstat -> fcntl -> fstat -> no-error -> no-fd"", ""newfstatat -> newfstatat -> openat"", ""newfstatat -> newfstatat -> openat -> no-error -> no-fd"", ""newfstatat -> openat -> fstat"", ""newfstatat -> openat -> fstat -> no-error -> no-fd"", ""openat -> fstat -> fcntl"", ""openat -> fstat -> fcntl -> no-error -> no-fd""]"	"[""ETC_DIR"", ""HOME_DIR"", ""OTHER_DIR"", ""ROOT_DIR"", ""TMP_DIR""]"					pending
8e0de134441c25ce	qut	mybiubiubiu-0.1.6.tar.gz	pypi	mybiubiubiu	0.1.6	backstabbers	backstabbers:pypi:mybiubiubiu:row-142	https://medium.com/@bertusk/detecting-cyber-attacks-in-the-python-package-index-pypi-61ab2b585c67	0.1.0;0.1.1;0.1.2;0.1.3;0.1.4;0.1.6	exact	behavior_event	install	The structured source labels the package trigger as install.	https://medium.com/@bertusk/detecting-cyber-attacks-in-the-python-package-index-pypi-61ab2b585c67	high	install	"{""install"": {""package_file"": ""mybiubiubiu-0.1.6.tar.gz"", ""source"": ""QUT-DV25_Install_Traces""}}"	match	0	[]	1	"[{""attribution_scope"": ""package_row_or_reference"", ""match_level"": ""behavior_not_observed"", ""observed_evidence"": ""required supporting telemetry was not observed"", ""report_evidence"": ""The structured source objective is data exfiltration."", ""type"": ""exfiltration""}]"	no_concrete_ioc	behavior_not_observed	low	yes	Confirm whether the reported command/process/file/network behavior occurred.	External IOC extraction=none; IOC attribution=unknown; behavior extraction=structured_objective; behavior attribution=package_row_or_reference; version=exact; reported trigger=install (high); observed trigger=install; trigger comparison=match; IOC result=no_concrete_ioc; behavior result=behavior_not_observed. Low-confidence reasons: reported behavior is only partially observed, absent, or semantically unobservable.	[]	"[""443""]"	[]	"[""Indexed~IO"", ""StreamTrans"", ""StreamT~ns"", ""filetop-bpfcc"", ""gnome-system-mo"", ""opensnoop-bpfcc"", ""pgrep"", ""pip"", ""sqldb:c~lite"", ""strace"", ""systemd-logind"", ""tcpstates-bpfcc""]"	"[""Indexed~IO"", ""StreamTrans"", ""StreamT~ns"", ""filetop-bpfcc"", ""gnome-system-mo"", ""opensnoop-bpfcc"", ""pgrep"", ""sqldb:c~lite"", ""strace"", ""systemd-logind"", ""tcpstates-bpfcc""]"	"[""brk"", ""close"", ""exit_group"", ""fcntl"", ""fstat"", ""futex"", ""getdents64"", ""getpeername"", ""getpid"", ""getsockname"", ""getsockopt"", ""ioctl"", ""lseek"", ""mmap"", ""munmap"", ""newfstatat"", ""openat"", ""poll"", ""read"", ""restart_syscall"", ""rmdir"", ""rt_sigaction"", ""setsockopt"", ""uname"", ""unlink"", ""unlinkat"", ""write""]"	"[""newfstatat -> newfstatat -> newfstatat"", ""newfstatat -> newfstatat -> newfstatat -> no-error -> no-fd"", ""newfstatat -> newfstatat -> openat"", ""newfstatat -> newfstatat -> openat -> no-error -> no-fd"", ""newfstatat -> openat -> fstat"", ""newfstatat -> openat -> fstat -> no-error -> no-fd"", ""read -> read -> brk"", ""read -> read -> brk -> no-error -> no-fd"", ""read -> read -> read"", ""read -> read -> read -> no-error -> no-fd""]"	"[""ETC_DIR"", ""HOME_DIR"", ""OTHER_DIR"", ""ROOT_DIR"", ""TMP_DIR""]"					pending
f9d59e4083630430	qut	nmap-python-0.6.1.tar.gz	pypi	nmap-python	0.6.1	backstabbers	backstabbers:pypi:nmap-python:row-113	https://github.com/rsc-dev/pypi_malware	0.6.1	exact	behavior_event	install	The structured source labels the package trigger as install.	https://github.com/rsc-dev/pypi_malware	high	install	"{""install"": {""package_file"": ""nmap-python-0.6.1.tar.gz"", ""source"": ""QUT-DV25_Install_Traces""}}"	match	0	[]	1	"[{""attribution_scope"": ""package_row_or_reference"", ""match_level"": ""behavior_not_observed"", ""observed_evidence"": ""required supporting telemetry was not observed"", ""report_evidence"": ""The structured source objective is data exfiltration."", ""type"": ""exfiltration""}]"	no_concrete_ioc	behavior_not_observed	low	yes	Confirm whether the reported command/process/file/network behavior occurred.	External IOC extraction=none; IOC attribution=unknown; behavior extraction=structured_objective; behavior attribution=package_row_or_reference; version=exact; reported trigger=install (high); observed trigger=install; trigger comparison=match; IOC result=no_concrete_ioc; behavior result=behavior_not_observed. Low-confidence reasons: reported behavior is only partially observed, absent, or semantically unobservable.	[]	"[""443""]"	[]	"[""Indexed~IO"", ""StreamT~ns"", ""filetop-bpfcc"", ""gnome-system-mo"", ""opensnoop-bpfcc"", ""pgrep"", ""pip"", ""python"", ""strace"", ""systemd-logind"", ""tcpstates-bpfcc""]"	"[""Indexed~IO"", ""StreamT~ns"", ""filetop-bpfcc"", ""gnome-system-mo"", ""opensnoop-bpfcc"", ""pgrep"", ""strace"", ""systemd-logind"", ""tcpstates-bpfcc""]"	"[""bind"", ""brk"", ""close"", ""connect"", ""exit_group"", ""fcntl"", ""fstat"", ""futex"", ""getdents64"", ""getpeername"", ""getpid"", ""getrandom"", ""getsockname"", ""getsockopt"", ""ioctl"", ""lseek"", ""munmap"", ""newfstatat"", ""openat"", ""poll"", ""read"", ""recvfrom"", ""recvmsg"", ""rename"", ""restart_syscall"", ""rmdir"", ""rt_sigaction"", ""sendmmsg"", ""sendto"", ""setsockopt"", ""socket"", ""write""]"	"[""getpid -> getpid -> getpid"", ""getpid -> getpid -> getpid -> no-error -> no-fd"", ""read -> read -> brk"", ""read -> read -> brk -> no-error -> no-fd"", ""read -> read -> read"", ""read -> read -> read -> no-error -> no-fd"", ""setsockopt -> ioctl -> connect"", ""setsockopt -> ioctl -> connect -> no-error -> no-fd"", ""socket -> setsockopt -> ioctl"", ""socket -> setsockopt -> ioctl -> no-error -> no-fd""]"	"[""ETC_DIR"", ""HOME_DIR"", ""OTHER_DIR"", ""TMP_DIR""]"					pending
4ff72242885e3c87	qut	openvc-1.0.0.tar.gz	pypi	openvc	1.0.0	backstabbers	backstabbers:pypi:openvc:row-110	https://github.com/rsc-dev/pypi_malware	1.0.0	exact	behavior_event	install	The structured source labels the package trigger as install.	https://github.com/rsc-dev/pypi_malware	high	install	"{""install"": {""package_file"": ""openvc-1.0.0.tar.gz"", ""source"": ""QUT-DV25_Install_Traces""}}"	match	0	[]	1	"[{""attribution_scope"": ""package_row_or_reference"", ""match_level"": ""behavior_not_observed"", ""observed_evidence"": ""required supporting telemetry was not observed"", ""report_evidence"": ""The structured source objective is data exfiltration."", ""type"": ""exfiltration""}]"	no_concrete_ioc	behavior_not_observed	low	yes	Confirm whether the reported command/process/file/network behavior occurred.	External IOC extraction=none; IOC attribution=unknown; behavior extraction=structured_objective; behavior attribution=package_row_or_reference; version=exact; reported trigger=install (high); observed trigger=install; trigger comparison=match; IOC result=no_concrete_ioc; behavior result=behavior_not_observed. Low-confidence reasons: reported behavior is only partially observed, absent, or semantically unobservable.	[]	"[""443""]"	[]	"[""StreamTrans"", ""StreamT~ns"", ""filetop-bpfcc"", ""gnome-system-mo"", ""opensnoop-bpfcc"", ""pgrep"", ""pip"", ""sqldb:c~lite"", ""strace"", ""systemd-logind"", ""tcpstates-bpfcc""]"	"[""StreamTrans"", ""StreamT~ns"", ""filetop-bpfcc"", ""gnome-system-mo"", ""opensnoop-bpfcc"", ""pgrep"", ""sqldb:c~lite"", ""strace"", ""systemd-logind"", ""tcpstates-bpfcc""]"	"[""bind"", ""brk"", ""chmod"", ""close"", ""connect"", ""exit_group"", ""fcntl"", ""fstat"", ""fsync"", ""futex"", ""getdents64"", ""getpeername"", ""getpid"", ""getsockname"", ""getsockopt"", ""ioctl"", ""lseek"", ""mkdir"", ""mmap"", ""mprotect"", ""munmap"", ""newfstatat"", ""openat"", ""poll"", ""read"", ""recvfrom"", ""recvmsg"", ""rename"", ""rmdir"", ""rt_sigaction"", ""sendmmsg"", ""sendto"", ""setsockopt"", ""socket"", ""umask"", ""uname"", ""unlinkat"", ""wait4"", ""write""]"	"[""fstat -> ioctl -> lseek"", ""fstat -> ioctl -> lseek -> no-error -> no-fd"", ""ioctl -> lseek -> lseek -> no-error -> no-fd"", ""lseek -> lseek -> lseek"", ""newfstatat -> newfstatat -> newfstatat"", ""newfstatat -> newfstatat -> newfstatat -> no-error -> no-fd"", ""newfstatat -> openat -> fstat"", ""newfstatat -> openat -> fstat -> no-error -> no-fd"", ""read -> read -> read"", ""read -> read -> read -> no-error -> no-fd""]"	"[""ETC_DIR"", ""HOME_DIR"", ""OTHER_DIR"", ""ROOT_DIR"", ""TMP_DIR""]"					pending
549e1deb2e8e0a07	qut	php-requests-complex-0.0.1.tar.gz	pypi	php-requests-complex	0.0.1	backstabbers	backstabbers:pypi:php-requests-complex:row-2673	https://blog.sonatype.com/pypi-packages-steal-telegram-cache-files-add-windows-remote-desktop-accounts	0.0.1	exact	behavior_event	install	The structured source labels the package trigger as install.	https://blog.sonatype.com/pypi-packages-steal-telegram-cache-files-add-windows-remote-desktop-accounts	high	install	"{""install"": {""package_file"": ""php-requests-complex-0.0.1.tar.gz"", ""source"": ""QUT-DV25_Install_Traces""}}"	match	0	[]	1	"[{""attribution_scope"": ""package_row_or_reference"", ""match_level"": ""behavior_unobservable"", ""observed_evidence"": ""processed telemetry cannot establish this semantic behavior"", ""report_evidence"": ""The structured source objective is backdoor."", ""type"": ""backdoor""}]"	no_concrete_ioc	behavior_unobservable	low	yes	Confirm whether the reported command/process/file/network behavior occurred.	External IOC extraction=none; IOC attribution=unknown; behavior extraction=structured_objective; behavior attribution=package_row_or_reference; version=exact; reported trigger=install (high); observed trigger=install; trigger comparison=match; IOC result=no_concrete_ioc; behavior result=behavior_unobservable. Low-confidence reasons: reported behavior is only partially observed, absent, or semantically unobservable.	[]	"[""443""]"	[]	"[""Classif~date"", ""Indexed~IO"", ""StreamT~ns"", ""clear"", ""filetop-bpfcc"", ""gnome-system-mo"", ""opensnoop-bpfcc"", ""pgrep"", ""pip"", ""pool-org.gnome."", ""sqldb:c~lite"", ""strace""]"	"[""Classif~date"", ""Indexed~IO"", ""StreamT~ns"", ""clear"", ""filetop-bpfcc"", ""gnome-system-mo"", ""opensnoop-bpfcc"", ""pgrep"", ""pool-org.gnome."", ""sqldb:c~lite"", ""strace""]"	"[""bind"", ""brk"", ""chmod"", ""chown"", ""clone"", ""close"", ""connect"", ""exit_group"", ""fcntl"", ""fstat"", ""fsync"", ""futex"", ""getcwd"", ""getdents64"", ""geteuid"", ""getpeername"", ""getpid"", ""getrandom"", ""getsockname"", ""getsockopt"", ""ioctl"", ""lseek"", ""mkdir"", ""mmap"", ""mprotect"", ""mremap"", ""munmap"", ""newfstatat"", ""openat"", ""pipe2"", ""poll"", ""read"", ""recvfrom"", ""recvmsg"", ""rename"", ""rmdir"", ""rt_sigaction"", ""sendmmsg"", ""sendto"", ""setsockopt"", ""sigaltstack"", ""socket"", ""umask"", ""uname"", ""unlink"", ""unlinkat"", ""utimensat"", ""wait4"", ""write""]"	"[""close -> newfstatat -> newfstatat"", ""close -> newfstatat -> newfstatat -> no-error -> no-fd"", ""fstat -> ioctl -> lseek"", ""fstat -> ioctl -> lseek -> no-error -> no-fd"", ""newfstatat -> newfstatat -> newfstatat"", ""newfstatat -> newfstatat -> newfstatat -> no-error -> no-fd"", ""newfstatat -> newfstatat -> openat"", ""newfstatat -> newfstatat -> openat -> no-error -> no-fd"", ""newfstatat -> openat -> fstat"", ""newfstatat -> openat -> fstat -> no-error -> no-fd""]"	"[""ETC_DIR"", ""HOME_DIR"", ""OTHER_DIR"", ""ROOT_DIR"", ""TMP_DIR""]"					pending
164339090c62b515	qut	pip_security-0.0.14.tar.gz	pypi	pip_security	0.0.14	backstabbers	backstabbers:pypi:pip_security:row-280	https://xie.infoq.cn/article/4eea425d9e7abed9cf3f9e0ec	0.0.14	exact	behavior_event	install	The structured source labels the package trigger as install.	https://xie.infoq.cn/article/4eea425d9e7abed9cf3f9e0ec	high	install	"{""install"": {""package_file"": ""pip_security-0.0.14.tar.gz"", ""source"": ""QUT-DV25_Install_Traces""}}"	match	0	[]	1	"[{""attribution_scope"": ""package_row_or_reference"", ""match_level"": ""behavior_unobservable"", ""observed_evidence"": ""processed telemetry cannot establish this semantic behavior"", ""report_evidence"": ""The structured source objective is backdoor."", ""type"": ""backdoor""}]"	no_concrete_ioc	behavior_unobservable	low	yes	Confirm whether the reported command/process/file/network behavior occurred.	External IOC extraction=none; IOC attribution=unknown; behavior extraction=structured_objective; behavior attribution=package_row_or_reference; version=exact; reported trigger=install (high); observed trigger=install; trigger comparison=match; IOC result=no_concrete_ioc; behavior result=behavior_unobservable. Low-confidence reasons: reported behavior is only partially observed, absent, or semantically unobservable.	[]	"[""443"", ""80""]"	[]	"[""StreamTrans"", ""filetop-bpfcc"", ""gnome-system-mo"", ""opensnoop-bpfcc"", ""pgrep"", ""pip"", ""sqldb:c~lite"", ""strace"", ""systemd-logind"", ""tcpstates-bpfcc""]"	"[""StreamTrans"", ""filetop-bpfcc"", ""gnome-system-mo"", ""opensnoop-bpfcc"", ""pgrep"", ""sqldb:c~lite"", ""strace"", ""systemd-logind"", ""tcpstates-bpfcc""]"	"[""brk"", ""chmod"", ""clone3"", ""close"", ""exit_group"", ""fcntl"", ""fstat"", ""getcwd"", ""getdents64"", ""getpid"", ""getrandom"", ""ioctl"", ""listxattr"", ""lseek"", ""mkdir"", ""mmap"", ""munmap"", ""newfstatat"", ""openat"", ""read"", ""rename"", ""rmdir"", ""rt_sigaction"", ""rt_sigprocmask"", ""sendfile"", ""uname"", ""unlinkat"", ""utimensat"", ""wait4"", ""write""]"	"[""fstat -> ioctl -> lseek"", ""fstat -> ioctl -> lseek -> no-error -> no-fd"", ""ioctl -> lseek -> lseek"", ""ioctl -> lseek -> lseek -> error=ENOTTY -> no-fd"", ""newfstatat -> newfstatat -> newfstatat"", ""newfstatat -> newfstatat -> newfstatat -> no-error -> no-fd"", ""newfstatat -> openat -> fstat"", ""openat -> fstat -> ioctl"", ""openat -> fstat -> ioctl -> no-error -> no-fd"", ""read -> read -> close -> no-error -> no-fd""]"	"[""ETC_DIR"", ""HOME_DIR"", ""OTHER_DIR"", ""ROOT_DIR"", ""TMP_DIR""]"					pending
8a31a7a0318f6577	qut	pptest-999.0.10.tar.gz	pypi	pptest	999.0.10	backstabbers	backstabbers:pypi:pptest:row-1207	https://jfrog.com/blog/python-malware-imitates-signed-pypi-traffic-in-novel-exfiltration-technique/	999.0.10;999.0.11;999.0.12;999.0.13;999.0.14;999.0.15;999.0.16;999.0.17;999.0.18;999.0.19;999.0.20;999.0.21;999.0.22;999.0.23;999.0.24;999.0.25;999.0.26;999.0.6;999.0.7;999.0.8;999.0.9	exact	behavior_event	install	The structured source labels the package trigger as install.	https://jfrog.com/blog/python-malware-imitates-signed-pypi-traffic-in-novel-exfiltration-technique/	high	install	"{""install"": {""package_file"": ""pptest-999.0.10.tar.gz"", ""source"": ""QUT-DV25_Install_Traces""}}"	match	0	[]	1	"[{""attribution_scope"": ""package_row_or_reference"", ""match_level"": ""behavior_not_observed"", ""observed_evidence"": ""required supporting telemetry was not observed"", ""report_evidence"": ""The structured source objective is data exfiltration."", ""type"": ""exfiltration""}]"	no_concrete_ioc	behavior_not_observed	low	yes	Confirm whether the reported command/process/file/network behavior occurred.	External IOC extraction=none; IOC attribution=unknown; behavior extraction=structured_objective; behavior attribution=package_row_or_reference; version=exact; reported trigger=install (high); observed trigger=install; trigger comparison=match; IOC result=no_concrete_ioc; behavior result=behavior_not_observed. Low-confidence reasons: reported behavior is only partially observed, absent, or semantically unobservable.	[]	"[""443""]"	[]	"[""StreamTrans"", ""clear"", ""filetop-bpfcc"", ""gnome-terminal-"", ""opensnoop-bpfcc"", ""pgrep"", ""rootkit"", ""sqldb:c~lite"", ""strace"", ""systemd-logind"", ""systemd-oomd"", ""tcpstates-bpfcc""]"	"[""StreamTrans"", ""clear"", ""filetop-bpfcc"", ""gnome-terminal-"", ""opensnoop-bpfcc"", ""pgrep"", ""rootkit"", ""sqldb:c~lite"", ""strace"", ""systemd-logind"", ""systemd-oomd"", ""tcpstates-bpfcc""]"	"[""bind"", ""brk"", ""chmod"", ""close"", ""connect"", ""exit_group"", ""fcntl"", ""fstat"", ""fsync"", ""futex"", ""getcwd"", ""getdents64"", ""geteuid"", ""getpeername"", ""getpid"", ""getrandom"", ""getsockname"", ""getsockopt"", ""ioctl"", ""lseek"", ""mkdir"", ""mmap"", ""mprotect"", ""mremap"", ""munmap"", ""newfstatat"", ""openat"", ""pipe2"", ""poll"", ""read"", ""recvfrom"", ""recvmsg"", ""rename"", ""rmdir"", ""rt_sigaction"", ""rt_sigprocmask"", ""sendmmsg"", ""sendto"", ""setsockopt"", ""socket"", ""umask"", ""uname"", ""unlink"", ""unlinkat"", ""vfork"", ""wait4"", ""write""]"	"[""fstat -> ioctl -> lseek"", ""fstat -> ioctl -> lseek -> error=ENOENT -> no-fd"", ""ioctl -> lseek -> lseek -> no-error -> no-fd"", ""newfstatat -> newfstatat -> newfstatat"", ""newfstatat -> newfstatat -> newfstatat -> no-error -> no-fd"", ""newfstatat -> newfstatat -> openat"", ""newfstatat -> newfstatat -> openat -> no-error -> no-fd"", ""newfstatat -> openat -> fstat"", ""newfstatat -> openat -> fstat -> no-error -> no-fd"", ""openat -> fstat -> ioctl""]"	"[""ETC_DIR"", ""HOME_DIR"", ""OTHER_DIR"", ""ROOT_DIR"", ""TMP_DIR""]"					pending
64fd00f48a0cf46b	qut	pptest-999.0.11.tar.gz	pypi	pptest	999.0.11	backstabbers	backstabbers:pypi:pptest:row-1207	https://jfrog.com/blog/python-malware-imitates-signed-pypi-traffic-in-novel-exfiltration-technique/	999.0.10;999.0.11;999.0.12;999.0.13;999.0.14;999.0.15;999.0.16;999.0.17;999.0.18;999.0.19;999.0.20;999.0.21;999.0.22;999.0.23;999.0.24;999.0.25;999.0.26;999.0.6;999.0.7;999.0.8;999.0.9	exact	behavior_event	install	The structured source labels the package trigger as install.	https://jfrog.com/blog/python-malware-imitates-signed-pypi-traffic-in-novel-exfiltration-technique/	high	install	"{""install"": {""package_file"": ""pptest-999.0.11.tar.gz"", ""source"": ""QUT-DV25_Install_Traces""}}"	match	0	[]	1	"[{""attribution_scope"": ""package_row_or_reference"", ""match_level"": ""behavior_not_observed"", ""observed_evidence"": ""required supporting telemetry was not observed"", ""report_evidence"": ""The structured source objective is data exfiltration."", ""type"": ""exfiltration""}]"	no_concrete_ioc	behavior_not_observed	low	yes	Confirm whether the reported command/process/file/network behavior occurred.	External IOC extraction=none; IOC attribution=unknown; behavior extraction=structured_objective; behavior attribution=package_row_or_reference; version=exact; reported trigger=install (high); observed trigger=install; trigger comparison=match; IOC result=no_concrete_ioc; behavior result=behavior_not_observed. Low-confidence reasons: reported behavior is only partially observed, absent, or semantically unobservable.	[]	"[""443""]"	[]	"[""StreamTrans"", ""clear"", ""filetop-bpfcc"", ""gnome-terminal-"", ""opensnoop-bpfcc"", ""pgrep"", ""rootkit"", ""sqldb:c~lite"", ""strace"", ""systemd-logind"", ""systemd-oomd"", ""tcpstates-bpfcc""]"	"[""StreamTrans"", ""clear"", ""filetop-bpfcc"", ""gnome-terminal-"", ""opensnoop-bpfcc"", ""pgrep"", ""rootkit"", ""sqldb:c~lite"", ""strace"", ""systemd-logind"", ""systemd-oomd"", ""tcpstates-bpfcc""]"	"[""bind"", ""brk"", ""close"", ""connect"", ""exit_group"", ""fcntl"", ""fstat"", ""getdents64"", ""getpeername"", ""getpid"", ""getsockname"", ""getsockopt"", ""ioctl"", ""lseek"", ""mkdir"", ""mmap"", ""munmap"", ""newfstatat"", ""openat"", ""pipe2"", ""poll"", ""read"", ""recvfrom"", ""recvmsg"", ""restart_syscall"", ""rmdir"", ""rt_sigaction"", ""rt_sigprocmask"", ""sendmmsg"", ""sendto"", ""setsockopt"", ""socket"", ""uname"", ""unlinkat"", ""vfork"", ""wait4"", ""write""]"	"[""newfstatat -> newfstatat -> newfstatat"", ""newfstatat -> newfstatat -> newfstatat -> no-error -> no-fd"", ""poll -> read -> read"", ""poll -> read -> read -> no-error -> fd=4"", ""read -> poll -> read"", ""read -> poll -> read -> error=EAGAIN -> no-fd"", ""read -> read -> poll"", ""read -> read -> poll -> no-error -> no-fd"", ""read -> read -> read"", ""read -> read -> read -> no-error -> no-fd""]"	"[""ETC_DIR"", ""HOME_DIR"", ""OTHER_DIR"", ""ROOT_DIR"", ""TMP_DIR""]"					pending
84e3c6dd73659814	qut	pptest-999.0.12.tar.gz	pypi	pptest	999.0.12	backstabbers	backstabbers:pypi:pptest:row-1207	https://jfrog.com/blog/python-malware-imitates-signed-pypi-traffic-in-novel-exfiltration-technique/	999.0.10;999.0.11;999.0.12;999.0.13;999.0.14;999.0.15;999.0.16;999.0.17;999.0.18;999.0.19;999.0.20;999.0.21;999.0.22;999.0.23;999.0.24;999.0.25;999.0.26;999.0.6;999.0.7;999.0.8;999.0.9	exact	behavior_event	install	The structured source labels the package trigger as install.	https://jfrog.com/blog/python-malware-imitates-signed-pypi-traffic-in-novel-exfiltration-technique/	high	install	"{""install"": {""package_file"": ""pptest-999.0.12.tar.gz"", ""source"": ""QUT-DV25_Install_Traces""}}"	match	0	[]	1	"[{""attribution_scope"": ""package_row_or_reference"", ""match_level"": ""behavior_not_observed"", ""observed_evidence"": ""required supporting telemetry was not observed"", ""report_evidence"": ""The structured source objective is data exfiltration."", ""type"": ""exfiltration""}]"	no_concrete_ioc	behavior_not_observed	low	yes	Confirm whether the reported command/process/file/network behavior occurred.	External IOC extraction=none; IOC attribution=unknown; behavior extraction=structured_objective; behavior attribution=package_row_or_reference; version=exact; reported trigger=install (high); observed trigger=install; trigger comparison=match; IOC result=no_concrete_ioc; behavior result=behavior_not_observed. Low-confidence reasons: reported behavior is only partially observed, absent, or semantically unobservable.	[]	"[""443""]"	[]	"[""StreamTrans"", ""filetop-bpfcc"", ""grep"", ""opensnoop-bpfcc"", ""pgrep"", ""pip"", ""sqldb:c~lite"", ""strace"", ""systemd-logind"", ""tcpstates-bpfcc""]"	"[""StreamTrans"", ""filetop-bpfcc"", ""grep"", ""opensnoop-bpfcc"", ""pgrep"", ""sqldb:c~lite"", ""strace"", ""systemd-logind"", ""tcpstates-bpfcc""]"	"[""brk"", ""close"", ""exit_group"", ""fcntl"", ""fstat"", ""futex"", ""getdents64"", ""getpeername"", ""getpid"", ""getsockname"", ""getsockopt"", ""ioctl"", ""lseek"", ""mmap"", ""munmap"", ""newfstatat"", ""openat"", ""poll"", ""read"", ""restart_syscall"", ""rmdir"", ""rt_sigaction"", ""setsockopt"", ""uname"", ""unlink"", ""unlinkat"", ""write""]"	"[""close -> newfstatat -> openat"", ""close -> newfstatat -> openat -> no-error -> no-fd"", ""newfstatat -> newfstatat -> newfstatat"", ""newfstatat -> newfstatat -> newfstatat -> no-error -> no-fd"", ""newfstatat -> openat -> fstat"", ""newfstatat -> openat -> fstat -> no-error -> no-fd"", ""read -> read -> close"", ""read -> read -> close -> no-error -> no-fd"", ""read -> read -> read"", ""read -> read -> read -> no-error -> no-fd""]"	"[""ETC_DIR"", ""HOME_DIR"", ""OTHER_DIR"", ""ROOT_DIR"", ""TMP_DIR""]"					pending
d59f72ff7f8c884f	qut	pptest-999.0.13.tar.gz	pypi	pptest	999.0.13	backstabbers	backstabbers:pypi:pptest:row-1207	https://jfrog.com/blog/python-malware-imitates-signed-pypi-traffic-in-novel-exfiltration-technique/	999.0.10;999.0.11;999.0.12;999.0.13;999.0.14;999.0.15;999.0.16;999.0.17;999.0.18;999.0.19;999.0.20;999.0.21;999.0.22;999.0.23;999.0.24;999.0.25;999.0.26;999.0.6;999.0.7;999.0.8;999.0.9	exact	behavior_event	install	The structured source labels the package trigger as install.	https://jfrog.com/blog/python-malware-imitates-signed-pypi-traffic-in-novel-exfiltration-technique/	high	install	"{""install"": {""package_file"": ""pptest-999.0.13.tar.gz"", ""source"": ""QUT-DV25_Install_Traces""}}"	match	0	[]	1	"[{""attribution_scope"": ""package_row_or_reference"", ""match_level"": ""behavior_not_observed"", ""observed_evidence"": ""required supporting telemetry was not observed"", ""report_evidence"": ""The structured source objective is data exfiltration."", ""type"": ""exfiltration""}]"	no_concrete_ioc	behavior_not_observed	low	yes	Confirm whether the reported command/process/file/network behavior occurred.	External IOC extraction=none; IOC attribution=unknown; behavior extraction=structured_objective; behavior attribution=package_row_or_reference; version=exact; reported trigger=install (high); observed trigger=install; trigger comparison=match; IOC result=no_concrete_ioc; behavior result=behavior_not_observed. Low-confidence reasons: reported behavior is only partially observed, absent, or semantically unobservable.	[]	"[""443""]"	[]	"[""StreamTrans"", ""filetop-bpfcc"", ""opensnoop-bpfcc"", ""pgrep"", ""pip"", ""soffice.bin"", ""sqldb:c~lite"", ""strace"", ""systemd-logind"", ""tcpstates-bpfcc""]"	"[""StreamTrans"", ""filetop-bpfcc"", ""opensnoop-bpfcc"", ""pgrep"", ""soffice.bin"", ""sqldb:c~lite"", ""strace"", ""systemd-logind"", ""tcpstates-bpfcc""]"	"[""bind"", ""brk"", ""close"", ""connect"", ""exit_group"", ""fcntl"", ""fstat"", ""fsync"", ""futex"", ""getcwd"", ""getdents64"", ""getpeername"", ""getpid"", ""getrandom"", ""getsockname"", ""getsockopt"", ""ioctl"", ""lseek"", ""mkdir"", ""mmap"", ""mprotect"", ""mremap"", ""munmap"", ""newfstatat"", ""openat"", ""pipe2"", ""poll"", ""read"", ""recvfrom"", ""recvmsg"", ""rename"", ""rmdir"", ""rt_sigaction"", ""rt_sigprocmask"", ""sendmmsg"", ""sendto"", ""setsockopt"", ""socket"", ""uname"", ""unlink"", ""unlinkat"", ""vfork"", ""wait4"", ""write""]"	"[""close -> newfstatat -> newfstatat -> no-error -> no-fd"", ""fstat -> ioctl -> lseek"", ""newfstatat -> newfstatat -> newfstatat"", ""newfstatat -> newfstatat -> newfstatat -> no-error -> no-fd"", ""newfstatat -> newfstatat -> openat"", ""newfstatat -> newfstatat -> openat -> no-error -> no-fd"", ""newfstatat -> openat -> fstat"", ""newfstatat -> openat -> fstat -> no-error -> no-fd"", ""read -> read -> read"", ""read -> read -> read -> no-error -> no-fd""]"	"[""ETC_DIR"", ""HOME_DIR"", ""OTHER_DIR"", ""ROOT_DIR"", ""TMP_DIR""]"					pending
f68d0ae405df098a	qut	pptest-999.0.14.tar.gz	pypi	pptest	999.0.14	backstabbers	backstabbers:pypi:pptest:row-1207	https://jfrog.com/blog/python-malware-imitates-signed-pypi-traffic-in-novel-exfiltration-technique/	999.0.10;999.0.11;999.0.12;999.0.13;999.0.14;999.0.15;999.0.16;999.0.17;999.0.18;999.0.19;999.0.20;999.0.21;999.0.22;999.0.23;999.0.24;999.0.25;999.0.26;999.0.6;999.0.7;999.0.8;999.0.9	exact	behavior_event	install	The structured source labels the package trigger as install.	https://jfrog.com/blog/python-malware-imitates-signed-pypi-traffic-in-novel-exfiltration-technique/	high	install	"{""install"": {""package_file"": ""pptest-999.0.14.tar.gz"", ""source"": ""QUT-DV25_Install_Traces""}}"	match	0	[]	1	"[{""attribution_scope"": ""package_row_or_reference"", ""match_level"": ""behavior_not_observed"", ""observed_evidence"": ""required supporting telemetry was not observed"", ""report_evidence"": ""The structured source objective is data exfiltration."", ""type"": ""exfiltration""}]"	no_concrete_ioc	behavior_not_observed	low	yes	Confirm whether the reported command/process/file/network behavior occurred.	External IOC extraction=none; IOC attribution=unknown; behavior extraction=structured_objective; behavior attribution=package_row_or_reference; version=exact; reported trigger=install (high); observed trigger=install; trigger comparison=match; IOC result=no_concrete_ioc; behavior result=behavior_not_observed. Low-confidence reasons: reported behavior is only partially observed, absent, or semantically unobservable.	[]	"[""443""]"	[]	"[""StreamTrans"", ""filetop-bpfcc"", ""grep"", ""opensnoop-bpfcc"", ""pgrep"", ""pip"", ""rootkit"", ""sqldb:c~lite"", ""strace"", ""systemd-logind"", ""tcpstates-bpfcc""]"	"[""StreamTrans"", ""filetop-bpfcc"", ""grep"", ""opensnoop-bpfcc"", ""pgrep"", ""rootkit"", ""sqldb:c~lite"", ""strace"", ""systemd-logind"", ""tcpstates-bpfcc""]"	"[""bind"", ""brk"", ""close"", ""connect"", ""exit_group"", ""fcntl"", ""fstat"", ""fsync"", ""futex"", ""getcwd"", ""getdents64"", ""geteuid"", ""getpeername"", ""getpid"", ""getrandom"", ""getsockname"", ""getsockopt"", ""ioctl"", ""lseek"", ""mkdir"", ""mmap"", ""mprotect"", ""mremap"", ""munmap"", ""newfstatat"", ""openat"", ""pipe2"", ""poll"", ""read"", ""readlink"", ""recvfrom"", ""recvmsg"", ""rename"", ""rmdir"", ""rt_sigaction"", ""rt_sigprocmask"", ""sendmmsg"", ""sendto"", ""setsockopt"", ""socket"", ""uname"", ""unlink"", ""unlinkat"", ""vfork"", ""wait4"", ""write""]"	"[""close -> newfstatat -> newfstatat"", ""close -> newfstatat -> newfstatat -> no-error -> no-fd"", ""fstat -> ioctl -> lseek"", ""newfstatat -> newfstatat -> newfstatat"", ""newfstatat -> newfstatat -> newfstatat -> no-error -> no-fd"", ""newfstatat -> newfstatat -> openat"", ""newfstatat -> newfstatat -> openat -> no-error -> no-fd"", ""newfstatat -> openat -> fstat"", ""newfstatat -> openat -> fstat -> no-error -> no-fd"", ""openat -> fstat -> ioctl -> no-error -> no-fd""]"	"[""ETC_DIR"", ""HOME_DIR"", ""OTHER_DIR"", ""ROOT_DIR"", ""TMP_DIR""]"					pending
184b718d54be0f6d	qut	pptest-999.0.15.tar.gz	pypi	pptest	999.0.15	backstabbers	backstabbers:pypi:pptest:row-1207	https://jfrog.com/blog/python-malware-imitates-signed-pypi-traffic-in-novel-exfiltration-technique/	999.0.10;999.0.11;999.0.12;999.0.13;999.0.14;999.0.15;999.0.16;999.0.17;999.0.18;999.0.19;999.0.20;999.0.21;999.0.22;999.0.23;999.0.24;999.0.25;999.0.26;999.0.6;999.0.7;999.0.8;999.0.9	exact	behavior_event	install	The structured source labels the package trigger as install.	https://jfrog.com/blog/python-malware-imitates-signed-pypi-traffic-in-novel-exfiltration-technique/	high	install	"{""install"": {""package_file"": ""pptest-999.0.15.tar.gz"", ""source"": ""QUT-DV25_Install_Traces""}}"	match	0	[]	1	"[{""attribution_scope"": ""package_row_or_reference"", ""match_level"": ""behavior_not_observed"", ""observed_evidence"": ""required supporting telemetry was not observed"", ""report_evidence"": ""The structured source objective is data exfiltration."", ""type"": ""exfiltration""}]"	no_concrete_ioc	behavior_not_observed	low	yes	Confirm whether the reported command/process/file/network behavior occurred.	External IOC extraction=none; IOC attribution=unknown; behavior extraction=structured_objective; behavior attribution=package_row_or_reference; version=exact; reported trigger=install (high); observed trigger=install; trigger comparison=match; IOC result=no_concrete_ioc; behavior result=behavior_not_observed. Low-confidence reasons: reported behavior is only partially observed, absent, or semantically unobservable.	[]	"[""443""]"	[]	"[""StreamTrans"", ""filetop-bpfcc"", ""opensnoop-bpfcc"", ""pgrep"", ""pip"", ""rootkit"", ""sqldb:c~lite"", ""strace"", ""systemd-logind""]"	"[""StreamTrans"", ""filetop-bpfcc"", ""opensnoop-bpfcc"", ""pgrep"", ""rootkit"", ""sqldb:c~lite"", ""strace"", ""systemd-logind""]"	"[""close"", ""exit_group"", ""fcntl"", ""fstat"", ""fsync"", ""futex"", ""getcwd"", ""getdents64"", ""getpeername"", ""getpid"", ""getsockname"", ""getsockopt"", ""ioctl"", ""lseek"", ""mkdir"", ""mmap"", ""mremap"", ""munmap"", ""newfstatat"", ""openat"", ""poll"", ""read"", ""rename"", ""rmdir"", ""rt_sigaction"", ""setsockopt"", ""uname"", ""unlinkat"", ""write""]"	"[""ioctl -> ioctl -> ioctl"", ""ioctl -> ioctl -> ioctl -> no-error -> no-fd"", ""newfstatat -> newfstatat -> newfstatat"", ""newfstatat -> newfstatat -> newfstatat -> no-error -> no-fd"", ""newfstatat -> newfstatat -> openat"", ""newfstatat -> newfstatat -> openat -> no-error -> no-fd"", ""newfstatat -> openat -> fstat"", ""newfstatat -> openat -> fstat -> no-error -> no-fd"", ""read -> read -> read"", ""read -> read -> read -> no-error -> no-fd""]"	"[""ETC_DIR"", ""HOME_DIR"", ""OTHER_DIR"", ""ROOT_DIR"", ""TMP_DIR""]"					pending
b8931e14412b2bf5	qut	pptest-999.0.16.tar.gz	pypi	pptest	999.0.16	backstabbers	backstabbers:pypi:pptest:row-1207	https://jfrog.com/blog/python-malware-imitates-signed-pypi-traffic-in-novel-exfiltration-technique/	999.0.10;999.0.11;999.0.12;999.0.13;999.0.14;999.0.15;999.0.16;999.0.17;999.0.18;999.0.19;999.0.20;999.0.21;999.0.22;999.0.23;999.0.24;999.0.25;999.0.26;999.0.6;999.0.7;999.0.8;999.0.9	exact	behavior_event	install	The structured source labels the package trigger as install.	https://jfrog.com/blog/python-malware-imitates-signed-pypi-traffic-in-novel-exfiltration-technique/	high	install	"{""install"": {""package_file"": ""pptest-999.0.16.tar.gz"", ""source"": ""QUT-DV25_Install_Traces""}}"	match	0	[]	1	"[{""attribution_scope"": ""package_row_or_reference"", ""match_level"": ""behavior_not_observed"", ""observed_evidence"": ""required supporting telemetry was not observed"", ""report_evidence"": ""The structured source objective is data exfiltration."", ""type"": ""exfiltration""}]"	no_concrete_ioc	behavior_not_observed	low	yes	Confirm whether the reported command/process/file/network behavior occurred.	External IOC extraction=none; IOC attribution=unknown; behavior extraction=structured_objective; behavior attribution=package_row_or_reference; version=exact; reported trigger=install (high); observed trigger=install; trigger comparison=match; IOC result=no_concrete_ioc; behavior result=behavior_not_observed. Low-confidence reasons: reported behavior is only partially observed, absent, or semantically unobservable.	[]	"[""443""]"	[]	"[""StreamTrans"", ""filetop-bpfcc"", ""opensnoop-bpfcc"", ""pgrep"", ""pip"", ""sqldb:c~lite"", ""strace"", ""systemd-logind"", ""tcpstates-bpfcc""]"	"[""StreamTrans"", ""filetop-bpfcc"", ""opensnoop-bpfcc"", ""pgrep"", ""sqldb:c~lite"", ""strace"", ""systemd-logind"", ""tcpstates-bpfcc""]"	"[""bind"", ""brk"", ""chown"", ""close"", ""connect"", ""exit_group"", ""fcntl"", ""fstat"", ""futex"", ""getcwd"", ""getdents64"", ""geteuid"", ""getpeername"", ""getpid"", ""getrandom"", ""getsockname"", ""getsockopt"", ""ioctl"", ""lseek"", ""mkdir"", ""mmap"", ""mprotect"", ""mremap"", ""munmap"", ""newfstatat"", ""openat"", ""pipe2"", ""poll"", ""read"", ""recvfrom"", ""recvmsg"", ""rmdir"", ""rt_sigaction"", ""rt_sigprocmask"", ""sendmmsg"", ""sendto"", ""setsockopt"", ""socket"", ""umask"", ""uname"", ""unlink"", ""unlinkat"", ""utimensat"", ""vfork"", ""wait4"", ""write""]"	"[""fstat -> ioctl -> lseek"", ""fstat -> ioctl -> lseek -> no-error -> no-fd"", ""newfstatat -> newfstatat -> newfstatat"", ""newfstatat -> newfstatat -> newfstatat -> no-error -> no-fd"", ""newfstatat -> newfstatat -> openat"", ""newfstatat -> newfstatat -> openat -> no-error -> no-fd"", ""newfstatat -> openat -> fstat"", ""newfstatat -> openat -> fstat -> no-error -> no-fd"", ""read -> read -> read"", ""read -> read -> read -> no-error -> no-fd""]"	"[""ETC_DIR"", ""HOME_DIR"", ""OTHER_DIR"", ""ROOT_DIR"", ""TMP_DIR""]"					pending
4dac0d268d78caeb	qut	pptest-999.0.17.tar.gz	pypi	pptest	999.0.17	backstabbers	backstabbers:pypi:pptest:row-1207	https://jfrog.com/blog/python-malware-imitates-signed-pypi-traffic-in-novel-exfiltration-technique/	999.0.10;999.0.11;999.0.12;999.0.13;999.0.14;999.0.15;999.0.16;999.0.17;999.0.18;999.0.19;999.0.20;999.0.21;999.0.22;999.0.23;999.0.24;999.0.25;999.0.26;999.0.6;999.0.7;999.0.8;999.0.9	exact	behavior_event	install	The structured source labels the package trigger as install.	https://jfrog.com/blog/python-malware-imitates-signed-pypi-traffic-in-novel-exfiltration-technique/	high	install	"{""install"": {""package_file"": ""pptest-999.0.17.tar.gz"", ""source"": ""QUT-DV25_Install_Traces""}}"	match	0	[]	1	"[{""attribution_scope"": ""package_row_or_reference"", ""match_level"": ""behavior_not_observed"", ""observed_evidence"": ""required supporting telemetry was not observed"", ""report_evidence"": ""The structured source objective is data exfiltration."", ""type"": ""exfiltration""}]"	no_concrete_ioc	behavior_not_observed	low	yes	Confirm whether the reported command/process/file/network behavior occurred.	External IOC extraction=none; IOC attribution=unknown; behavior extraction=structured_objective; behavior attribution=package_row_or_reference; version=exact; reported trigger=install (high); observed trigger=install; trigger comparison=match; IOC result=no_concrete_ioc; behavior result=behavior_not_observed. Low-confidence reasons: reported behavior is only partially observed, absent, or semantically unobservable.	[]	"[""443""]"	[]	"[""StreamTrans"", ""filetop-bpfcc"", ""opensnoop-bpfcc"", ""pgrep"", ""pip"", ""rootkit"", ""sqldb:c~lite"", ""strace"", ""systemd-logind"", ""tcpstates-bpfcc""]"	"[""StreamTrans"", ""filetop-bpfcc"", ""opensnoop-bpfcc"", ""pgrep"", ""rootkit"", ""sqldb:c~lite"", ""strace"", ""systemd-logind"", ""tcpstates-bpfcc""]"	"[""bind"", ""brk"", ""close"", ""connect"", ""exit_group"", ""fcntl"", ""fstat"", ""fsync"", ""futex"", ""getcwd"", ""getdents64"", ""geteuid"", ""getpeername"", ""getpid"", ""getrandom"", ""getsockname"", ""getsockopt"", ""ioctl"", ""lseek"", ""mkdir"", ""mmap"", ""mprotect"", ""mremap"", ""munmap"", ""newfstatat"", ""openat"", ""pipe2"", ""poll"", ""read"", ""readlink"", ""recvfrom"", ""recvmsg"", ""rename"", ""rmdir"", ""rt_sigaction"", ""rt_sigprocmask"", ""sendmmsg"", ""sendto"", ""setsockopt"", ""socket"", ""uname"", ""unlink"", ""vfork"", ""wait4"", ""write""]"	"[""close -> newfstatat -> newfstatat"", ""close -> newfstatat -> newfstatat -> no-error -> no-fd"", ""newfstatat -> newfstatat -> newfstatat"", ""newfstatat -> newfstatat -> newfstatat -> no-error -> no-fd"", ""newfstatat -> newfstatat -> openat"", ""newfstatat -> newfstatat -> openat -> no-error -> no-fd"", ""newfstatat -> openat -> fstat"", ""newfstatat -> openat -> fstat -> no-error -> no-fd"", ""read -> read -> close"", ""read -> read -> close -> no-error -> no-fd""]"	"[""ETC_DIR"", ""HOME_DIR"", ""OTHER_DIR"", ""ROOT_DIR"", ""TMP_DIR""]"					pending
4ec1e8f335d834d2	qut	pptest-999.0.18.tar.gz	pypi	pptest	999.0.18	backstabbers	backstabbers:pypi:pptest:row-1207	https://jfrog.com/blog/python-malware-imitates-signed-pypi-traffic-in-novel-exfiltration-technique/	999.0.10;999.0.11;999.0.12;999.0.13;999.0.14;999.0.15;999.0.16;999.0.17;999.0.18;999.0.19;999.0.20;999.0.21;999.0.22;999.0.23;999.0.24;999.0.25;999.0.26;999.0.6;999.0.7;999.0.8;999.0.9	exact	behavior_event	install	The structured source labels the package trigger as install.	https://jfrog.com/blog/python-malware-imitates-signed-pypi-traffic-in-novel-exfiltration-technique/	high	install	"{""install"": {""package_file"": ""pptest-999.0.18.tar.gz"", ""source"": ""QUT-DV25_Install_Traces""}}"	match	0	[]	1	"[{""attribution_scope"": ""package_row_or_reference"", ""match_level"": ""behavior_not_observed"", ""observed_evidence"": ""required supporting telemetry was not observed"", ""report_evidence"": ""The structured source objective is data exfiltration."", ""type"": ""exfiltration""}]"	no_concrete_ioc	behavior_not_observed	low	yes	Confirm whether the reported command/process/file/network behavior occurred.	External IOC extraction=none; IOC attribution=unknown; behavior extraction=structured_objective; behavior attribution=package_row_or_reference; version=exact; reported trigger=install (high); observed trigger=install; trigger comparison=match; IOC result=no_concrete_ioc; behavior result=behavior_not_observed. Low-confidence reasons: reported behavior is only partially observed, absent, or semantically unobservable.	[]	"[""443""]"	[]	"[""StreamTrans"", ""filetop-bpfcc"", ""gnome-terminal-"", ""opensnoop-bpfcc"", ""pgrep"", ""rootkit"", ""sqldb:c~lite""]"	"[""StreamTrans"", ""filetop-bpfcc"", ""gnome-terminal-"", ""opensnoop-bpfcc"", ""pgrep"", ""rootkit"", ""sqldb:c~lite""]"	"[""brk"", ""close"", ""exit_group"", ""fcntl"", ""fstat"", ""getdents64"", ""getpid"", ""ioctl"", ""lseek"", ""mmap"", ""munmap"", ""newfstatat"", ""openat"", ""poll"", ""read"", ""restart_syscall"", ""rmdir"", ""rt_sigaction"", ""uname"", ""unlink"", ""unlinkat"", ""write""]"	"[""newfstatat -> newfstatat -> newfstatat"", ""newfstatat -> newfstatat -> newfstatat -> no-error -> no-fd"", ""newfstatat -> openat -> fstat"", ""newfstatat -> openat -> fstat -> no-error -> no-fd"", ""read -> poll -> read"", ""read -> poll -> read -> error=EAGAIN -> no-fd"", ""read -> read -> poll"", ""read -> read -> poll -> no-error -> no-fd"", ""read -> read -> read"", ""read -> read -> read -> no-error -> no-fd""]"	"[""ETC_DIR"", ""HOME_DIR"", ""OTHER_DIR"", ""TMP_DIR""]"					pending
891a767edcf5e9db	qut	pptest-999.0.19.tar.gz	pypi	pptest	999.0.19	backstabbers	backstabbers:pypi:pptest:row-1207	https://jfrog.com/blog/python-malware-imitates-signed-pypi-traffic-in-novel-exfiltration-technique/	999.0.10;999.0.11;999.0.12;999.0.13;999.0.14;999.0.15;999.0.16;999.0.17;999.0.18;999.0.19;999.0.20;999.0.21;999.0.22;999.0.23;999.0.24;999.0.25;999.0.26;999.0.6;999.0.7;999.0.8;999.0.9	exact	behavior_event	install	The structured source labels the package trigger as install.	https://jfrog.com/blog/python-malware-imitates-signed-pypi-traffic-in-novel-exfiltration-technique/	high	install	"{""install"": {""package_file"": ""pptest-999.0.19.tar.gz"", ""source"": ""QUT-DV25_Install_Traces""}}"	match	0	[]	1	"[{""attribution_scope"": ""package_row_or_reference"", ""match_level"": ""behavior_not_observed"", ""observed_evidence"": ""required supporting telemetry was not observed"", ""report_evidence"": ""The structured source objective is data exfiltration."", ""type"": ""exfiltration""}]"	no_concrete_ioc	behavior_not_observed	low	yes	Confirm whether the reported command/process/file/network behavior occurred.	External IOC extraction=none; IOC attribution=unknown; behavior extraction=structured_objective; behavior attribution=package_row_or_reference; version=exact; reported trigger=install (high); observed trigger=install; trigger comparison=match; IOC result=no_concrete_ioc; behavior result=behavior_not_observed. Low-confidence reasons: reported behavior is only partially observed, absent, or semantically unobservable.	[]	"[""443""]"	[]	"[""StreamTrans"", ""filetop-bpfcc"", ""opensnoop-bpfcc"", ""pgrep"", ""pip"", ""sqldb:c~lite"", ""strace"", ""systemd-logind"", ""tcpstates-bpfcc""]"	"[""StreamTrans"", ""filetop-bpfcc"", ""opensnoop-bpfcc"", ""pgrep"", ""sqldb:c~lite"", ""strace"", ""systemd-logind"", ""tcpstates-bpfcc""]"	"[""bind"", ""brk"", ""close"", ""connect"", ""exit_group"", ""fcntl"", ""fstat"", ""fsync"", ""futex"", ""getcwd"", ""getdents64"", ""geteuid"", ""getpeername"", ""getpid"", ""getrandom"", ""getsockname"", ""getsockopt"", ""ioctl"", ""lseek"", ""mkdir"", ""mmap"", ""mprotect"", ""munmap"", ""newfstatat"", ""openat"", ""pipe2"", ""poll"", ""read"", ""readlink"", ""recvfrom"", ""recvmsg"", ""rename"", ""rmdir"", ""rt_sigaction"", ""rt_sigprocmask"", ""sendmmsg"", ""sendto"", ""setsockopt"", ""socket"", ""uname"", ""unlink"", ""vfork"", ""wait4"", ""write""]"	"[""close -> newfstatat -> newfstatat"", ""close -> newfstatat -> newfstatat -> no-error -> no-fd"", ""fstat -> ioctl -> lseek"", ""newfstatat -> newfstatat -> newfstatat"", ""newfstatat -> newfstatat -> newfstatat -> no-error -> no-fd"", ""newfstatat -> newfstatat -> openat"", ""newfstatat -> newfstatat -> openat -> no-error -> no-fd"", ""newfstatat -> openat -> fstat"", ""newfstatat -> openat -> fstat -> no-error -> no-fd"", ""openat -> fstat -> ioctl -> no-error -> no-fd""]"	"[""ETC_DIR"", ""HOME_DIR"", ""OTHER_DIR"", ""ROOT_DIR"", ""TMP_DIR""]"					pending
cc006ad444482285	qut	pptest-999.0.20.tar.gz	pypi	pptest	999.0.20	backstabbers	backstabbers:pypi:pptest:row-1207	https://jfrog.com/blog/python-malware-imitates-signed-pypi-traffic-in-novel-exfiltration-technique/	999.0.10;999.0.11;999.0.12;999.0.13;999.0.14;999.0.15;999.0.16;999.0.17;999.0.18;999.0.19;999.0.20;999.0.21;999.0.22;999.0.23;999.0.24;999.0.25;999.0.26;999.0.6;999.0.7;999.0.8;999.0.9	exact	behavior_event	install	The structured source labels the package trigger as install.	https://jfrog.com/blog/python-malware-imitates-signed-pypi-traffic-in-novel-exfiltration-technique/	high	install	"{""install"": {""package_file"": ""pptest-999.0.20.tar.gz"", ""source"": ""QUT-DV25_Install_Traces""}}"	match	0	[]	1	"[{""attribution_scope"": ""package_row_or_reference"", ""match_level"": ""behavior_not_observed"", ""observed_evidence"": ""required supporting telemetry was not observed"", ""report_evidence"": ""The structured source objective is data exfiltration."", ""type"": ""exfiltration""}]"	no_concrete_ioc	behavior_not_observed	low	yes	Confirm whether the reported command/process/file/network behavior occurred.	External IOC extraction=none; IOC attribution=unknown; behavior extraction=structured_objective; behavior attribution=package_row_or_reference; version=exact; reported trigger=install (high); observed trigger=install; trigger comparison=match; IOC result=no_concrete_ioc; behavior result=behavior_not_observed. Low-confidence reasons: reported behavior is only partially observed, absent, or semantically unobservable.	[]	"[""443""]"	[]	"[""StreamTrans"", ""filetop-bpfcc"", ""opensnoop-bpfcc"", ""pgrep"", ""pip"", ""sqldb:c~lite"", ""strace"", ""systemd-logind"", ""tcpstates-bpfcc"", ""virtualenv""]"	"[""StreamTrans"", ""filetop-bpfcc"", ""opensnoop-bpfcc"", ""pgrep"", ""sqldb:c~lite"", ""strace"", ""systemd-logind"", ""tcpstates-bpfcc"", ""virtualenv""]"	"[""bind"", ""brk"", ""chown"", ""close"", ""connect"", ""exit_group"", ""fcntl"", ""fstat"", ""futex"", ""getcwd"", ""getdents64"", ""geteuid"", ""getpeername"", ""getpid"", ""getrandom"", ""getsockname"", ""getsockopt"", ""ioctl"", ""lseek"", ""mkdir"", ""mmap"", ""mprotect"", ""mremap"", ""munmap"", ""newfstatat"", ""openat"", ""pipe2"", ""poll"", ""read"", ""recvfrom"", ""recvmsg"", ""rmdir"", ""rt_sigaction"", ""rt_sigprocmask"", ""sendmmsg"", ""sendto"", ""setsockopt"", ""socket"", ""umask"", ""uname"", ""unlink"", ""unlinkat"", ""utimensat"", ""vfork"", ""wait4"", ""write""]"	"[""fstat -> ioctl -> lseek"", ""fstat -> ioctl -> lseek -> no-error -> no-fd"", ""newfstatat -> newfstatat -> newfstatat"", ""newfstatat -> newfstatat -> newfstatat -> no-error -> no-fd"", ""newfstatat -> newfstatat -> openat"", ""newfstatat -> newfstatat -> openat -> no-error -> no-fd"", ""newfstatat -> openat -> fstat"", ""newfstatat -> openat -> fstat -> no-error -> no-fd"", ""read -> read -> read"", ""read -> read -> read -> no-error -> no-fd""]"	"[""ETC_DIR"", ""HOME_DIR"", ""OTHER_DIR"", ""ROOT_DIR"", ""TMP_DIR""]"					pending
0a71446e63a6ec7e	qut	pptest-999.0.21.tar.gz	pypi	pptest	999.0.21	backstabbers	backstabbers:pypi:pptest:row-1207	https://jfrog.com/blog/python-malware-imitates-signed-pypi-traffic-in-novel-exfiltration-technique/	999.0.10;999.0.11;999.0.12;999.0.13;999.0.14;999.0.15;999.0.16;999.0.17;999.0.18;999.0.19;999.0.20;999.0.21;999.0.22;999.0.23;999.0.24;999.0.25;999.0.26;999.0.6;999.0.7;999.0.8;999.0.9	exact	behavior_event	install	The structured source labels the package trigger as install.	https://jfrog.com/blog/python-malware-imitates-signed-pypi-traffic-in-novel-exfiltration-technique/	high	install	"{""install"": {""package_file"": ""pptest-999.0.21.tar.gz"", ""source"": ""QUT-DV25_Install_Traces""}}"	match	0	[]	1	"[{""attribution_scope"": ""package_row_or_reference"", ""match_level"": ""behavior_not_observed"", ""observed_evidence"": ""required supporting telemetry was not observed"", ""report_evidence"": ""The structured source objective is data exfiltration."", ""type"": ""exfiltration""}]"	no_concrete_ioc	behavior_not_observed	low	yes	Confirm whether the reported command/process/file/network behavior occurred.	External IOC extraction=none; IOC attribution=unknown; behavior extraction=structured_objective; behavior attribution=package_row_or_reference; version=exact; reported trigger=install (high); observed trigger=install; trigger comparison=match; IOC result=no_concrete_ioc; behavior result=behavior_not_observed. Low-confidence reasons: reported behavior is only partially observed, absent, or semantically unobservable.	[]	"[""443""]"	[]	"[""StreamTrans"", ""clear"", ""filetop-bpfcc"", ""opensnoop-bpfcc"", ""pgrep"", ""pip"", ""sqldb:c~lite"", ""strace"", ""systemd-logind"", ""tcpstates-bpfcc""]"	"[""StreamTrans"", ""clear"", ""filetop-bpfcc"", ""opensnoop-bpfcc"", ""pgrep"", ""sqldb:c~lite"", ""strace"", ""systemd-logind"", ""tcpstates-bpfcc""]"	"[""close"", ""exit_group"", ""fcntl"", ""fstat"", ""getdents64"", ""getpid"", ""ioctl"", ""lseek"", ""munmap"", ""newfstatat"", ""openat"", ""read"", ""rmdir"", ""rt_sigaction"", ""unlink"", ""unlinkat"", ""write""]"	"[""close -> newfstatat -> openat"", ""close -> newfstatat -> openat -> no-error -> no-fd"", ""fstat -> ioctl -> lseek"", ""fstat -> ioctl -> lseek -> no-error -> no-fd"", ""newfstatat -> openat -> fstat"", ""newfstatat -> openat -> fstat -> no-error -> no-fd"", ""openat -> fstat -> ioctl"", ""openat -> fstat -> ioctl -> no-error -> no-fd"", ""read -> read -> read"", ""read -> read -> read -> no-error -> no-fd""]"	"[""ETC_DIR"", ""HOME_DIR"", ""OTHER_DIR"", ""TMP_DIR""]"					pending
94fb4d9d6fcf148d	qut	pptest-999.0.22.tar.gz	pypi	pptest	999.0.22	backstabbers	backstabbers:pypi:pptest:row-1207	https://jfrog.com/blog/python-malware-imitates-signed-pypi-traffic-in-novel-exfiltration-technique/	999.0.10;999.0.11;999.0.12;999.0.13;999.0.14;999.0.15;999.0.16;999.0.17;999.0.18;999.0.19;999.0.20;999.0.21;999.0.22;999.0.23;999.0.24;999.0.25;999.0.26;999.0.6;999.0.7;999.0.8;999.0.9	exact	behavior_event	install	The structured source labels the package trigger as install.	https://jfrog.com/blog/python-malware-imitates-signed-pypi-traffic-in-novel-exfiltration-technique/	high	install	"{""install"": {""package_file"": ""pptest-999.0.22.tar.gz"", ""source"": ""QUT-DV25_Install_Traces""}}"	match	0	[]	1	"[{""attribution_scope"": ""package_row_or_reference"", ""match_level"": ""behavior_not_observed"", ""observed_evidence"": ""required supporting telemetry was not observed"", ""report_evidence"": ""The structured source objective is data exfiltration."", ""type"": ""exfiltration""}]"	no_concrete_ioc	behavior_not_observed	low	yes	Confirm whether the reported command/process/file/network behavior occurred.	External IOC extraction=none; IOC attribution=unknown; behavior extraction=structured_objective; behavior attribution=package_row_or_reference; version=exact; reported trigger=install (high); observed trigger=install; trigger comparison=match; IOC result=no_concrete_ioc; behavior result=behavior_not_observed. Low-confidence reasons: reported behavior is only partially observed, absent, or semantically unobservable.	[]	"[""443""]"	[]	"[""StreamTrans"", ""filetop-bpfcc"", ""grep"", ""opensnoop-bpfcc"", ""pgrep"", ""pip"", ""sqldb:c~lite"", ""strace"", ""systemd-logind"", ""tcpstates-bpfcc""]"	"[""StreamTrans"", ""filetop-bpfcc"", ""grep"", ""opensnoop-bpfcc"", ""pgrep"", ""sqldb:c~lite"", ""strace"", ""systemd-logind"", ""tcpstates-bpfcc""]"	"[""bind"", ""brk"", ""close"", ""connect"", ""exit_group"", ""fcntl"", ""fstat"", ""fsync"", ""futex"", ""getcwd"", ""getdents64"", ""geteuid"", ""getpeername"", ""getpid"", ""getrandom"", ""getsockname"", ""getsockopt"", ""ioctl"", ""lseek"", ""mkdir"", ""mmap"", ""mprotect"", ""mremap"", ""munmap"", ""newfstatat"", ""openat"", ""pipe2"", ""poll"", ""read"", ""readlink"", ""recvfrom"", ""recvmsg"", ""rename"", ""rmdir"", ""rt_sigaction"", ""rt_sigprocmask"", ""sendmmsg"", ""sendto"", ""setsockopt"", ""socket"", ""uname"", ""unlink"", ""vfork"", ""wait4"", ""write""]"	"[""close -> newfstatat -> newfstatat"", ""close -> newfstatat -> newfstatat -> no-error -> no-fd"", ""fstat -> ioctl -> lseek"", ""newfstatat -> newfstatat -> newfstatat"", ""newfstatat -> newfstatat -> newfstatat -> no-error -> no-fd"", ""newfstatat -> newfstatat -> openat"", ""newfstatat -> newfstatat -> openat -> no-error -> no-fd"", ""newfstatat -> openat -> fstat"", ""newfstatat -> openat -> fstat -> no-error -> no-fd"", ""openat -> fstat -> ioctl -> no-error -> no-fd""]"	"[""ETC_DIR"", ""HOME_DIR"", ""OTHER_DIR"", ""ROOT_DIR"", ""TMP_DIR""]"					pending
518122062cbbfa61	qut	pptest-999.0.23.tar.gz	pypi	pptest	999.0.23	backstabbers	backstabbers:pypi:pptest:row-1207	https://jfrog.com/blog/python-malware-imitates-signed-pypi-traffic-in-novel-exfiltration-technique/	999.0.10;999.0.11;999.0.12;999.0.13;999.0.14;999.0.15;999.0.16;999.0.17;999.0.18;999.0.19;999.0.20;999.0.21;999.0.22;999.0.23;999.0.24;999.0.25;999.0.26;999.0.6;999.0.7;999.0.8;999.0.9	exact	behavior_event	install	The structured source labels the package trigger as install.	https://jfrog.com/blog/python-malware-imitates-signed-pypi-traffic-in-novel-exfiltration-technique/	high	install	"{""install"": {""package_file"": ""pptest-999.0.23.tar.gz"", ""source"": ""QUT-DV25_Install_Traces""}}"	match	0	[]	1	"[{""attribution_scope"": ""package_row_or_reference"", ""match_level"": ""behavior_not_observed"", ""observed_evidence"": ""required supporting telemetry was not observed"", ""report_evidence"": ""The structured source objective is data exfiltration."", ""type"": ""exfiltration""}]"	no_concrete_ioc	behavior_not_observed	low	yes	Confirm whether the reported command/process/file/network behavior occurred.	External IOC extraction=none; IOC attribution=unknown; behavior extraction=structured_objective; behavior attribution=package_row_or_reference; version=exact; reported trigger=install (high); observed trigger=install; trigger comparison=match; IOC result=no_concrete_ioc; behavior result=behavior_not_observed. Low-confidence reasons: reported behavior is only partially observed, absent, or semantically unobservable.	[]	"[""443""]"	[]	"[""StreamTrans"", ""clear"", ""filetop-bpfcc"", ""opensnoop-bpfcc"", ""pgrep"", ""pip"", ""sqldb:c~lite"", ""strace"", ""systemd-logind"", ""systemd-oomd"", ""tcpstates-bpfcc""]"	"[""StreamTrans"", ""clear"", ""filetop-bpfcc"", ""opensnoop-bpfcc"", ""pgrep"", ""sqldb:c~lite"", ""strace"", ""systemd-logind"", ""systemd-oomd"", ""tcpstates-bpfcc""]"	"[""exit_group"", ""munmap""]"	"[""munmap -> munmap -> exit_group""]"	"[""ETC_DIR"", ""HOME_DIR"", ""OTHER_DIR"", ""ROOT_DIR"", ""TMP_DIR""]"					pending
efc5ab0ec9fc736d	qut	pptest-999.0.24.tar.gz	pypi	pptest	999.0.24	backstabbers	backstabbers:pypi:pptest:row-1207	https://jfrog.com/blog/python-malware-imitates-signed-pypi-traffic-in-novel-exfiltration-technique/	999.0.10;999.0.11;999.0.12;999.0.13;999.0.14;999.0.15;999.0.16;999.0.17;999.0.18;999.0.19;999.0.20;999.0.21;999.0.22;999.0.23;999.0.24;999.0.25;999.0.26;999.0.6;999.0.7;999.0.8;999.0.9	exact	behavior_event	install	The structured source labels the package trigger as install.	https://jfrog.com/blog/python-malware-imitates-signed-pypi-traffic-in-novel-exfiltration-technique/	high	install	"{""install"": {""package_file"": ""pptest-999.0.24.tar.gz"", ""source"": ""QUT-DV25_Install_Traces""}}"	match	0	[]	1	"[{""attribution_scope"": ""package_row_or_reference"", ""match_level"": ""behavior_not_observed"", ""observed_evidence"": ""required supporting telemetry was not observed"", ""report_evidence"": ""The structured source objective is data exfiltration."", ""type"": ""exfiltration""}]"	no_concrete_ioc	behavior_not_observed	low	yes	Confirm whether the reported command/process/file/network behavior occurred.	External IOC extraction=none; IOC attribution=unknown; behavior extraction=structured_objective; behavior attribution=package_row_or_reference; version=exact; reported trigger=install (high); observed trigger=install; trigger comparison=match; IOC result=no_concrete_ioc; behavior result=behavior_not_observed. Low-confidence reasons: reported behavior is only partially observed, absent, or semantically unobservable.	[]	"[""443""]"	[]	"[""StreamTrans"", ""filetop-bpfcc"", ""opensnoop-bpfcc"", ""pgrep"", ""pip"", ""sqldb:c~lite"", ""strace"", ""systemd-logind"", ""tcpstates-bpfcc""]"	"[""StreamTrans"", ""filetop-bpfcc"", ""opensnoop-bpfcc"", ""pgrep"", ""sqldb:c~lite"", ""strace"", ""systemd-logind"", ""tcpstates-bpfcc""]"	"[""bind"", ""brk"", ""close"", ""connect"", ""exit_group"", ""fcntl"", ""fstat"", ""fsync"", ""futex"", ""getcwd"", ""getdents64"", ""geteuid"", ""getpeername"", ""getpid"", ""getrandom"", ""getsockname"", ""getsockopt"", ""ioctl"", ""lseek"", ""mkdir"", ""mmap"", ""mprotect"", ""munmap"", ""newfstatat"", ""openat"", ""pipe2"", ""poll"", ""read"", ""recvfrom"", ""recvmsg"", ""rename"", ""rmdir"", ""rt_sigaction"", ""rt_sigprocmask"", ""sendmmsg"", ""sendto"", ""setsockopt"", ""socket"", ""uname"", ""unlink"", ""vfork"", ""wait4"", ""write""]"	"[""close -> newfstatat -> newfstatat"", ""close -> newfstatat -> newfstatat -> no-error -> no-fd"", ""newfstatat -> newfstatat -> newfstatat"", ""newfstatat -> newfstatat -> newfstatat -> no-error -> no-fd"", ""newfstatat -> newfstatat -> openat"", ""newfstatat -> newfstatat -> openat -> no-error -> no-fd"", ""newfstatat -> openat -> fstat"", ""newfstatat -> openat -> fstat -> no-error -> no-fd"", ""read -> read -> read"", ""read -> read -> read -> no-error -> no-fd""]"	"[""ETC_DIR"", ""HOME_DIR"", ""OTHER_DIR"", ""ROOT_DIR"", ""TMP_DIR""]"					pending
04dba4a6dd691778	qut	pptest-999.0.25.tar.gz	pypi	pptest	999.0.25	backstabbers	backstabbers:pypi:pptest:row-1207	https://jfrog.com/blog/python-malware-imitates-signed-pypi-traffic-in-novel-exfiltration-technique/	999.0.10;999.0.11;999.0.12;999.0.13;999.0.14;999.0.15;999.0.16;999.0.17;999.0.18;999.0.19;999.0.20;999.0.21;999.0.22;999.0.23;999.0.24;999.0.25;999.0.26;999.0.6;999.0.7;999.0.8;999.0.9	exact	behavior_event	install	The structured source labels the package trigger as install.	https://jfrog.com/blog/python-malware-imitates-signed-pypi-traffic-in-novel-exfiltration-technique/	high	install	"{""install"": {""package_file"": ""pptest-999.0.25.tar.gz"", ""source"": ""QUT-DV25_Install_Traces""}}"	match	0	[]	1	"[{""attribution_scope"": ""package_row_or_reference"", ""match_level"": ""behavior_not_observed"", ""observed_evidence"": ""required supporting telemetry was not observed"", ""report_evidence"": ""The structured source objective is data exfiltration."", ""type"": ""exfiltration""}]"	no_concrete_ioc	behavior_not_observed	low	yes	Confirm whether the reported command/process/file/network behavior occurred.	External IOC extraction=none; IOC attribution=unknown; behavior extraction=structured_objective; behavior attribution=package_row_or_reference; version=exact; reported trigger=install (high); observed trigger=install; trigger comparison=match; IOC result=no_concrete_ioc; behavior result=behavior_not_observed. Low-confidence reasons: reported behavior is only partially observed, absent, or semantically unobservable.	[]	[]	[]	"[""clear"", ""cron"", ""filetop-bpfcc"", ""opensnoop-bpfcc"", ""pgrep"", ""pip"", ""python"", ""strace"", ""tcpstates-bpfcc"", ""virtualenv""]"	"[""clear"", ""cron"", ""filetop-bpfcc"", ""opensnoop-bpfcc"", ""pgrep"", ""strace"", ""tcpstates-bpfcc"", ""virtualenv""]"	"[""bind"", ""brk"", ""close"", ""connect"", ""exit_group"", ""fcntl"", ""fstat"", ""futex"", ""getdents64"", ""getpeername"", ""getpid"", ""getsockname"", ""getsockopt"", ""ioctl"", ""lseek"", ""mmap"", ""mprotect"", ""munmap"", ""newfstatat"", ""openat"", ""ppoll"", ""read"", ""recvfrom"", ""recvmsg"", ""rt_sigaction"", ""sendmmsg"", ""sendto"", ""setsockopt"", ""socket"", ""uname"", ""unlinkat"", ""wait4"", ""write""]"	"[""ioctl -> ioctl -> ioctl"", ""newfstatat -> newfstatat -> newfstatat"", ""newfstatat -> newfstatat -> newfstatat -> no-error -> no-fd"", ""newfstatat -> newfstatat -> openat"", ""newfstatat -> newfstatat -> openat -> no-error -> no-fd"", ""newfstatat -> openat -> fstat"", ""newfstatat -> openat -> fstat -> no-error -> no-fd"", ""read -> read -> brk -> no-error -> no-fd"", ""read -> read -> read"", ""read -> read -> read -> no-error -> no-fd""]"	"[""ETC_DIR"", ""OTHER_DIR""]"					pending
96ba8cd04ae90615	qut	pptest-999.0.26.tar.gz	pypi	pptest	999.0.26	backstabbers	backstabbers:pypi:pptest:row-1207	https://jfrog.com/blog/python-malware-imitates-signed-pypi-traffic-in-novel-exfiltration-technique/	999.0.10;999.0.11;999.0.12;999.0.13;999.0.14;999.0.15;999.0.16;999.0.17;999.0.18;999.0.19;999.0.20;999.0.21;999.0.22;999.0.23;999.0.24;999.0.25;999.0.26;999.0.6;999.0.7;999.0.8;999.0.9	exact	behavior_event	install	The structured source labels the package trigger as install.	https://jfrog.com/blog/python-malware-imitates-signed-pypi-traffic-in-novel-exfiltration-technique/	high	install	"{""install"": {""package_file"": ""pptest-999.0.26.tar.gz"", ""source"": ""QUT-DV25_Install_Traces""}}"	match	0	[]	1	"[{""attribution_scope"": ""package_row_or_reference"", ""match_level"": ""behavior_not_observed"", ""observed_evidence"": ""required supporting telemetry was not observed"", ""report_evidence"": ""The structured source objective is data exfiltration."", ""type"": ""exfiltration""}]"	no_concrete_ioc	behavior_not_observed	low	yes	Confirm whether the reported command/process/file/network behavior occurred.	External IOC extraction=none; IOC attribution=unknown; behavior extraction=structured_objective; behavior attribution=package_row_or_reference; version=exact; reported trigger=install (high); observed trigger=install; trigger comparison=match; IOC result=no_concrete_ioc; behavior result=behavior_not_observed. Low-confidence reasons: reported behavior is only partially observed, absent, or semantically unobservable.	[]	"[""443""]"	[]	"[""Classif~date"", ""StreamTrans"", ""clear"", ""filetop-bpfcc"", ""opensnoop-bpfcc"", ""pgrep"", ""pip"", ""sqldb:c~lite"", ""strace"", ""systemd-oomd"", ""tcpstates-bpfcc""]"	"[""Classif~date"", ""StreamTrans"", ""clear"", ""filetop-bpfcc"", ""opensnoop-bpfcc"", ""pgrep"", ""sqldb:c~lite"", ""strace"", ""systemd-oomd"", ""tcpstates-bpfcc""]"	"[""bind"", ""brk"", ""chown"", ""close"", ""connect"", ""exit_group"", ""fcntl"", ""fstat"", ""futex"", ""getcwd"", ""getdents64"", ""geteuid"", ""getpeername"", ""getpid"", ""getrandom"", ""getsockname"", ""getsockopt"", ""ioctl"", ""lseek"", ""mkdir"", ""mmap"", ""mprotect"", ""mremap"", ""munmap"", ""newfstatat"", ""openat"", ""pipe2"", ""poll"", ""read"", ""recvfrom"", ""recvmsg"", ""rmdir"", ""rt_sigaction"", ""rt_sigprocmask"", ""sendmmsg"", ""sendto"", ""setsockopt"", ""socket"", ""umask"", ""uname"", ""unlink"", ""unlinkat"", ""utimensat"", ""vfork"", ""wait4"", ""write""]"	"[""fstat -> ioctl -> lseek"", ""fstat -> ioctl -> lseek -> no-error -> no-fd"", ""newfstatat -> newfstatat -> newfstatat"", ""newfstatat -> newfstatat -> newfstatat -> no-error -> no-fd"", ""newfstatat -> newfstatat -> openat"", ""newfstatat -> newfstatat -> openat -> no-error -> no-fd"", ""newfstatat -> openat -> fstat"", ""newfstatat -> openat -> fstat -> no-error -> no-fd"", ""read -> read -> read"", ""read -> read -> read -> no-error -> no-fd""]"	"[""ETC_DIR"", ""HOME_DIR"", ""OTHER_DIR"", ""TMP_DIR""]"					pending
32094f074057e3fd	qut	pptest-999.0.6.tar.gz	pypi	pptest	999.0.6	backstabbers	backstabbers:pypi:pptest:row-1207	https://jfrog.com/blog/python-malware-imitates-signed-pypi-traffic-in-novel-exfiltration-technique/	999.0.10;999.0.11;999.0.12;999.0.13;999.0.14;999.0.15;999.0.16;999.0.17;999.0.18;999.0.19;999.0.20;999.0.21;999.0.22;999.0.23;999.0.24;999.0.25;999.0.26;999.0.6;999.0.7;999.0.8;999.0.9	exact	behavior_event	install	The structured source labels the package trigger as install.	https://jfrog.com/blog/python-malware-imitates-signed-pypi-traffic-in-novel-exfiltration-technique/	high	install	"{""install"": {""package_file"": ""pptest-999.0.6.tar.gz"", ""source"": ""QUT-DV25_Install_Traces""}}"	match	0	[]	1	"[{""attribution_scope"": ""package_row_or_reference"", ""match_level"": ""behavior_not_observed"", ""observed_evidence"": ""required supporting telemetry was not observed"", ""report_evidence"": ""The structured source objective is data exfiltration."", ""type"": ""exfiltration""}]"	no_concrete_ioc	behavior_not_observed	low	yes	Confirm whether the reported command/process/file/network behavior occurred.	External IOC extraction=none; IOC attribution=unknown; behavior extraction=structured_objective; behavior attribution=package_row_or_reference; version=exact; reported trigger=install (high); observed trigger=install; trigger comparison=match; IOC result=no_concrete_ioc; behavior result=behavior_not_observed. Low-confidence reasons: reported behavior is only partially observed, absent, or semantically unobservable.	[]	"[""443""]"	[]	"[""StreamTrans"", ""clear"", ""filetop-bpfcc"", ""opensnoop-bpfcc"", ""pgrep"", ""pip"", ""sqldb:c~lite"", ""strace"", ""tcpstates-bpfcc""]"	"[""StreamTrans"", ""clear"", ""filetop-bpfcc"", ""opensnoop-bpfcc"", ""pgrep"", ""sqldb:c~lite"", ""strace"", ""tcpstates-bpfcc""]"	"[""bind"", ""brk"", ""chmod"", ""close"", ""connect"", ""exit_group"", ""fcntl"", ""fstat"", ""fsync"", ""futex"", ""getcwd"", ""getdents64"", ""getpeername"", ""getpid"", ""getrandom"", ""getsockname"", ""getsockopt"", ""ioctl"", ""lseek"", ""mkdir"", ""mmap"", ""mprotect"", ""mremap"", ""munmap"", ""newfstatat"", ""openat"", ""pipe2"", ""poll"", ""read"", ""recvfrom"", ""recvmsg"", ""rename"", ""rmdir"", ""rt_sigaction"", ""rt_sigprocmask"", ""sendmmsg"", ""sendto"", ""setsockopt"", ""socket"", ""umask"", ""uname"", ""unlink"", ""unlinkat"", ""vfork"", ""wait4"", ""write""]"	"[""fstat -> ioctl -> lseek"", ""fstat -> ioctl -> lseek -> error=ENOENT -> no-fd"", ""ioctl -> lseek -> lseek"", ""ioctl -> lseek -> lseek -> no-error -> no-fd"", ""newfstatat -> newfstatat -> newfstatat"", ""newfstatat -> newfstatat -> newfstatat -> no-error -> no-fd"", ""newfstatat -> newfstatat -> openat -> no-error -> no-fd"", ""newfstatat -> openat -> fstat"", ""newfstatat -> openat -> fstat -> no-error -> no-fd"", ""openat -> fstat -> ioctl""]"	"[""ETC_DIR"", ""HOME_DIR"", ""OTHER_DIR"", ""ROOT_DIR"", ""TMP_DIR""]"					pending
84d26dcebc29ceab	qut	pptest-999.0.7.tar.gz	pypi	pptest	999.0.7	backstabbers	backstabbers:pypi:pptest:row-1207	https://jfrog.com/blog/python-malware-imitates-signed-pypi-traffic-in-novel-exfiltration-technique/	999.0.10;999.0.11;999.0.12;999.0.13;999.0.14;999.0.15;999.0.16;999.0.17;999.0.18;999.0.19;999.0.20;999.0.21;999.0.22;999.0.23;999.0.24;999.0.25;999.0.26;999.0.6;999.0.7;999.0.8;999.0.9	exact	behavior_event	install	The structured source labels the package trigger as install.	https://jfrog.com/blog/python-malware-imitates-signed-pypi-traffic-in-novel-exfiltration-technique/	high	install	"{""install"": {""package_file"": ""pptest-999.0.7.tar.gz"", ""source"": ""QUT-DV25_Install_Traces""}}"	match	0	[]	1	"[{""attribution_scope"": ""package_row_or_reference"", ""match_level"": ""behavior_not_observed"", ""observed_evidence"": ""required supporting telemetry was not observed"", ""report_evidence"": ""The structured source objective is data exfiltration."", ""type"": ""exfiltration""}]"	no_concrete_ioc	behavior_not_observed	low	yes	Confirm whether the reported command/process/file/network behavior occurred.	External IOC extraction=none; IOC attribution=unknown; behavior extraction=structured_objective; behavior attribution=package_row_or_reference; version=exact; reported trigger=install (high); observed trigger=install; trigger comparison=match; IOC result=no_concrete_ioc; behavior result=behavior_not_observed. Low-confidence reasons: reported behavior is only partially observed, absent, or semantically unobservable.	[]	"[""443""]"	[]	"[""dpkg-divert"", ""filetop-bpfcc"", ""grep"", ""opensnoop-bpfcc"", ""pgrep"", ""pip"", ""sqldb:c~lite"", ""strace"", ""systemd-logind""]"	"[""dpkg-divert"", ""filetop-bpfcc"", ""grep"", ""opensnoop-bpfcc"", ""pgrep"", ""sqldb:c~lite"", ""strace"", ""systemd-logind""]"	"[""brk"", ""chmod"", ""close"", ""exit_group"", ""fcntl"", ""fstat"", ""getcwd"", ""getdents64"", ""getpid"", ""getrandom"", ""ioctl"", ""listxattr"", ""lseek"", ""mkdir"", ""mmap"", ""munmap"", ""newfstatat"", ""openat"", ""read"", ""rename"", ""rmdir"", ""rt_sigaction"", ""sendfile"", ""uname"", ""unlink"", ""unlinkat"", ""utimensat"", ""write""]"	"[""fstat -> ioctl -> lseek"", ""fstat -> ioctl -> lseek -> no-error -> no-fd"", ""ioctl -> lseek -> lseek"", ""ioctl -> lseek -> lseek -> error=ENOTTY -> no-fd"", ""newfstatat -> newfstatat -> newfstatat"", ""newfstatat -> newfstatat -> newfstatat -> no-error -> no-fd"", ""newfstatat -> openat -> fstat"", ""openat -> fstat -> ioctl"", ""openat -> fstat -> ioctl -> no-error -> no-fd"", ""read -> read -> close -> no-error -> no-fd""]"	"[""ETC_DIR"", ""HOME_DIR"", ""OTHER_DIR"", ""TMP_DIR""]"					pending
df533597d408575e	qut	pptest-999.0.8.tar.gz	pypi	pptest	999.0.8	backstabbers	backstabbers:pypi:pptest:row-1207	https://jfrog.com/blog/python-malware-imitates-signed-pypi-traffic-in-novel-exfiltration-technique/	999.0.10;999.0.11;999.0.12;999.0.13;999.0.14;999.0.15;999.0.16;999.0.17;999.0.18;999.0.19;999.0.20;999.0.21;999.0.22;999.0.23;999.0.24;999.0.25;999.0.26;999.0.6;999.0.7;999.0.8;999.0.9	exact	behavior_event	install	The structured source labels the package trigger as install.	https://jfrog.com/blog/python-malware-imitates-signed-pypi-traffic-in-novel-exfiltration-technique/	high	install	"{""install"": {""package_file"": ""pptest-999.0.8.tar.gz"", ""source"": ""QUT-DV25_Install_Traces""}}"	match	0	[]	1	"[{""attribution_scope"": ""package_row_or_reference"", ""match_level"": ""behavior_not_observed"", ""observed_evidence"": ""required supporting telemetry was not observed"", ""report_evidence"": ""The structured source objective is data exfiltration."", ""type"": ""exfiltration""}]"	no_concrete_ioc	behavior_not_observed	low	yes	Confirm whether the reported command/process/file/network behavior occurred.	External IOC extraction=none; IOC attribution=unknown; behavior extraction=structured_objective; behavior attribution=package_row_or_reference; version=exact; reported trigger=install (high); observed trigger=install; trigger comparison=match; IOC result=no_concrete_ioc; behavior result=behavior_not_observed. Low-confidence reasons: reported behavior is only partially observed, absent, or semantically unobservable.	[]	"[""443""]"	[]	"[""StreamTrans"", ""clear"", ""filetop-bpfcc"", ""opensnoop-bpfcc"", ""pgrep"", ""pip"", ""sqldb:c~lite"", ""strace"", ""systemd-oomd"", ""tcpstates-bpfcc""]"	"[""StreamTrans"", ""clear"", ""filetop-bpfcc"", ""opensnoop-bpfcc"", ""pgrep"", ""sqldb:c~lite"", ""strace"", ""systemd-oomd"", ""tcpstates-bpfcc""]"	"[""bind"", ""brk"", ""chmod"", ""close"", ""connect"", ""exit_group"", ""fcntl"", ""fstat"", ""fsync"", ""futex"", ""getcwd"", ""getdents64"", ""geteuid"", ""getpeername"", ""getpid"", ""getrandom"", ""getsockname"", ""getsockopt"", ""ioctl"", ""lseek"", ""mkdir"", ""mmap"", ""mprotect"", ""mremap"", ""munmap"", ""newfstatat"", ""openat"", ""pipe2"", ""poll"", ""read"", ""recvfrom"", ""recvmsg"", ""rename"", ""rmdir"", ""rt_sigaction"", ""rt_sigprocmask"", ""sendmmsg"", ""sendto"", ""setsockopt"", ""socket"", ""umask"", ""uname"", ""unlink"", ""unlinkat"", ""vfork"", ""wait4"", ""write""]"	"[""fstat -> ioctl -> lseek"", ""fstat -> ioctl -> lseek -> error=ENOENT -> no-fd"", ""ioctl -> lseek -> lseek -> no-error -> no-fd"", ""newfstatat -> newfstatat -> newfstatat"", ""newfstatat -> newfstatat -> newfstatat -> no-error -> no-fd"", ""newfstatat -> newfstatat -> openat"", ""newfstatat -> newfstatat -> openat -> no-error -> no-fd"", ""newfstatat -> openat -> fstat"", ""newfstatat -> openat -> fstat -> no-error -> no-fd"", ""openat -> fstat -> ioctl""]"	"[""ETC_DIR"", ""HOME_DIR"", ""OTHER_DIR"", ""ROOT_DIR"", ""TMP_DIR""]"					pending
bf210d83f57aa4c8	qut	pptest-999.0.9.tar.gz	pypi	pptest	999.0.9	backstabbers	backstabbers:pypi:pptest:row-1207	https://jfrog.com/blog/python-malware-imitates-signed-pypi-traffic-in-novel-exfiltration-technique/	999.0.10;999.0.11;999.0.12;999.0.13;999.0.14;999.0.15;999.0.16;999.0.17;999.0.18;999.0.19;999.0.20;999.0.21;999.0.22;999.0.23;999.0.24;999.0.25;999.0.26;999.0.6;999.0.7;999.0.8;999.0.9	exact	behavior_event	install	The structured source labels the package trigger as install.	https://jfrog.com/blog/python-malware-imitates-signed-pypi-traffic-in-novel-exfiltration-technique/	high	install	"{""install"": {""package_file"": ""pptest-999.0.9.tar.gz"", ""source"": ""QUT-DV25_Install_Traces""}}"	match	0	[]	1	"[{""attribution_scope"": ""package_row_or_reference"", ""match_level"": ""behavior_not_observed"", ""observed_evidence"": ""required supporting telemetry was not observed"", ""report_evidence"": ""The structured source objective is data exfiltration."", ""type"": ""exfiltration""}]"	no_concrete_ioc	behavior_not_observed	low	yes	Confirm whether the reported command/process/file/network behavior occurred.	External IOC extraction=none; IOC attribution=unknown; behavior extraction=structured_objective; behavior attribution=package_row_or_reference; version=exact; reported trigger=install (high); observed trigger=install; trigger comparison=match; IOC result=no_concrete_ioc; behavior result=behavior_not_observed. Low-confidence reasons: reported behavior is only partially observed, absent, or semantically unobservable.	[]	"[""443""]"	[]	"[""StreamTrans"", ""clear"", ""filetop-bpfcc"", ""gnome-terminal-"", ""opensnoop-bpfcc"", ""pgrep"", ""pip"", ""sqldb:c~lite"", ""strace"", ""tcpstates-bpfcc""]"	"[""StreamTrans"", ""clear"", ""filetop-bpfcc"", ""gnome-terminal-"", ""opensnoop-bpfcc"", ""pgrep"", ""sqldb:c~lite"", ""strace"", ""tcpstates-bpfcc""]"	"[""bind"", ""brk"", ""chmod"", ""close"", ""connect"", ""exit_group"", ""fcntl"", ""fstat"", ""fsync"", ""getdents64"", ""getpeername"", ""getpid"", ""getsockname"", ""getsockopt"", ""ioctl"", ""lseek"", ""mkdir"", ""mmap"", ""munmap"", ""newfstatat"", ""openat"", ""pipe2"", ""poll"", ""read"", ""recvfrom"", ""recvmsg"", ""rename"", ""restart_syscall"", ""rmdir"", ""rt_sigaction"", ""rt_sigprocmask"", ""sendmmsg"", ""sendto"", ""setsockopt"", ""socket"", ""umask"", ""uname"", ""unlink"", ""unlinkat"", ""vfork"", ""wait4"", ""write""]"	"[""fstat -> ioctl -> lseek"", ""fstat -> ioctl -> lseek -> no-error -> no-fd"", ""ioctl -> lseek -> lseek -> no-error -> no-fd"", ""lseek -> lseek -> lseek"", ""newfstatat -> newfstatat -> newfstatat"", ""newfstatat -> newfstatat -> newfstatat -> no-error -> no-fd"", ""newfstatat -> openat -> fstat"", ""newfstatat -> openat -> fstat -> no-error -> no-fd"", ""openat -> fstat -> ioctl"", ""openat -> fstat -> ioctl -> error=ENOENT -> no-fd""]"	"[""ETC_DIR"", ""HOME_DIR"", ""OTHER_DIR"", ""ROOT_DIR"", ""TMP_DIR""]"					pending
e881ea418131c19a	qut	pwd-0.1.3.tar.gz	pypi	pwd	0.1.3	backstabbers	backstabbers:pypi:pwd:row-202	https://www.nbu.gov.sk/skcsirt-sa-20170909-pypi/	0.1.3	exact	behavior_event	install	The structured source labels the package trigger as install.	https://www.nbu.gov.sk/skcsirt-sa-20170909-pypi/	high	install	"{""install"": {""package_file"": ""pwd-0.1.3.tar.gz"", ""source"": ""QUT-DV25_Install_Traces""}}"	match	0	[]	1	"[{""attribution_scope"": ""package_row_or_reference"", ""match_level"": ""behavior_not_observed"", ""observed_evidence"": ""required supporting telemetry was not observed"", ""report_evidence"": ""The structured source objective is data exfiltration."", ""type"": ""exfiltration""}]"	no_concrete_ioc	behavior_not_observed	low	yes	Confirm whether the reported command/process/file/network behavior occurred.	External IOC extraction=none; IOC attribution=unknown; behavior extraction=structured_objective; behavior attribution=package_row_or_reference; version=exact; reported trigger=install (high); observed trigger=install; trigger comparison=match; IOC result=no_concrete_ioc; behavior result=behavior_not_observed. Low-confidence reasons: reported behavior is only partially observed, absent, or semantically unobservable.	[]	"[""443""]"	[]	"[""Indexed~IO"", ""StreamT~ns"", ""filetop-bpfcc"", ""gnome-system-mo"", ""opensnoop-bpfcc"", ""pgrep"", ""pip"", ""rootkit"", ""sqldb:c~lite"", ""strace"", ""systemd-logind"", ""tcpstates-bpfcc""]"	"[""Indexed~IO"", ""StreamT~ns"", ""filetop-bpfcc"", ""gnome-system-mo"", ""opensnoop-bpfcc"", ""pgrep"", ""rootkit"", ""sqldb:c~lite"", ""strace"", ""systemd-logind"", ""tcpstates-bpfcc""]"	"[""exit_group"", ""munmap""]"	"[""munmap -> munmap -> exit_group""]"	"[""ETC_DIR"", ""HOME_DIR"", ""OTHER_DIR"", ""TMP_DIR""]"					pending
43aadf24d8ec8c9f	qut	pwniepip-0.0.2.tar.gz	pypi	pwniepip	0.0.2	backstabbers	backstabbers:pypi:pwniepip:row-282	https://security.tencent.com/index.php/blog/msg/149	0.0.2	exact	behavior_event	install	The structured source labels the package trigger as install.	https://security.tencent.com/index.php/blog/msg/149	high	install	"{""install"": {""package_file"": ""pwniepip-0.0.2.tar.gz"", ""source"": ""QUT-DV25_Install_Traces""}}"	match	0	[]	1	"[{""attribution_scope"": ""package_row_or_reference"", ""match_level"": ""behavior_unobservable"", ""observed_evidence"": ""processed telemetry cannot establish this semantic behavior"", ""report_evidence"": ""The structured source objective is backdoor."", ""type"": ""backdoor""}]"	no_concrete_ioc	behavior_unobservable	low	yes	Confirm whether the reported command/process/file/network behavior occurred.	External IOC extraction=none; IOC attribution=unknown; behavior extraction=structured_objective; behavior attribution=package_row_or_reference; version=exact; reported trigger=install (high); observed trigger=install; trigger comparison=match; IOC result=no_concrete_ioc; behavior result=behavior_unobservable. Low-confidence reasons: reported behavior is only partially observed, absent, or semantically unobservable.	[]	"[""443""]"	[]	"[""filetop-bpfcc"", ""gnome-system-mo"", ""opensnoop-bpfcc"", ""pgrep"", ""pip"", ""rootkit"", ""sqldb:c~lite"", ""strace"", ""tcpstates-bpfcc""]"	"[""filetop-bpfcc"", ""gnome-system-mo"", ""opensnoop-bpfcc"", ""pgrep"", ""rootkit"", ""sqldb:c~lite"", ""strace"", ""tcpstates-bpfcc""]"	"[""brk"", ""chmod"", ""close"", ""exit_group"", ""fcntl"", ""fstat"", ""getcwd"", ""getdents64"", ""getpid"", ""getrandom"", ""ioctl"", ""listxattr"", ""lseek"", ""mkdir"", ""mmap"", ""mprotect"", ""munmap"", ""newfstatat"", ""openat"", ""read"", ""rename"", ""rmdir"", ""rt_sigaction"", ""sendfile"", ""uname"", ""unlink"", ""unlinkat"", ""utimensat"", ""write""]"	"[""fstat -> ioctl -> lseek"", ""fstat -> ioctl -> lseek -> no-error -> no-fd"", ""ioctl -> lseek -> lseek -> error=ENOTTY -> no-fd"", ""newfstatat -> newfstatat -> newfstatat"", ""newfstatat -> newfstatat -> newfstatat -> no-error -> no-fd"", ""newfstatat -> newfstatat -> openat"", ""newfstatat -> openat -> fstat"", ""openat -> fstat -> ioctl"", ""openat -> fstat -> ioctl -> no-error -> no-fd"", ""read -> read -> close -> no-error -> no-fd""]"	"[""ETC_DIR"", ""HOME_DIR"", ""OTHER_DIR"", ""ROOT_DIR"", ""TMP_DIR""]"					pending
a423cf7cbbab8295	qut	pyclack-1.0.0.tar.gz	pypi	pyclack	1.0.0	malicious-packages-info	MAL-2023-8569	https://medium.com/checkmarx-security/attacker-hidden-in-plain-sight-for-nearly-six-months-targeting-python-developers-3712f0f107e0;https://github.com/DataDog/malicious-software-packages-dataset;https://checkmarx.com/blog/attacker-hidden-in-plain-sight-for-nearly-six-months-targeting-python-developers/;https://security.snyk.io/vuln/SNYK-PYTHON-PYCLACK-6069634	1.0.0	exact	both	install	The report states that malicious code embedded in setup.py executes when the referenced packages are installed. Location: Key Points and campaign overview.	https://medium.com/checkmarx-security/attacker-hidden-in-plain-sight-for-nearly-six-months-targeting-python-developers-3712f0f107e0	high	install	"{""install"": {""package_file"": ""pyclack-1.0.0.tar.gz"", ""source"": ""QUT-DV25_Install_Traces""}}"	match	27	"[{""attribution_scope"": ""record_attached"", ""candidate_id"": ""6fe95a569f0250dc"", ""match_level"": ""unmatched"", ""observed_field"": """", ""observed_value"": """", ""telemetry_capability"": ""observable"", ""type"": ""endpoint"", ""value"": ""51.178.25.148:8081""}, {""attribution_scope"": ""record_attached"", ""candidate_id"": ""6fe95a569f0250dc"", ""match_level"": ""unmatched"", ""observed_field"": """", ""observed_value"": """", ""telemetry_capability"": ""observable"", ""type"": ""endpoint"", ""value"": ""51.178.25.148:8081""}, {""attribution_scope"": ""record_attached"", ""candidate_id"": ""6fe95a569f0250dc"", ""match_level"": ""unmatched"", ""observed_field"": """", ""observed_value"": """", ""telemetry_capability"": ""observable"", ""type"": ""endpoint"", ""value"": ""51.178.25.148:8081""}, {""attribution_scope"": ""record_attached"", ""candidate_id"": ""6fe95a569f0250dc"", ""match_level"": ""unmatched"", ""observed_field"": """", ""observed_value"": """", ""telemetry_capability"": ""observable"", ""type"": ""endpoint"", ""value"": ""51.178.25.148:8081""}, {""attribution_scope"": ""record_attached"", ""candidate_id"": ""6fe95a569f0250dc"", ""match_level"": ""unmatched"", ""observed_field"": """", ""observed_value"": """", ""telemetry_capability"": ""observable"", ""type"": ""endpoint"", ""value"": ""51.178.25.148:8081""}, {""attribution_scope"": ""record_attached"", ""candidate_id"": ""6fe95a569f0250dc"", ""match_level"": ""unmatched"", ""observed_field"": """", ""observed_value"": """", ""telemetry_capability"": ""observable"", ""type"": ""endpoint"", ""value"": ""51.178.25.148:8081""}, {""attribution_scope"": ""record_attached"", ""candidate_id"": ""6fe95a569f0250dc"", ""match_level"": ""unmatched"", ""observed_field"": """", ""observed_value"": """", ""telemetry_capability"": ""observable"", ""type"": ""endpoint"", ""value"": ""51.178.25.148:8081""}, {""attribution_scope"": ""record_attached"", ""candidate_id"": ""6fe95a569f0250dc"", ""match_level"": ""unmatched"", ""observed_field"": """", ""observed_value"": """", ""telemetry_capability"": ""observable"", ""type"": ""endpoint"", ""value"": ""51.178.25.148:8081""}, {""attribution_scope"": ""record_attached"", ""candidate_id"": ""6fe95a569f0250dc"", ""match_level"": ""unmatched"", ""observed_field"": """", ""observed_value"": """", ""telemetry_capability"": ""observable"", ""type"": ""endpoint"", ""value"": ""51.178.25.148:8081""}, {""attribution_scope"": ""record_attached"", ""candidate_id"": ""6fe95a569f0250dc"", ""match_level"": ""unmatched"", ""observed_field"": """", ""observed_value"": """", ""telemetry_capability"": ""observable"", ""type"": ""endpoint"", ""value"": ""51.178.25.148:8081""}, {""attribution_scope"": ""record_attached"", ""candidate_id"": ""6d8743faf0b15e8c"", ""match_level"": ""unmatched"", ""observed_field"": """", ""observed_value"": """", ""telemetry_capability"": ""observable"", ""type"": ""ip"", ""value"": ""51.178.25.148""}, {""attribution_scope"": ""record_attached"", ""candidate_id"": ""d0ca5562b9cb09c7"", ""match_level"": ""unobservable"", ""observed_field"": ""domain_not_retained"", ""observed_value"": ""51.178.25.148"", ""telemetry_capability"": ""unobservable"", ""type"": ""url"", ""value"": ""http://51.178.25.148:8081/dl/gamesdk""}, {""attribution_scope"": ""record_attached"", ""candidate_id"": ""e2d46d299392c75d"", ""match_level"": ""unobservable"", ""observed_field"": ""domain_not_retained"", ""observed_value"": ""51.178.25.148"", ""telemetry_capability"": ""unobservable"", ""type"": ""url"", ""value"": ""http://51.178.25.148:8081/dl/runtime""}, {""attribution_scope"": ""record_attached"", ""candidate_id"": ""d8fd9b4d82ba5117"", ""match_level"": ""unobservable"", ""observed_field"": ""domain_not_retained"", ""observed_value"": ""51.178.25.148"", ""telemetry_capability"": ""unobservable"", ""type"": ""url"", ""value"": ""http://51.178.25.148:8081/dl/sys86""}, {""attribution_scope"": ""record_attached"", ""candidate_id"": ""36d5a8b55c35de4b"", ""match_level"": ""unobservable"", ""observed_field"": ""domain_not_retained"", ""observed_value"": ""51.178.25.148"", ""telemetry_capability"": ""unobservable"", ""type"": ""url"", ""value"": ""http://51.178.25.148:8081/dl/system""}, {""attribution_scope"": ""record_attached"", ""candidate_id"": ""2949822a039f54bb"", ""match_level"": ""unobservable"", ""observed_field"": ""domain_not_retained"", ""observed_value"": ""51.178.25.148"", ""telemetry_capability"": ""unobservable"", ""type"": ""url"", ""value"": ""http://51.178.25.148:8081/dl/uwu""}, {""attribution_scope"": ""record_attached"", ""candidate_id"": ""07da0ccabe689e9a"", ""match_level"": ""unobservable"", ""observed_field"": ""domain_not_retained"", ""observed_value"": ""51.178.25.148"", ""telemetry_capability"": ""unobservable"", ""type"": ""url"", ""value"": ""http://51.178.25.148:8081/gethw""}, {""attribution_scope"": ""record_attached"", ""candidate_id"": ""bbf57f99361df438"", ""match_level"": ""unobservable"", ""observed_field"": ""domain_not_retained"", ""observed_value"": ""51.178.25.148"", ""telemetry_capability"": ""unobservable"", ""type"": ""url"", ""value"": ""http://51.178.25.148:8081/getip""}, {""attribution_scope"": ""record_attached"", ""candidate_id"": ""578c7482cf111351"", ""match_level"": ""unobservable"", ""observed_field"": ""domain_not_retained"", ""observed_value"": ""51.178.25.148"", ""telemetry_capability"": ""unobservable"", ""type"": ""url"", ""value"": ""http://51.178.25.148:8081/rooter""}, {""attribution_scope"": ""record_attached"", ""candidate_id"": ""848f473959e29c9a"", ""match_level"": ""unobservable"", ""observed_field"": ""domain_not_retained"", ""observed_value"": ""51.178.25.148"", ""telemetry_capability"": ""unobservable"", ""type"": ""url"", ""value"": ""http://51.178.25.148:8081/upload""}, {""attribution_scope"": ""record_attached"", ""candidate_id"": ""7b38521d7720a5a3"", ""match_level"": ""unobservable"", ""observed_field"": ""domain_not_retained"", ""observed_value"": ""51.178.25.148"", ""telemetry_capability"": ""unobservable"", ""type"": ""url"", ""value"": ""http://51.178.25.148:8081/uploader""}, {""attribution_scope"": ""record_attached"", ""candidate_id"": ""0f77a121a7a702ec"", ""match_level"": ""unobservable"", ""observed_field"": ""domain_not_retained"", ""observed_value"": ""canary.discord.com"", ""telemetry_capability"": ""unobservable"", ""type"": ""url"", ""value"": ""https://canary.discord.com/api/webhooks/1152648911371120681/JlL5FnwmY6nP6RaZxmQ7NI9MGR6HARmAekaPqPDdVTq9K3RJ68Lcd7cz16l9u6eZH9c3""}, {""attribution_scope"": ""record_attached"", ""candidate_id"": ""d36ea75375b2c13b"", ""match_level"": ""unobservable"", ""observed_field"": ""domain_not_retained"", ""observed_value"": ""canary.discord.com"", ""telemetry_capability"": ""unobservable"", ""type"": ""url"", ""value"": ""https://canary.discord.com/api/webhooks/1152716297474424913/z6-hvrQNeyL0m1Mm34JLYj1VVB67sVEXogqJzGCkxYgMFCgCWhQaR07ruMBck1dJAi9g""}, {""attribution_scope"": ""record_attached"", ""candidate_id"": ""3fac290140bedc0d"", ""match_level"": ""unobservable"", ""observed_field"": ""domain_not_retained"", ""observed_value"": ""canary.discord.com"", ""telemetry_capability"": ""unobservable"", ""type"": ""url"", ""value"": ""https://canary.discord.com/api/webhooks/1153431050517762059/MAkfrB4n1Gz6qe7W8ffWTZF92yfN3D_FWPFFaK_FBgDQWB1ZYfbKHa61X_8L6GK175r0""}, {""attribution_scope"": ""record_attached"", ""candidate_id"": ""9cf9ba6817d301af"", ""match_level"": ""unobservable"", ""observed_field"": ""domain_not_retained"", ""observed_value"": ""canary.discord.com"", ""telemetry_capability"": ""unobservable"", ""type"": ""url"", ""value"": ""https://canary.discord.com/api/webhooks/1155235432406196334/3eFtMXnG2laJjInzO_kAzLbW6ebMgbrrwmAcRtZyOfqnyCh-twTT9pSumcKr5QJvbGEZ""}, {""attribution_scope"": ""record_attached"", ""candidate_id"": ""f0324a13e1f14e73"", ""match_level"": ""unobservable"", ""observed_field"": ""domain_not_retained"", ""observed_value"": ""discord.com"", ""telemetry_capability"": ""unobservable"", ""type"": ""url"", ""value"": ""https://discord.com/api/webhooks/1103033150558457876/22oUF1rkDTdxz-iq-2EOR4aVXwDr5vFIeE9zWlitIbYSG2E3XhF8KQIzuo1uXy_bOcos""}, {""attribution_scope"": ""record_attached"", ""candidate_id"": ""a3c5a6c4d0510f30"", ""match_level"": ""unobservable"", ""observed_field"": ""domain_not_retained"", ""observed_value"": ""pastebin.com"", ""telemetry_capability"": ""unobservable"", ""type"": ""url"", ""value"": ""https://pastebin.com/raw/TwHdexDC""}]"	5	"[{""attribution_scope"": ""referenced_report"", ""match_level"": ""behavior_not_observed"", ""observed_evidence"": ""required supporting telemetry was not observed"", ""report_evidence"": ""Collected information is uploaded to attacker-controlled endpoints."", ""type"": ""exfiltration""}, {""attribution_scope"": ""referenced_report"", ""match_level"": ""behavior_not_observed"", ""observed_evidence"": ""required supporting telemetry was not observed"", ""report_evidence"": ""The setup.py payload downloads additional executable content."", ""type"": ""payload_download""}, {""attribution_scope"": ""referenced_report"", ""match_level"": ""behavior_not_observed"", ""observed_evidence"": ""required supporting telemetry was not observed"", ""report_evidence"": ""The campaign places scripts in a startup location to maintain persistence."", ""type"": ""persistence""}, {""attribution_scope"": ""referenced_report"", ""match_level"": ""behavior_partially_observed"", ""observed_evidence"": ""non-harness command or process observed without a report-specific process indicator"", ""report_evidence"": ""Downloaded executable and script payloads are run after installation."", ""type"": ""process_execution""}, {""attribution_scope"": ""referenced_report"", ""match_level"": ""behavior_not_observed"", ""observed_evidence"": ""required supporting telemetry was not observed"", ""report_evidence"": ""The payload collects host, browser, application, and financial information."", ""type"": ""sensitive_data_access""}]"	inconclusive	behavior_not_observed;behavior_partially_observed	low	yes	Confirm whether the reported command/process/file/network behavior occurred.	External IOC extraction=derived_structured_url;structured; IOC attribution=record_attached; behavior extraction=curated_reference_behavior; behavior attribution=referenced_report; version=exact; reported trigger=install (high); observed trigger=install; trigger comparison=match; IOC result=inconclusive; behavior result=behavior_not_observed;behavior_partially_observed. Low-confidence reasons: record-attached IOC applicability to this exact execution is not independently proven; one or more IOC types are only partially observable in this dataset; reported behavior is only partially observed, absent, or semantically unobservable.	[]	"[""443""]"	[]	"[""StreamT~ns"", ""dpkg-divert"", ""filetop-bpfcc"", ""gnome-system-mo"", ""grep"", ""opensnoop-bpfcc"", ""pgrep"", ""pip"", ""sqldb:c~lite"", ""tcpstates-bpfcc""]"	"[""StreamT~ns"", ""dpkg-divert"", ""filetop-bpfcc"", ""gnome-system-mo"", ""grep"", ""opensnoop-bpfcc"", ""pgrep"", ""sqldb:c~lite"", ""tcpstates-bpfcc""]"	"[""bind"", ""brk"", ""close"", ""connect"", ""exit_group"", ""fcntl"", ""fstat"", ""futex"", ""getdents64"", ""getpeername"", ""getpid"", ""getsockname"", ""getsockopt"", ""ioctl"", ""lseek"", ""mmap"", ""mprotect"", ""munmap"", ""newfstatat"", ""openat"", ""poll"", ""read"", ""recvfrom"", ""recvmsg"", ""rmdir"", ""rt_sigaction"", ""sendmmsg"", ""sendto"", ""setsockopt"", ""socket"", ""uname"", ""unlinkat"", ""write""]"	"[""fstat -> fcntl -> fstat"", ""fstat -> fcntl -> fstat -> no-error -> no-fd"", ""newfstatat -> newfstatat -> newfstatat"", ""newfstatat -> newfstatat -> newfstatat -> no-error -> no-fd"", ""newfstatat -> openat -> fstat"", ""newfstatat -> openat -> fstat -> no-error -> no-fd"", ""openat -> fstat -> fcntl"", ""openat -> fstat -> fcntl -> no-error -> no-fd"", ""read -> read -> read"", ""read -> read -> read -> no-error -> no-fd""]"	"[""ETC_DIR"", ""HOME_DIR"", ""OTHER_DIR"", ""ROOT_DIR"", ""TMP_DIR""]"					pending
37ead8ae59b09181	qut	pycolorz-0.0.7.tar.gz	pypi	pycolorz	0.0.7	backstabbers	backstabbers:pypi:pycolorz:row-3037	https://pyup.io/posts/pyup-discovers-new-malicious-pypi-packages	0.0.7	exact	behavior_event	install	The structured source labels the package trigger as install.	https://pyup.io/posts/pyup-discovers-new-malicious-pypi-packages	high	install	"{""install"": {""package_file"": ""pycolorz-0.0.7.tar.gz"", ""source"": ""QUT-DV25_Install_Traces""}}"	match	0	[]	1	"[{""attribution_scope"": ""package_row_or_reference"", ""match_level"": ""behavior_not_observed"", ""observed_evidence"": ""required supporting telemetry was not observed"", ""report_evidence"": ""The structured source objective is data exfiltration."", ""type"": ""exfiltration""}]"	no_concrete_ioc	behavior_not_observed	low	yes	Confirm whether the reported command/process/file/network behavior occurred.	External IOC extraction=none; IOC attribution=unknown; behavior extraction=structured_objective; behavior attribution=package_row_or_reference; version=exact; reported trigger=install (high); observed trigger=install; trigger comparison=match; IOC result=no_concrete_ioc; behavior result=behavior_not_observed. Low-confidence reasons: reported behavior is only partially observed, absent, or semantically unobservable.	[]	"[""443""]"	[]	"[""filetop-bpfcc"", ""gnome-system-mo"", ""opensnoop-bpfcc"", ""pgrep"", ""pip"", ""pool-tracker-mi"", ""sqldb:c~lite"", ""strace"", ""tracker-miner-f""]"	"[""filetop-bpfcc"", ""gnome-system-mo"", ""opensnoop-bpfcc"", ""pgrep"", ""pool-tracker-mi"", ""sqldb:c~lite"", ""strace"", ""tracker-miner-f""]"	"[""bind"", ""brk"", ""chmod"", ""chown"", ""close"", ""connect"", ""exit_group"", ""fcntl"", ""fstat"", ""fsync"", ""futex"", ""getcwd"", ""getdents64"", ""geteuid"", ""getpeername"", ""getpid"", ""getrandom"", ""getsockname"", ""getsockopt"", ""ioctl"", ""lseek"", ""mkdir"", ""mmap"", ""mprotect"", ""mremap"", ""munmap"", ""newfstatat"", ""openat"", ""pipe2"", ""poll"", ""read"", ""recvfrom"", ""recvmsg"", ""rename"", ""rmdir"", ""rt_sigaction"", ""rt_sigprocmask"", ""sendmmsg"", ""sendto"", ""setsockopt"", ""socket"", ""umask"", ""uname"", ""unlink"", ""unlinkat"", ""utimensat"", ""vfork"", ""wait4"", ""write""]"	"[""fstat -> ioctl -> lseek"", ""fstat -> ioctl -> lseek -> no-error -> no-fd"", ""newfstatat -> newfstatat -> newfstatat"", ""newfstatat -> newfstatat -> newfstatat -> no-error -> no-fd"", ""newfstatat -> newfstatat -> openat"", ""newfstatat -> newfstatat -> openat -> no-error -> no-fd"", ""newfstatat -> openat -> fstat"", ""newfstatat -> openat -> fstat -> no-error -> no-fd"", ""read -> read -> read"", ""read -> read -> read -> no-error -> no-fd""]"	"[""ETC_DIR"", ""HOME_DIR"", ""OTHER_DIR"", ""ROOT_DIR"", ""TMP_DIR""]"					pending
5ca7ddd4564c283f	qut	pyconau-funtimes-1.0.6.tar.gz	pypi	pyconau-funtimes	1.0.6	backstabbers	backstabbers:pypi:pyconau-funtimes:row-134	https://medium.com/@bertusk/detecting-cyber-attacks-in-the-python-package-index-pypi-61ab2b585c67	1.0.6	exact	behavior_event	install	The structured source labels the package trigger as install.	https://medium.com/@bertusk/detecting-cyber-attacks-in-the-python-package-index-pypi-61ab2b585c67	high	install	"{""install"": {""package_file"": ""pyconau-funtimes-1.0.6.tar.gz"", ""source"": ""QUT-DV25_Install_Traces""}}"	match	0	[]	1	"[{""attribution_scope"": ""package_row_or_reference"", ""match_level"": ""behavior_unobservable"", ""observed_evidence"": ""processed telemetry cannot establish this semantic behavior"", ""report_evidence"": ""The structured source objective is backdoor."", ""type"": ""backdoor""}]"	no_concrete_ioc	behavior_unobservable	low	yes	Confirm whether the reported command/process/file/network behavior occurred.	External IOC extraction=none; IOC attribution=unknown; behavior extraction=structured_objective; behavior attribution=package_row_or_reference; version=exact; reported trigger=install (high); observed trigger=install; trigger comparison=match; IOC result=no_concrete_ioc; behavior result=behavior_unobservable. Low-confidence reasons: reported behavior is only partially observed, absent, or semantically unobservable.	[]	"[""443""]"	[]	"[""filetop-bpfcc"", ""gnome-system-mo"", ""opensnoop-bpfcc"", ""pgrep"", ""pip"", ""pool-tracker-mi"", ""sqldb:c~lite"", ""tracker-miner-f""]"	"[""filetop-bpfcc"", ""gnome-system-mo"", ""opensnoop-bpfcc"", ""pgrep"", ""pool-tracker-mi"", ""sqldb:c~lite"", ""tracker-miner-f""]"	"[""bind"", ""brk"", ""close"", ""connect"", ""exit_group"", ""fcntl"", ""fstat"", ""futex"", ""getdents64"", ""getpeername"", ""getpid"", ""getsockname"", ""getsockopt"", ""ioctl"", ""lseek"", ""mmap"", ""mprotect"", ""munmap"", ""newfstatat"", ""openat"", ""poll"", ""read"", ""recvfrom"", ""recvmsg"", ""rmdir"", ""rt_sigaction"", ""sendmmsg"", ""sendto"", ""setsockopt"", ""socket"", ""uname"", ""unlink"", ""unlinkat"", ""wait4"", ""write""]"	"[""ioctl -> ioctl -> ioctl"", ""newfstatat -> newfstatat -> newfstatat"", ""newfstatat -> newfstatat -> newfstatat -> no-error -> no-fd"", ""newfstatat -> openat -> fstat"", ""newfstatat -> openat -> fstat -> no-error -> no-fd"", ""read -> poll -> read"", ""read -> poll -> read -> no-error -> no-fd"", ""read -> read -> poll -> no-error -> no-fd"", ""read -> read -> read"", ""read -> read -> read -> no-error -> no-fd""]"	"[""ETC_DIR"", ""HOME_DIR"", ""OTHER_DIR"", ""ROOT_DIR"", ""TMP_DIR""]"					pending
0e55ee6c0224780e	qut	pyefflorer-1.0.1.tar.gz	pypi	pyefflorer	1.0.1	malicious-packages-info	MAL-2023-8570	https://medium.com/checkmarx-security/attacker-hidden-in-plain-sight-for-nearly-six-months-targeting-python-developers-3712f0f107e0;https://security.snyk.io/vuln/SNYK-PYTHON-PYEFFLORER-6069635;https://checkmarx.com/blog/attacker-hidden-in-plain-sight-for-nearly-six-months-targeting-python-developers/	1.0.1	exact	both	install	The report states that malicious code embedded in setup.py executes when the referenced packages are installed. Location: Key Points and campaign overview.	https://medium.com/checkmarx-security/attacker-hidden-in-plain-sight-for-nearly-six-months-targeting-python-developers-3712f0f107e0	high	install	"{""install"": {""package_file"": ""pyefflorer-1.0.1.tar.gz"", ""source"": ""QUT-DV25_Install_Traces""}}"	match	27	"[{""attribution_scope"": ""record_attached"", ""candidate_id"": ""dfe76f7ef0b2e7fd"", ""match_level"": ""unmatched"", ""observed_field"": """", ""observed_value"": """", ""telemetry_capability"": ""observable"", ""type"": ""endpoint"", ""value"": ""51.178.25.148:8081""}, {""attribution_scope"": ""record_attached"", ""candidate_id"": ""dfe76f7ef0b2e7fd"", ""match_level"": ""unmatched"", ""observed_field"": """", ""observed_value"": """", ""telemetry_capability"": ""observable"", ""type"": ""endpoint"", ""value"": ""51.178.25.148:8081""}, {""attribution_scope"": ""record_attached"", ""candidate_id"": ""dfe76f7ef0b2e7fd"", ""match_level"": ""unmatched"", ""observed_field"": """", ""observed_value"": """", ""telemetry_capability"": ""observable"", ""type"": ""endpoint"", ""value"": ""51.178.25.148:8081""}, {""attribution_scope"": ""record_attached"", ""candidate_id"": ""dfe76f7ef0b2e7fd"", ""match_level"": ""unmatched"", ""observed_field"": """", ""observed_value"": """", ""telemetry_capability"": ""observable"", ""type"": ""endpoint"", ""value"": ""51.178.25.148:8081""}, {""attribution_scope"": ""record_attached"", ""candidate_id"": ""dfe76f7ef0b2e7fd"", ""match_level"": ""unmatched"", ""observed_field"": """", ""observed_value"": """", ""telemetry_capability"": ""observable"", ""type"": ""endpoint"", ""value"": ""51.178.25.148:8081""}, {""attribution_scope"": ""record_attached"", ""candidate_id"": ""dfe76f7ef0b2e7fd"", ""match_level"": ""unmatched"", ""observed_field"": """", ""observed_value"": """", ""telemetry_capability"": ""observable"", ""type"": ""endpoint"", ""value"": ""51.178.25.148:8081""}, {""attribution_scope"": ""record_attached"", ""candidate_id"": ""dfe76f7ef0b2e7fd"", ""match_level"": ""unmatched"", ""observed_field"": """", ""observed_value"": """", ""telemetry_capability"": ""observable"", ""type"": ""endpoint"", ""value"": ""51.178.25.148:8081""}, {""attribution_scope"": ""record_attached"", ""candidate_id"": ""dfe76f7ef0b2e7fd"", ""match_level"": ""unmatched"", ""observed_field"": """", ""observed_value"": """", ""telemetry_capability"": ""observable"", ""type"": ""endpoint"", ""value"": ""51.178.25.148:8081""}, {""attribution_scope"": ""record_attached"", ""candidate_id"": ""dfe76f7ef0b2e7fd"", ""match_level"": ""unmatched"", ""observed_field"": """", ""observed_value"": """", ""telemetry_capability"": ""observable"", ""type"": ""endpoint"", ""value"": ""51.178.25.148:8081""}, {""attribution_scope"": ""record_attached"", ""candidate_id"": ""dfe76f7ef0b2e7fd"", ""match_level"": ""unmatched"", ""observed_field"": """", ""observed_value"": """", ""telemetry_capability"": ""observable"", ""type"": ""endpoint"", ""value"": ""51.178.25.148:8081""}, {""attribution_scope"": ""record_attached"", ""candidate_id"": ""67a0732b8b6b82f4"", ""match_level"": ""unmatched"", ""observed_field"": """", ""observed_value"": """", ""telemetry_capability"": ""observable"", ""type"": ""ip"", ""value"": ""51.178.25.148""}, {""attribution_scope"": ""record_attached"", ""candidate_id"": ""60ac110b67d448f6"", ""match_level"": ""unobservable"", ""observed_field"": ""domain_not_retained"", ""observed_value"": ""51.178.25.148"", ""telemetry_capability"": ""unobservable"", ""type"": ""url"", ""value"": ""http://51.178.25.148:8081/dl/gamesdk""}, {""attribution_scope"": ""record_attached"", ""candidate_id"": ""a25e7503f6807dea"", ""match_level"": ""unobservable"", ""observed_field"": ""domain_not_retained"", ""observed_value"": ""51.178.25.148"", ""telemetry_capability"": ""unobservable"", ""type"": ""url"", ""value"": ""http://51.178.25.148:8081/dl/runtime""}, {""attribution_scope"": ""record_attached"", ""candidate_id"": ""6827ebf664f97045"", ""match_level"": ""unobservable"", ""observed_field"": ""domain_not_retained"", ""observed_value"": ""51.178.25.148"", ""telemetry_capability"": ""unobservable"", ""type"": ""url"", ""value"": ""http://51.178.25.148:8081/dl/sys86""}, {""attribution_scope"": ""record_attached"", ""candidate_id"": ""e14633afa27c4db7"", ""match_level"": ""unobservable"", ""observed_field"": ""domain_not_retained"", ""observed_value"": ""51.178.25.148"", ""telemetry_capability"": ""unobservable"", ""type"": ""url"", ""value"": ""http://51.178.25.148:8081/dl/system""}, {""attribution_scope"": ""record_attached"", ""candidate_id"": ""3029b253a9082395"", ""match_level"": ""unobservable"", ""observed_field"": ""domain_not_retained"", ""observed_value"": ""51.178.25.148"", ""telemetry_capability"": ""unobservable"", ""type"": ""url"", ""value"": ""http://51.178.25.148:8081/dl/uwu""}, {""attribution_scope"": ""record_attached"", ""candidate_id"": ""7b64506fd431c6ea"", ""match_level"": ""unobservable"", ""observed_field"": ""domain_not_retained"", ""observed_value"": ""51.178.25.148"", ""telemetry_capability"": ""unobservable"", ""type"": ""url"", ""value"": ""http://51.178.25.148:8081/gethw""}, {""attribution_scope"": ""record_attached"", ""candidate_id"": ""3dfc495f820f348b"", ""match_level"": ""unobservable"", ""observed_field"": ""domain_not_retained"", ""observed_value"": ""51.178.25.148"", ""telemetry_capability"": ""unobservable"", ""type"": ""url"", ""value"": ""http://51.178.25.148:8081/getip""}, {""attribution_scope"": ""record_attached"", ""candidate_id"": ""422deead052d7f43"", ""match_level"": ""unobservable"", ""observed_field"": ""domain_not_retained"", ""observed_value"": ""51.178.25.148"", ""telemetry_capability"": ""unobservable"", ""type"": ""url"", ""value"": ""http://51.178.25.148:8081/rooter""}, {""attribution_scope"": ""record_attached"", ""candidate_id"": ""3dd1421c547e0bc7"", ""match_level"": ""unobservable"", ""observed_field"": ""domain_not_retained"", ""observed_value"": ""51.178.25.148"", ""telemetry_capability"": ""unobservable"", ""type"": ""url"", ""value"": ""http://51.178.25.148:8081/upload""}, {""attribution_scope"": ""record_attached"", ""candidate_id"": ""2392268bd24355c6"", ""match_level"": ""unobservable"", ""observed_field"": ""domain_not_retained"", ""observed_value"": ""51.178.25.148"", ""telemetry_capability"": ""unobservable"", ""type"": ""url"", ""value"": ""http://51.178.25.148:8081/uploader""}, {""attribution_scope"": ""record_attached"", ""candidate_id"": ""4840c21a3eb2a2dd"", ""match_level"": ""unobservable"", ""observed_field"": ""domain_not_retained"", ""observed_value"": ""canary.discord.com"", ""telemetry_capability"": ""unobservable"", ""type"": ""url"", ""value"": ""https://canary.discord.com/api/webhooks/1152648911371120681/JlL5FnwmY6nP6RaZxmQ7NI9MGR6HARmAekaPqPDdVTq9K3RJ68Lcd7cz16l9u6eZH9c3""}, {""attribution_scope"": ""record_attached"", ""candidate_id"": ""ba115594b400bace"", ""match_level"": ""unobservable"", ""observed_field"": ""domain_not_retained"", ""observed_value"": ""canary.discord.com"", ""telemetry_capability"": ""unobservable"", ""type"": ""url"", ""value"": ""https://canary.discord.com/api/webhooks/1152716297474424913/z6-hvrQNeyL0m1Mm34JLYj1VVB67sVEXogqJzGCkxYgMFCgCWhQaR07ruMBck1dJAi9g""}, {""attribution_scope"": ""record_attached"", ""candidate_id"": ""c84e98305d927b84"", ""match_level"": ""unobservable"", ""observed_field"": ""domain_not_retained"", ""observed_value"": ""canary.discord.com"", ""telemetry_capability"": ""unobservable"", ""type"": ""url"", ""value"": ""https://canary.discord.com/api/webhooks/1153431050517762059/MAkfrB4n1Gz6qe7W8ffWTZF92yfN3D_FWPFFaK_FBgDQWB1ZYfbKHa61X_8L6GK175r0""}, {""attribution_scope"": ""record_attached"", ""candidate_id"": ""f03f49db2953f0da"", ""match_level"": ""unobservable"", ""observed_field"": ""domain_not_retained"", ""observed_value"": ""canary.discord.com"", ""telemetry_capability"": ""unobservable"", ""type"": ""url"", ""value"": ""https://canary.discord.com/api/webhooks/1155235432406196334/3eFtMXnG2laJjInzO_kAzLbW6ebMgbrrwmAcRtZyOfqnyCh-twTT9pSumcKr5QJvbGEZ""}, {""attribution_scope"": ""record_attached"", ""candidate_id"": ""a12c92780324e09e"", ""match_level"": ""unobservable"", ""observed_field"": ""domain_not_retained"", ""observed_value"": ""discord.com"", ""telemetry_capability"": ""unobservable"", ""type"": ""url"", ""value"": ""https://discord.com/api/webhooks/1103033150558457876/22oUF1rkDTdxz-iq-2EOR4aVXwDr5vFIeE9zWlitIbYSG2E3XhF8KQIzuo1uXy_bOcos""}, {""attribution_scope"": ""record_attached"", ""candidate_id"": ""05fc7f3eeb6ea588"", ""match_level"": ""unobservable"", ""observed_field"": ""domain_not_retained"", ""observed_value"": ""pastebin.com"", ""telemetry_capability"": ""unobservable"", ""type"": ""url"", ""value"": ""https://pastebin.com/raw/TwHdexDC""}]"	5	"[{""attribution_scope"": ""referenced_report"", ""match_level"": ""behavior_not_observed"", ""observed_evidence"": ""required supporting telemetry was not observed"", ""report_evidence"": ""Collected information is uploaded to attacker-controlled endpoints."", ""type"": ""exfiltration""}, {""attribution_scope"": ""referenced_report"", ""match_level"": ""behavior_not_observed"", ""observed_evidence"": ""required supporting telemetry was not observed"", ""report_evidence"": ""The setup.py payload downloads additional executable content."", ""type"": ""payload_download""}, {""attribution_scope"": ""referenced_report"", ""match_level"": ""behavior_not_observed"", ""observed_evidence"": ""required supporting telemetry was not observed"", ""report_evidence"": ""The campaign places scripts in a startup location to maintain persistence."", ""type"": ""persistence""}, {""attribution_scope"": ""referenced_report"", ""match_level"": ""behavior_partially_observed"", ""observed_evidence"": ""non-harness command or process observed without a report-specific process indicator"", ""report_evidence"": ""Downloaded executable and script payloads are run after installation."", ""type"": ""process_execution""}, {""attribution_scope"": ""referenced_report"", ""match_level"": ""behavior_not_observed"", ""observed_evidence"": ""required supporting telemetry was not observed"", ""report_evidence"": ""The payload collects host, browser, application, and financial information."", ""type"": ""sensitive_data_access""}]"	inconclusive	behavior_not_observed;behavior_partially_observed	low	yes	Confirm whether the reported command/process/file/network behavior occurred.	External IOC extraction=derived_structured_url;structured; IOC attribution=record_attached; behavior extraction=curated_reference_behavior; behavior attribution=referenced_report; version=exact; reported trigger=install (high); observed trigger=install; trigger comparison=match; IOC result=inconclusive; behavior result=behavior_not_observed;behavior_partially_observed. Low-confidence reasons: record-attached IOC applicability to this exact execution is not independently proven; one or more IOC types are only partially observable in this dataset; reported behavior is only partially observed, absent, or semantically unobservable.	[]	"[""443""]"	[]	"[""StreamT~ns"", ""filetop-bpfcc"", ""gnome-system-mo"", ""grep"", ""opensnoop-bpfcc"", ""pgrep"", ""pip"", ""pool-org.gnome."", ""sqldb:c~lite"", ""strace"", ""tcpstates-bpfcc""]"	"[""StreamT~ns"", ""filetop-bpfcc"", ""gnome-system-mo"", ""grep"", ""opensnoop-bpfcc"", ""pgrep"", ""pool-org.gnome."", ""sqldb:c~lite"", ""strace"", ""tcpstates-bpfcc""]"	"[""bind"", ""brk"", ""chmod"", ""close"", ""connect"", ""exit_group"", ""fcntl"", ""fstat"", ""fsync"", ""futex"", ""getdents64"", ""getpeername"", ""getpid"", ""getsockname"", ""getsockopt"", ""ioctl"", ""lseek"", ""mkdir"", ""mmap"", ""mprotect"", ""munmap"", ""newfstatat"", ""openat"", ""poll"", ""read"", ""recvfrom"", ""recvmsg"", ""rename"", ""rmdir"", ""rt_sigaction"", ""sendmmsg"", ""sendto"", ""setsockopt"", ""socket"", ""umask"", ""uname"", ""unlinkat"", ""wait4"", ""write""]"	"[""close -> newfstatat -> openat -> no-error -> no-fd"", ""ioctl -> ioctl -> ioctl"", ""lseek -> lseek -> lseek"", ""lseek -> lseek -> lseek -> no-error -> no-fd"", ""newfstatat -> newfstatat -> newfstatat"", ""newfstatat -> newfstatat -> newfstatat -> no-error -> no-fd"", ""newfstatat -> openat -> fstat"", ""newfstatat -> openat -> fstat -> no-error -> no-fd"", ""read -> read -> read"", ""read -> read -> read -> no-error -> no-fd""]"	"[""ETC_DIR"", ""HOME_DIR"", ""OTHER_DIR"", ""ROOT_DIR"", ""TMP_DIR""]"					pending
fa5a5e207113466c	qut	pyghoster-1.0.0.tar.gz	pypi	pyghoster	1.0.0	malicious-packages-info	MAL-2023-8571	https://medium.com/checkmarx-security/attacker-hidden-in-plain-sight-for-nearly-six-months-targeting-python-developers-3712f0f107e0;https://security.snyk.io/vuln/SNYK-PYTHON-PYGHOSTER-6069638;https://checkmarx.com/blog/attacker-hidden-in-plain-sight-for-nearly-six-months-targeting-python-developers/	1.0.0	exact	both	install	The report states that malicious code embedded in setup.py executes when the referenced packages are installed. Location: Key Points and campaign overview.	https://medium.com/checkmarx-security/attacker-hidden-in-plain-sight-for-nearly-six-months-targeting-python-developers-3712f0f107e0	high	install	"{""install"": {""package_file"": ""pyghoster-1.0.0.tar.gz"", ""source"": ""QUT-DV25_Install_Traces""}}"	match	27	"[{""attribution_scope"": ""record_attached"", ""candidate_id"": ""83bdf793309257ec"", ""match_level"": ""unmatched"", ""observed_field"": """", ""observed_value"": """", ""telemetry_capability"": ""observable"", ""type"": ""endpoint"", ""value"": ""51.178.25.148:8081""}, {""attribution_scope"": ""record_attached"", ""candidate_id"": ""83bdf793309257ec"", ""match_level"": ""unmatched"", ""observed_field"": """", ""observed_value"": """", ""telemetry_capability"": ""observable"", ""type"": ""endpoint"", ""value"": ""51.178.25.148:8081""}, {""attribution_scope"": ""record_attached"", ""candidate_id"": ""83bdf793309257ec"", ""match_level"": ""unmatched"", ""observed_field"": """", ""observed_value"": """", ""telemetry_capability"": ""observable"", ""type"": ""endpoint"", ""value"": ""51.178.25.148:8081""}, {""attribution_scope"": ""record_attached"", ""candidate_id"": ""83bdf793309257ec"", ""match_level"": ""unmatched"", ""observed_field"": """", ""observed_value"": """", ""telemetry_capability"": ""observable"", ""type"": ""endpoint"", ""value"": ""51.178.25.148:8081""}, {""attribution_scope"": ""record_attached"", ""candidate_id"": ""83bdf793309257ec"", ""match_level"": ""unmatched"", ""observed_field"": """", ""observed_value"": """", ""telemetry_capability"": ""observable"", ""type"": ""endpoint"", ""value"": ""51.178.25.148:8081""}, {""attribution_scope"": ""record_attached"", ""candidate_id"": ""83bdf793309257ec"", ""match_level"": ""unmatched"", ""observed_field"": """", ""observed_value"": """", ""telemetry_capability"": ""observable"", ""type"": ""endpoint"", ""value"": ""51.178.25.148:8081""}, {""attribution_scope"": ""record_attached"", ""candidate_id"": ""83bdf793309257ec"", ""match_level"": ""unmatched"", ""observed_field"": """", ""observed_value"": """", ""telemetry_capability"": ""observable"", ""type"": ""endpoint"", ""value"": ""51.178.25.148:8081""}, {""attribution_scope"": ""record_attached"", ""candidate_id"": ""83bdf793309257ec"", ""match_level"": ""unmatched"", ""observed_field"": """", ""observed_value"": """", ""telemetry_capability"": ""observable"", ""type"": ""endpoint"", ""value"": ""51.178.25.148:8081""}, {""attribution_scope"": ""record_attached"", ""candidate_id"": ""83bdf793309257ec"", ""match_level"": ""unmatched"", ""observed_field"": """", ""observed_value"": """", ""telemetry_capability"": ""observable"", ""type"": ""endpoint"", ""value"": ""51.178.25.148:8081""}, {""attribution_scope"": ""record_attached"", ""candidate_id"": ""83bdf793309257ec"", ""match_level"": ""unmatched"", ""observed_field"": """", ""observed_value"": """", ""telemetry_capability"": ""observable"", ""type"": ""endpoint"", ""value"": ""51.178.25.148:8081""}, {""attribution_scope"": ""record_attached"", ""candidate_id"": ""15616ab31f4c9623"", ""match_level"": ""unmatched"", ""observed_field"": """", ""observed_value"": """", ""telemetry_capability"": ""observable"", ""type"": ""ip"", ""value"": ""51.178.25.148""}, {""attribution_scope"": ""record_attached"", ""candidate_id"": ""2eb388a72a500062"", ""match_level"": ""unobservable"", ""observed_field"": ""domain_not_retained"", ""observed_value"": ""51.178.25.148"", ""telemetry_capability"": ""unobservable"", ""type"": ""url"", ""value"": ""http://51.178.25.148:8081/dl/gamesdk""}, {""attribution_scope"": ""record_attached"", ""candidate_id"": ""04dcdfb84f9a7ac1"", ""match_level"": ""unobservable"", ""observed_field"": ""domain_not_retained"", ""observed_value"": ""51.178.25.148"", ""telemetry_capability"": ""unobservable"", ""type"": ""url"", ""value"": ""http://51.178.25.148:8081/dl/runtime""}, {""attribution_scope"": ""record_attached"", ""candidate_id"": ""b18bfacaf7c94822"", ""match_level"": ""unobservable"", ""observed_field"": ""domain_not_retained"", ""observed_value"": ""51.178.25.148"", ""telemetry_capability"": ""unobservable"", ""type"": ""url"", ""value"": ""http://51.178.25.148:8081/dl/sys86""}, {""attribution_scope"": ""record_attached"", ""candidate_id"": ""08bab071600a2d9a"", ""match_level"": ""unobservable"", ""observed_field"": ""domain_not_retained"", ""observed_value"": ""51.178.25.148"", ""telemetry_capability"": ""unobservable"", ""type"": ""url"", ""value"": ""http://51.178.25.148:8081/dl/system""}, {""attribution_scope"": ""record_attached"", ""candidate_id"": ""9e295c9846d444e8"", ""match_level"": ""unobservable"", ""observed_field"": ""domain_not_retained"", ""observed_value"": ""51.178.25.148"", ""telemetry_capability"": ""unobservable"", ""type"": ""url"", ""value"": ""http://51.178.25.148:8081/dl/uwu""}, {""attribution_scope"": ""record_attached"", ""candidate_id"": ""f49859f9a3d51fec"", ""match_level"": ""unobservable"", ""observed_field"": ""domain_not_retained"", ""observed_value"": ""51.178.25.148"", ""telemetry_capability"": ""unobservable"", ""type"": ""url"", ""value"": ""http://51.178.25.148:8081/gethw""}, {""attribution_scope"": ""record_attached"", ""candidate_id"": ""9a0d0c8566e44dcd"", ""match_level"": ""unobservable"", ""observed_field"": ""domain_not_retained"", ""observed_value"": ""51.178.25.148"", ""telemetry_capability"": ""unobservable"", ""type"": ""url"", ""value"": ""http://51.178.25.148:8081/getip""}, {""attribution_scope"": ""record_attached"", ""candidate_id"": ""51b08c9f4fd71e28"", ""match_level"": ""unobservable"", ""observed_field"": ""domain_not_retained"", ""observed_value"": ""51.178.25.148"", ""telemetry_capability"": ""unobservable"", ""type"": ""url"", ""value"": ""http://51.178.25.148:8081/rooter""}, {""attribution_scope"": ""record_attached"", ""candidate_id"": ""ef1e3b020c206915"", ""match_level"": ""unobservable"", ""observed_field"": ""domain_not_retained"", ""observed_value"": ""51.178.25.148"", ""telemetry_capability"": ""unobservable"", ""type"": ""url"", ""value"": ""http://51.178.25.148:8081/upload""}, {""attribution_scope"": ""record_attached"", ""candidate_id"": ""da70b6350d9fc1da"", ""match_level"": ""unobservable"", ""observed_field"": ""domain_not_retained"", ""observed_value"": ""51.178.25.148"", ""telemetry_capability"": ""unobservable"", ""type"": ""url"", ""value"": ""http://51.178.25.148:8081/uploader""}, {""attribution_scope"": ""record_attached"", ""candidate_id"": ""80ebfb587070eb1a"", ""match_level"": ""unobservable"", ""observed_field"": ""domain_not_retained"", ""observed_value"": ""canary.discord.com"", ""telemetry_capability"": ""unobservable"", ""type"": ""url"", ""value"": ""https://canary.discord.com/api/webhooks/1152648911371120681/JlL5FnwmY6nP6RaZxmQ7NI9MGR6HARmAekaPqPDdVTq9K3RJ68Lcd7cz16l9u6eZH9c3""}, {""attribution_scope"": ""record_attached"", ""candidate_id"": ""d5bdbf4fad314be0"", ""match_level"": ""unobservable"", ""observed_field"": ""domain_not_retained"", ""observed_value"": ""canary.discord.com"", ""telemetry_capability"": ""unobservable"", ""type"": ""url"", ""value"": ""https://canary.discord.com/api/webhooks/1152716297474424913/z6-hvrQNeyL0m1Mm34JLYj1VVB67sVEXogqJzGCkxYgMFCgCWhQaR07ruMBck1dJAi9g""}, {""attribution_scope"": ""record_attached"", ""candidate_id"": ""2d6c0a57e3fe4309"", ""match_level"": ""unobservable"", ""observed_field"": ""domain_not_retained"", ""observed_value"": ""canary.discord.com"", ""telemetry_capability"": ""unobservable"", ""type"": ""url"", ""value"": ""https://canary.discord.com/api/webhooks/1153431050517762059/MAkfrB4n1Gz6qe7W8ffWTZF92yfN3D_FWPFFaK_FBgDQWB1ZYfbKHa61X_8L6GK175r0""}, {""attribution_scope"": ""record_attached"", ""candidate_id"": ""d81c5e8f6af91980"", ""match_level"": ""unobservable"", ""observed_field"": ""domain_not_retained"", ""observed_value"": ""canary.discord.com"", ""telemetry_capability"": ""unobservable"", ""type"": ""url"", ""value"": ""https://canary.discord.com/api/webhooks/1155235432406196334/3eFtMXnG2laJjInzO_kAzLbW6ebMgbrrwmAcRtZyOfqnyCh-twTT9pSumcKr5QJvbGEZ""}, {""attribution_scope"": ""record_attached"", ""candidate_id"": ""02da74c57bfa713c"", ""match_level"": ""unobservable"", ""observed_field"": ""domain_not_retained"", ""observed_value"": ""discord.com"", ""telemetry_capability"": ""unobservable"", ""type"": ""url"", ""value"": ""https://discord.com/api/webhooks/1103033150558457876/22oUF1rkDTdxz-iq-2EOR4aVXwDr5vFIeE9zWlitIbYSG2E3XhF8KQIzuo1uXy_bOcos""}, {""attribution_scope"": ""record_attached"", ""candidate_id"": ""107739c587d3eb6f"", ""match_level"": ""unobservable"", ""observed_field"": ""domain_not_retained"", ""observed_value"": ""pastebin.com"", ""telemetry_capability"": ""unobservable"", ""type"": ""url"", ""value"": ""https://pastebin.com/raw/TwHdexDC""}]"	5	"[{""attribution_scope"": ""referenced_report"", ""match_level"": ""behavior_not_observed"", ""observed_evidence"": ""required supporting telemetry was not observed"", ""report_evidence"": ""Collected information is uploaded to attacker-controlled endpoints."", ""type"": ""exfiltration""}, {""attribution_scope"": ""referenced_report"", ""match_level"": ""behavior_not_observed"", ""observed_evidence"": ""required supporting telemetry was not observed"", ""report_evidence"": ""The setup.py payload downloads additional executable content."", ""type"": ""payload_download""}, {""attribution_scope"": ""referenced_report"", ""match_level"": ""behavior_not_observed"", ""observed_evidence"": ""required supporting telemetry was not observed"", ""report_evidence"": ""The campaign places scripts in a startup location to maintain persistence."", ""type"": ""persistence""}, {""attribution_scope"": ""referenced_report"", ""match_level"": ""behavior_partially_observed"", ""observed_evidence"": ""non-harness command or process observed without a report-specific process indicator"", ""report_evidence"": ""Downloaded executable and script payloads are run after installation."", ""type"": ""process_execution""}, {""attribution_scope"": ""referenced_report"", ""match_level"": ""behavior_not_observed"", ""observed_evidence"": ""required supporting telemetry was not observed"", ""report_evidence"": ""The payload collects host, browser, application, and financial information."", ""type"": ""sensitive_data_access""}]"	inconclusive	behavior_not_observed;behavior_partially_observed	low	yes	Confirm whether the reported command/process/file/network behavior occurred.	External IOC extraction=derived_structured_url;structured; IOC attribution=record_attached; behavior extraction=curated_reference_behavior; behavior attribution=referenced_report; version=exact; reported trigger=install (high); observed trigger=install; trigger comparison=match; IOC result=inconclusive; behavior result=behavior_not_observed;behavior_partially_observed. Low-confidence reasons: record-attached IOC applicability to this exact execution is not independently proven; one or more IOC types are only partially observable in this dataset; reported behavior is only partially observed, absent, or semantically unobservable.	[]	"[""443""]"	[]	"[""StreamT~ns"", ""filetop-bpfcc"", ""gnome-system-mo"", ""opensnoop-bpfcc"", ""pgrep"", ""pip"", ""sqldb:c~lite"", ""strace"", ""systemd-logind""]"	"[""StreamT~ns"", ""filetop-bpfcc"", ""gnome-system-mo"", ""opensnoop-bpfcc"", ""pgrep"", ""sqldb:c~lite"", ""strace"", ""systemd-logind""]"	"[""bind"", ""brk"", ""chmod"", ""close"", ""connect"", ""exit_group"", ""fcntl"", ""fstat"", ""fsync"", ""getcwd"", ""getdents64"", ""geteuid"", ""getpeername"", ""getpid"", ""getsockname"", ""getsockopt"", ""ioctl"", ""lseek"", ""mkdir"", ""mmap"", ""mremap"", ""munmap"", ""newfstatat"", ""openat"", ""poll"", ""read"", ""recvfrom"", ""recvmsg"", ""rename"", ""rmdir"", ""rt_sigaction"", ""sendmmsg"", ""sendto"", ""setsockopt"", ""socket"", ""umask"", ""uname"", ""unlinkat"", ""write""]"	"[""fstat -> ioctl -> lseek"", ""fstat -> ioctl -> lseek -> no-error -> no-fd"", ""ioctl -> lseek -> lseek"", ""ioctl -> lseek -> lseek -> error=ENOTTY -> no-fd"", ""newfstatat -> newfstatat -> newfstatat"", ""newfstatat -> newfstatat -> newfstatat -> no-error -> no-fd"", ""newfstatat -> openat -> fstat"", ""newfstatat -> openat -> fstat -> error=ENOENT -> no-fd"", ""openat -> fstat -> ioctl"", ""openat -> fstat -> ioctl -> no-error -> no-fd""]"	"[""ETC_DIR"", ""HOME_DIR"", ""OTHER_DIR"", ""ROOT_DIR"", ""TMP_DIR""]"					pending
c4aebf875da6c73f	qut	pygrata-2.1.2.tar.gz	pypi	pygrata	2.1.2	backstabbers	backstabbers:pypi:pygrata:row-2668	https://blog.sonatype.com/python-packages-upload-your-aws-keys-env-vars-secrets-to-web	2.1.2	exact	behavior_event	install	The structured source labels the package trigger as install.	https://blog.sonatype.com/python-packages-upload-your-aws-keys-env-vars-secrets-to-web	high	install	"{""install"": {""package_file"": ""pygrata-2.1.2.tar.gz"", ""source"": ""QUT-DV25_Install_Traces""}}"	match	0	[]	2	"[{""attribution_scope"": ""package_row_or_reference"", ""match_level"": ""behavior_not_observed"", ""observed_evidence"": ""required supporting telemetry was not observed"", ""report_evidence"": ""The structured source objective is dropper."", ""type"": ""payload_download""}, {""attribution_scope"": ""package_row_or_reference"", ""match_level"": ""behavior_partially_observed"", ""observed_evidence"": ""non-harness command or process observed without a report-specific process indicator"", ""report_evidence"": ""The structured source objective is dropper."", ""type"": ""process_execution""}]"	no_concrete_ioc	behavior_not_observed;behavior_partially_observed	low	yes	Confirm whether the reported command/process/file/network behavior occurred.	External IOC extraction=none; IOC attribution=unknown; behavior extraction=structured_objective; behavior attribution=package_row_or_reference; version=exact; reported trigger=install (high); observed trigger=install; trigger comparison=match; IOC result=no_concrete_ioc; behavior result=behavior_not_observed;behavior_partially_observed. Low-confidence reasons: reported behavior is only partially observed, absent, or semantically unobservable.	[]	"[""443""]"	[]	"[""StreamT~ns"", ""filetop-bpfcc"", ""gnome-system-mo"", ""opensnoop-bpfcc"", ""pgrep"", ""pip"", ""sqldb:c~lite"", ""strace"", ""systemd-logind"", ""tcpstates-bpfcc""]"	"[""StreamT~ns"", ""filetop-bpfcc"", ""gnome-system-mo"", ""opensnoop-bpfcc"", ""pgrep"", ""sqldb:c~lite"", ""strace"", ""systemd-logind"", ""tcpstates-bpfcc""]"	"[""brk"", ""chmod"", ""chown"", ""clone3"", ""close"", ""fcntl"", ""fstat"", ""getcwd"", ""getdents64"", ""geteuid"", ""getpid"", ""getrandom"", ""ioctl"", ""lseek"", ""mkdir"", ""mmap"", ""mprotect"", ""newfstatat"", ""openat"", ""pipe2"", ""poll"", ""read"", ""restart_syscall"", ""rmdir"", ""rt_sigaction"", ""rt_sigprocmask"", ""umask"", ""unlink"", ""unlinkat"", ""utimensat"", ""vfork"", ""wait4"", ""write""]"	"[""fstat -> ioctl -> lseek"", ""fstat -> ioctl -> lseek -> no-error -> no-fd"", ""geteuid -> chown -> utimensat -> no-error -> no-fd"", ""newfstatat -> newfstatat -> newfstatat"", ""newfstatat -> newfstatat -> newfstatat -> no-error -> no-fd"", ""openat -> fstat -> ioctl"", ""openat -> fstat -> ioctl -> no-error -> no-fd"", ""read -> poll -> read"", ""read -> read -> read"", ""read -> read -> read -> no-error -> no-fd""]"	"[""ETC_DIR"", ""HOME_DIR"", ""OTHER_DIR"", ""ROOT_DIR"", ""TMP_DIR""]"					pending
7bdadc13753cd2db	qut	pygrata-utils-1.0.3.tar.gz	pypi	pygrata-utils	1.0.3	backstabbers	backstabbers:pypi:pygrata-utils:row-2671	https://github.com/lxyeternal/pypi_malregistry	1.0.3;1.0.4	exact	behavior_event	install	The structured source labels the package trigger as install.	https://github.com/lxyeternal/pypi_malregistry	high	install	"{""install"": {""package_file"": ""pygrata-utils-1.0.3.tar.gz"", ""source"": ""QUT-DV25_Install_Traces""}}"	match	0	[]	1	"[{""attribution_scope"": ""package_row_or_reference"", ""match_level"": ""behavior_not_observed"", ""observed_evidence"": ""required supporting telemetry was not observed"", ""report_evidence"": ""The structured source objective is data exfiltration."", ""type"": ""exfiltration""}]"	no_concrete_ioc	behavior_not_observed	low	yes	Confirm whether the reported command/process/file/network behavior occurred.	External IOC extraction=none; IOC attribution=unknown; behavior extraction=structured_objective; behavior attribution=package_row_or_reference; version=exact; reported trigger=install (high); observed trigger=install; trigger comparison=match; IOC result=no_concrete_ioc; behavior result=behavior_not_observed. Low-confidence reasons: reported behavior is only partially observed, absent, or semantically unobservable.	[]	"[""443""]"	[]	"[""StreamT~ns"", ""filetop-bpfcc"", ""gnome-system-mo"", ""opensnoop-bpfcc"", ""pgrep"", ""pip"", ""sqldb:c~lite"", ""strace"", ""systemd-logind"", ""tcpstates-bpfcc""]"	"[""StreamT~ns"", ""filetop-bpfcc"", ""gnome-system-mo"", ""opensnoop-bpfcc"", ""pgrep"", ""sqldb:c~lite"", ""strace"", ""systemd-logind"", ""tcpstates-bpfcc""]"	"[""bind"", ""brk"", ""chmod"", ""chown"", ""close"", ""connect"", ""exit_group"", ""fcntl"", ""fstat"", ""fsync"", ""futex"", ""getcwd"", ""getdents64"", ""geteuid"", ""getpeername"", ""getpid"", ""getrandom"", ""getsockname"", ""getsockopt"", ""ioctl"", ""lseek"", ""mkdir"", ""mmap"", ""mprotect"", ""mremap"", ""munmap"", ""newfstatat"", ""openat"", ""pipe2"", ""poll"", ""read"", ""readlink"", ""recvfrom"", ""recvmsg"", ""rename"", ""rmdir"", ""rt_sigaction"", ""rt_sigprocmask"", ""sendmmsg"", ""sendto"", ""setsockopt"", ""socket"", ""umask"", ""uname"", ""unlink"", ""unlinkat"", ""utimensat"", ""vfork"", ""wait4"", ""write""]"	"[""fstat -> ioctl -> lseek"", ""fstat -> ioctl -> lseek -> no-error -> no-fd"", ""newfstatat -> newfstatat -> newfstatat"", ""newfstatat -> newfstatat -> newfstatat -> no-error -> no-fd"", ""newfstatat -> newfstatat -> openat"", ""newfstatat -> newfstatat -> openat -> no-error -> no-fd"", ""newfstatat -> openat -> fstat"", ""newfstatat -> openat -> fstat -> no-error -> no-fd"", ""read -> read -> read"", ""read -> read -> read -> no-error -> no-fd""]"	"[""ETC_DIR"", ""HOME_DIR"", ""OTHER_DIR"", ""ROOT_DIR"", ""TMP_DIR""]"					pending
ced29ee49644fb03	qut	pygrata-utils-1.0.4.tar.gz	pypi	pygrata-utils	1.0.4	backstabbers	backstabbers:pypi:pygrata-utils:row-2671	https://github.com/lxyeternal/pypi_malregistry	1.0.3;1.0.4	exact	behavior_event	install	The structured source labels the package trigger as install.	https://github.com/lxyeternal/pypi_malregistry	high	install	"{""install"": {""package_file"": ""pygrata-utils-1.0.4.tar.gz"", ""source"": ""QUT-DV25_Install_Traces""}}"	match	0	[]	1	"[{""attribution_scope"": ""package_row_or_reference"", ""match_level"": ""behavior_not_observed"", ""observed_evidence"": ""required supporting telemetry was not observed"", ""report_evidence"": ""The structured source objective is data exfiltration."", ""type"": ""exfiltration""}]"	no_concrete_ioc	behavior_not_observed	low	yes	Confirm whether the reported command/process/file/network behavior occurred.	External IOC extraction=none; IOC attribution=unknown; behavior extraction=structured_objective; behavior attribution=package_row_or_reference; version=exact; reported trigger=install (high); observed trigger=install; trigger comparison=match; IOC result=no_concrete_ioc; behavior result=behavior_not_observed. Low-confidence reasons: reported behavior is only partially observed, absent, or semantically unobservable.	[]	"[""443""]"	[]	"[""StreamT~ns"", ""filetop-bpfcc"", ""gnome-system-mo"", ""opensnoop-bpfcc"", ""pgrep"", ""pip"", ""sqldb:c~lite"", ""strace"", ""systemd-logind"", ""tcpstates-bpfcc""]"	"[""StreamT~ns"", ""filetop-bpfcc"", ""gnome-system-mo"", ""opensnoop-bpfcc"", ""pgrep"", ""sqldb:c~lite"", ""strace"", ""systemd-logind"", ""tcpstates-bpfcc""]"	"[""bind"", ""brk"", ""chmod"", ""chown"", ""close"", ""connect"", ""exit_group"", ""fcntl"", ""fstat"", ""futex"", ""getcwd"", ""getdents64"", ""geteuid"", ""getpeername"", ""getpid"", ""getrandom"", ""getsockname"", ""getsockopt"", ""ioctl"", ""lseek"", ""mkdir"", ""mmap"", ""mprotect"", ""munmap"", ""newfstatat"", ""openat"", ""pipe2"", ""poll"", ""read"", ""recvfrom"", ""recvmsg"", ""rmdir"", ""rt_sigaction"", ""rt_sigprocmask"", ""sendmmsg"", ""sendto"", ""setsockopt"", ""socket"", ""umask"", ""uname"", ""unlink"", ""unlinkat"", ""utimensat"", ""vfork"", ""wait4"", ""write""]"	"[""fstat -> ioctl -> lseek -> no-error -> no-fd"", ""newfstatat -> newfstatat -> newfstatat"", ""newfstatat -> newfstatat -> newfstatat -> no-error -> no-fd"", ""newfstatat -> openat -> fstat"", ""openat -> fstat -> ioctl -> no-error -> no-fd"", ""poll -> read -> read"", ""read -> poll -> read"", ""read -> poll -> read -> no-error -> no-fd"", ""read -> read -> read"", ""read -> read -> read -> no-error -> no-fd""]"	"[""ETC_DIR"", ""HOME_DIR"", ""OTHER_DIR"", ""ROOT_DIR"", ""TMP_DIR""]"					pending
e7497ded00e748b7	qut	pyhjdddo-1.0.0.tar.gz	pypi	pyhjdddo	1.0.0	malicious-packages-info	MAL-2023-8572	https://medium.com/checkmarx-security/attacker-hidden-in-plain-sight-for-nearly-six-months-targeting-python-developers-3712f0f107e0;https://security.snyk.io/vuln/SNYK-PYTHON-PYHJDDDO-6069617;https://checkmarx.com/blog/attacker-hidden-in-plain-sight-for-nearly-six-months-targeting-python-developers/	1.0.0	exact	both	install	The report states that malicious code embedded in setup.py executes when the referenced packages are installed. Location: Key Points and campaign overview.	https://medium.com/checkmarx-security/attacker-hidden-in-plain-sight-for-nearly-six-months-targeting-python-developers-3712f0f107e0	high	install	"{""install"": {""package_file"": ""pyhjdddo-1.0.0.tar.gz"", ""source"": ""QUT-DV25_Install_Traces""}}"	match	27	"[{""attribution_scope"": ""record_attached"", ""candidate_id"": ""9cc9c56e8195c05c"", ""match_level"": ""unmatched"", ""observed_field"": """", ""observed_value"": """", ""telemetry_capability"": ""observable"", ""type"": ""endpoint"", ""value"": ""51.178.25.148:8081""}, {""attribution_scope"": ""record_attached"", ""candidate_id"": ""9cc9c56e8195c05c"", ""match_level"": ""unmatched"", ""observed_field"": """", ""observed_value"": """", ""telemetry_capability"": ""observable"", ""type"": ""endpoint"", ""value"": ""51.178.25.148:8081""}, {""attribution_scope"": ""record_attached"", ""candidate_id"": ""9cc9c56e8195c05c"", ""match_level"": ""unmatched"", ""observed_field"": """", ""observed_value"": """", ""telemetry_capability"": ""observable"", ""type"": ""endpoint"", ""value"": ""51.178.25.148:8081""}, {""attribution_scope"": ""record_attached"", ""candidate_id"": ""9cc9c56e8195c05c"", ""match_level"": ""unmatched"", ""observed_field"": """", ""observed_value"": """", ""telemetry_capability"": ""observable"", ""type"": ""endpoint"", ""value"": ""51.178.25.148:8081""}, {""attribution_scope"": ""record_attached"", ""candidate_id"": ""9cc9c56e8195c05c"", ""match_level"": ""unmatched"", ""observed_field"": """", ""observed_value"": """", ""telemetry_capability"": ""observable"", ""type"": ""endpoint"", ""value"": ""51.178.25.148:8081""}, {""attribution_scope"": ""record_attached"", ""candidate_id"": ""9cc9c56e8195c05c"", ""match_level"": ""unmatched"", ""observed_field"": """", ""observed_value"": """", ""telemetry_capability"": ""observable"", ""type"": ""endpoint"", ""value"": ""51.178.25.148:8081""}, {""attribution_scope"": ""record_attached"", ""candidate_id"": ""9cc9c56e8195c05c"", ""match_level"": ""unmatched"", ""observed_field"": """", ""observed_value"": """", ""telemetry_capability"": ""observable"", ""type"": ""endpoint"", ""value"": ""51.178.25.148:8081""}, {""attribution_scope"": ""record_attached"", ""candidate_id"": ""9cc9c56e8195c05c"", ""match_level"": ""unmatched"", ""observed_field"": """", ""observed_value"": """", ""telemetry_capability"": ""observable"", ""type"": ""endpoint"", ""value"": ""51.178.25.148:8081""}, {""attribution_scope"": ""record_attached"", ""candidate_id"": ""9cc9c56e8195c05c"", ""match_level"": ""unmatched"", ""observed_field"": """", ""observed_value"": """", ""telemetry_capability"": ""observable"", ""type"": ""endpoint"", ""value"": ""51.178.25.148:8081""}, {""attribution_scope"": ""record_attached"", ""candidate_id"": ""9cc9c56e8195c05c"", ""match_level"": ""unmatched"", ""observed_field"": """", ""observed_value"": """", ""telemetry_capability"": ""observable"", ""type"": ""endpoint"", ""value"": ""51.178.25.148:8081""}, {""attribution_scope"": ""record_attached"", ""candidate_id"": ""ecc30c4de037862d"", ""match_level"": ""unmatched"", ""observed_field"": """", ""observed_value"": """", ""telemetry_capability"": ""observable"", ""type"": ""ip"", ""value"": ""51.178.25.148""}, {""attribution_scope"": ""record_attached"", ""candidate_id"": ""79534f0031cde4ae"", ""match_level"": ""unobservable"", ""observed_field"": ""domain_not_retained"", ""observed_value"": ""51.178.25.148"", ""telemetry_capability"": ""unobservable"", ""type"": ""url"", ""value"": ""http://51.178.25.148:8081/dl/gamesdk""}, {""attribution_scope"": ""record_attached"", ""candidate_id"": ""959bf501a4ad8a2e"", ""match_level"": ""unobservable"", ""observed_field"": ""domain_not_retained"", ""observed_value"": ""51.178.25.148"", ""telemetry_capability"": ""unobservable"", ""type"": ""url"", ""value"": ""http://51.178.25.148:8081/dl/runtime""}, {""attribution_scope"": ""record_attached"", ""candidate_id"": ""31f809693c89afe3"", ""match_level"": ""unobservable"", ""observed_field"": ""domain_not_retained"", ""observed_value"": ""51.178.25.148"", ""telemetry_capability"": ""unobservable"", ""type"": ""url"", ""value"": ""http://51.178.25.148:8081/dl/sys86""}, {""attribution_scope"": ""record_attached"", ""candidate_id"": ""3a60733dc0c82e2b"", ""match_level"": ""unobservable"", ""observed_field"": ""domain_not_retained"", ""observed_value"": ""51.178.25.148"", ""telemetry_capability"": ""unobservable"", ""type"": ""url"", ""value"": ""http://51.178.25.148:8081/dl/system""}, {""attribution_scope"": ""record_attached"", ""candidate_id"": ""47f9ad904f1d684b"", ""match_level"": ""unobservable"", ""observed_field"": ""domain_not_retained"", ""observed_value"": ""51.178.25.148"", ""telemetry_capability"": ""unobservable"", ""type"": ""url"", ""value"": ""http://51.178.25.148:8081/dl/uwu""}, {""attribution_scope"": ""record_attached"", ""candidate_id"": ""7115b99c22ec913c"", ""match_level"": ""unobservable"", ""observed_field"": ""domain_not_retained"", ""observed_value"": ""51.178.25.148"", ""telemetry_capability"": ""unobservable"", ""type"": ""url"", ""value"": ""http://51.178.25.148:8081/gethw""}, {""attribution_scope"": ""record_attached"", ""candidate_id"": ""e7764f783ff6b5f9"", ""match_level"": ""unobservable"", ""observed_field"": ""domain_not_retained"", ""observed_value"": ""51.178.25.148"", ""telemetry_capability"": ""unobservable"", ""type"": ""url"", ""value"": ""http://51.178.25.148:8081/getip""}, {""attribution_scope"": ""record_attached"", ""candidate_id"": ""698de06cc8cc2981"", ""match_level"": ""unobservable"", ""observed_field"": ""domain_not_retained"", ""observed_value"": ""51.178.25.148"", ""telemetry_capability"": ""unobservable"", ""type"": ""url"", ""value"": ""http://51.178.25.148:8081/rooter""}, {""attribution_scope"": ""record_attached"", ""candidate_id"": ""2926cfe9ad28880d"", ""match_level"": ""unobservable"", ""observed_field"": ""domain_not_retained"", ""observed_value"": ""51.178.25.148"", ""telemetry_capability"": ""unobservable"", ""type"": ""url"", ""value"": ""http://51.178.25.148:8081/upload""}, {""attribution_scope"": ""record_attached"", ""candidate_id"": ""7f706bac962bdfd8"", ""match_level"": ""unobservable"", ""observed_field"": ""domain_not_retained"", ""observed_value"": ""51.178.25.148"", ""telemetry_capability"": ""unobservable"", ""type"": ""url"", ""value"": ""http://51.178.25.148:8081/uploader""}, {""attribution_scope"": ""record_attached"", ""candidate_id"": ""007fcb7500da1922"", ""match_level"": ""unobservable"", ""observed_field"": ""domain_not_retained"", ""observed_value"": ""canary.discord.com"", ""telemetry_capability"": ""unobservable"", ""type"": ""url"", ""value"": ""https://canary.discord.com/api/webhooks/1152648911371120681/JlL5FnwmY6nP6RaZxmQ7NI9MGR6HARmAekaPqPDdVTq9K3RJ68Lcd7cz16l9u6eZH9c3""}, {""attribution_scope"": ""record_attached"", ""candidate_id"": ""f66454003a25da3e"", ""match_level"": ""unobservable"", ""observed_field"": ""domain_not_retained"", ""observed_value"": ""canary.discord.com"", ""telemetry_capability"": ""unobservable"", ""type"": ""url"", ""value"": ""https://canary.discord.com/api/webhooks/1152716297474424913/z6-hvrQNeyL0m1Mm34JLYj1VVB67sVEXogqJzGCkxYgMFCgCWhQaR07ruMBck1dJAi9g""}, {""attribution_scope"": ""record_attached"", ""candidate_id"": ""e75686c2eb67c619"", ""match_level"": ""unobservable"", ""observed_field"": ""domain_not_retained"", ""observed_value"": ""canary.discord.com"", ""telemetry_capability"": ""unobservable"", ""type"": ""url"", ""value"": ""https://canary.discord.com/api/webhooks/1153431050517762059/MAkfrB4n1Gz6qe7W8ffWTZF92yfN3D_FWPFFaK_FBgDQWB1ZYfbKHa61X_8L6GK175r0""}, {""attribution_scope"": ""record_attached"", ""candidate_id"": ""a13ccc010fbde68c"", ""match_level"": ""unobservable"", ""observed_field"": ""domain_not_retained"", ""observed_value"": ""canary.discord.com"", ""telemetry_capability"": ""unobservable"", ""type"": ""url"", ""value"": ""https://canary.discord.com/api/webhooks/1155235432406196334/3eFtMXnG2laJjInzO_kAzLbW6ebMgbrrwmAcRtZyOfqnyCh-twTT9pSumcKr5QJvbGEZ""}, {""attribution_scope"": ""record_attached"", ""candidate_id"": ""a0eed37dab96d8b1"", ""match_level"": ""unobservable"", ""observed_field"": ""domain_not_retained"", ""observed_value"": ""discord.com"", ""telemetry_capability"": ""unobservable"", ""type"": ""url"", ""value"": ""https://discord.com/api/webhooks/1103033150558457876/22oUF1rkDTdxz-iq-2EOR4aVXwDr5vFIeE9zWlitIbYSG2E3XhF8KQIzuo1uXy_bOcos""}, {""attribution_scope"": ""record_attached"", ""candidate_id"": ""6372b104a9f26dec"", ""match_level"": ""unobservable"", ""observed_field"": ""domain_not_retained"", ""observed_value"": ""pastebin.com"", ""telemetry_capability"": ""unobservable"", ""type"": ""url"", ""value"": ""https://pastebin.com/raw/TwHdexDC""}]"	5	"[{""attribution_scope"": ""referenced_report"", ""match_level"": ""behavior_not_observed"", ""observed_evidence"": ""required supporting telemetry was not observed"", ""report_evidence"": ""Collected information is uploaded to attacker-controlled endpoints."", ""type"": ""exfiltration""}, {""attribution_scope"": ""referenced_report"", ""match_level"": ""behavior_not_observed"", ""observed_evidence"": ""required supporting telemetry was not observed"", ""report_evidence"": ""The setup.py payload downloads additional executable content."", ""type"": ""payload_download""}, {""attribution_scope"": ""referenced_report"", ""match_level"": ""behavior_not_observed"", ""observed_evidence"": ""required supporting telemetry was not observed"", ""report_evidence"": ""The campaign places scripts in a startup location to maintain persistence."", ""type"": ""persistence""}, {""attribution_scope"": ""referenced_report"", ""match_level"": ""behavior_partially_observed"", ""observed_evidence"": ""non-harness command or process observed without a report-specific process indicator"", ""report_evidence"": ""Downloaded executable and script payloads are run after installation."", ""type"": ""process_execution""}, {""attribution_scope"": ""referenced_report"", ""match_level"": ""behavior_not_observed"", ""observed_evidence"": ""required supporting telemetry was not observed"", ""report_evidence"": ""The payload collects host, browser, application, and financial information."", ""type"": ""sensitive_data_access""}]"	inconclusive	behavior_not_observed;behavior_partially_observed	low	yes	Confirm whether the reported command/process/file/network behavior occurred.	External IOC extraction=derived_structured_url;structured; IOC attribution=record_attached; behavior extraction=curated_reference_behavior; behavior attribution=referenced_report; version=exact; reported trigger=install (high); observed trigger=install; trigger comparison=match; IOC result=inconclusive; behavior result=behavior_not_observed;behavior_partially_observed. Low-confidence reasons: record-attached IOC applicability to this exact execution is not independently proven; one or more IOC types are only partially observable in this dataset; reported behavior is only partially observed, absent, or semantically unobservable.	[]	"[""443""]"	[]	"[""StreamT~ns"", ""filetop-bpfcc"", ""gnome-system-mo"", ""opensnoop-bpfcc"", ""pgrep"", ""pip"", ""sqldb:c~lite"", ""strace"", ""systemd-logind"", ""tcpstates-bpfcc""]"	"[""StreamT~ns"", ""filetop-bpfcc"", ""gnome-system-mo"", ""opensnoop-bpfcc"", ""pgrep"", ""sqldb:c~lite"", ""strace"", ""systemd-logind"", ""tcpstates-bpfcc""]"	"[""bind"", ""brk"", ""chmod"", ""close"", ""connect"", ""exit_group"", ""fcntl"", ""fstat"", ""fsync"", ""futex"", ""getcwd"", ""getdents64"", ""geteuid"", ""getpeername"", ""getpid"", ""getrandom"", ""getsockname"", ""getsockopt"", ""ioctl"", ""lseek"", ""mkdir"", ""mmap"", ""mprotect"", ""mremap"", ""munmap"", ""newfstatat"", ""openat"", ""pipe2"", ""poll"", ""read"", ""recvfrom"", ""recvmsg"", ""rename"", ""rmdir"", ""rt_sigaction"", ""rt_sigprocmask"", ""sendmmsg"", ""sendto"", ""setsockopt"", ""socket"", ""umask"", ""uname"", ""unlink"", ""unlinkat"", ""vfork"", ""wait4"", ""write""]"	"[""fstat -> ioctl -> lseek"", ""fstat -> ioctl -> lseek -> error=ENOENT -> no-fd"", ""ioctl -> lseek -> lseek -> no-error -> no-fd"", ""newfstatat -> newfstatat -> newfstatat"", ""newfstatat -> newfstatat -> newfstatat -> no-error -> no-fd"", ""newfstatat -> newfstatat -> openat"", ""newfstatat -> newfstatat -> openat -> no-error -> no-fd"", ""newfstatat -> openat -> fstat"", ""newfstatat -> openat -> fstat -> no-error -> no-fd"", ""openat -> fstat -> ioctl""]"	"[""ETC_DIR"", ""HOME_DIR"", ""OTHER_DIR"", ""ROOT_DIR"", ""TMP_DIR""]"					pending
4f53001358ff3f71	qut	pyhulul-1.0.1.tar.gz	pypi	pyhulul	1.0.1	malicious-packages-info	MAL-2023-8573	https://medium.com/checkmarx-security/attacker-hidden-in-plain-sight-for-nearly-six-months-targeting-python-developers-3712f0f107e0;https://security.snyk.io/vuln/SNYK-PYTHON-PYHULUL-6069626;https://checkmarx.com/blog/attacker-hidden-in-plain-sight-for-nearly-six-months-targeting-python-developers/	1.0.1	exact	both	install	The report states that malicious code embedded in setup.py executes when the referenced packages are installed. Location: Key Points and campaign overview.	https://medium.com/checkmarx-security/attacker-hidden-in-plain-sight-for-nearly-six-months-targeting-python-developers-3712f0f107e0	high	install	"{""install"": {""package_file"": ""pyhulul-1.0.1.tar.gz"", ""source"": ""QUT-DV25_Install_Traces""}}"	match	27	"[{""attribution_scope"": ""record_attached"", ""candidate_id"": ""ca9763d6b6d7fabb"", ""match_level"": ""unmatched"", ""observed_field"": """", ""observed_value"": """", ""telemetry_capability"": ""observable"", ""type"": ""endpoint"", ""value"": ""51.178.25.148:8081""}, {""attribution_scope"": ""record_attached"", ""candidate_id"": ""ca9763d6b6d7fabb"", ""match_level"": ""unmatched"", ""observed_field"": """", ""observed_value"": """", ""telemetry_capability"": ""observable"", ""type"": ""endpoint"", ""value"": ""51.178.25.148:8081""}, {""attribution_scope"": ""record_attached"", ""candidate_id"": ""ca9763d6b6d7fabb"", ""match_level"": ""unmatched"", ""observed_field"": """", ""observed_value"": """", ""telemetry_capability"": ""observable"", ""type"": ""endpoint"", ""value"": ""51.178.25.148:8081""}, {""attribution_scope"": ""record_attached"", ""candidate_id"": ""ca9763d6b6d7fabb"", ""match_level"": ""unmatched"", ""observed_field"": """", ""observed_value"": """", ""telemetry_capability"": ""observable"", ""type"": ""endpoint"", ""value"": ""51.178.25.148:8081""}, {""attribution_scope"": ""record_attached"", ""candidate_id"": ""ca9763d6b6d7fabb"", ""match_level"": ""unmatched"", ""observed_field"": """", ""observed_value"": """", ""telemetry_capability"": ""observable"", ""type"": ""endpoint"", ""value"": ""51.178.25.148:8081""}, {""attribution_scope"": ""record_attached"", ""candidate_id"": ""ca9763d6b6d7fabb"", ""match_level"": ""unmatched"", ""observed_field"": """", ""observed_value"": """", ""telemetry_capability"": ""observable"", ""type"": ""endpoint"", ""value"": ""51.178.25.148:8081""}, {""attribution_scope"": ""record_attached"", ""candidate_id"": ""ca9763d6b6d7fabb"", ""match_level"": ""unmatched"", ""observed_field"": """", ""observed_value"": """", ""telemetry_capability"": ""observable"", ""type"": ""endpoint"", ""value"": ""51.178.25.148:8081""}, {""attribution_scope"": ""record_attached"", ""candidate_id"": ""ca9763d6b6d7fabb"", ""match_level"": ""unmatched"", ""observed_field"": """", ""observed_value"": """", ""telemetry_capability"": ""observable"", ""type"": ""endpoint"", ""value"": ""51.178.25.148:8081""}, {""attribution_scope"": ""record_attached"", ""candidate_id"": ""ca9763d6b6d7fabb"", ""match_level"": ""unmatched"", ""observed_field"": """", ""observed_value"": """", ""telemetry_capability"": ""observable"", ""type"": ""endpoint"", ""value"": ""51.178.25.148:8081""}, {""attribution_scope"": ""record_attached"", ""candidate_id"": ""ca9763d6b6d7fabb"", ""match_level"": ""unmatched"", ""observed_field"": """", ""observed_value"": """", ""telemetry_capability"": ""observable"", ""type"": ""endpoint"", ""value"": ""51.178.25.148:8081""}, {""attribution_scope"": ""record_attached"", ""candidate_id"": ""ad150a0f4c58e71b"", ""match_level"": ""unmatched"", ""observed_field"": """", ""observed_value"": """", ""telemetry_capability"": ""observable"", ""type"": ""ip"", ""value"": ""51.178.25.148""}, {""attribution_scope"": ""record_attached"", ""candidate_id"": ""7e09e7cf19d12ba9"", ""match_level"": ""unobservable"", ""observed_field"": ""domain_not_retained"", ""observed_value"": ""51.178.25.148"", ""telemetry_capability"": ""unobservable"", ""type"": ""url"", ""value"": ""http://51.178.25.148:8081/dl/gamesdk""}, {""attribution_scope"": ""record_attached"", ""candidate_id"": ""cb654aaa603d4431"", ""match_level"": ""unobservable"", ""observed_field"": ""domain_not_retained"", ""observed_value"": ""51.178.25.148"", ""telemetry_capability"": ""unobservable"", ""type"": ""url"", ""value"": ""http://51.178.25.148:8081/dl/runtime""}, {""attribution_scope"": ""record_attached"", ""candidate_id"": ""5eea883fbf4dd9c1"", ""match_level"": ""unobservable"", ""observed_field"": ""domain_not_retained"", ""observed_value"": ""51.178.25.148"", ""telemetry_capability"": ""unobservable"", ""type"": ""url"", ""value"": ""http://51.178.25.148:8081/dl/sys86""}, {""attribution_scope"": ""record_attached"", ""candidate_id"": ""4353e67564038894"", ""match_level"": ""unobservable"", ""observed_field"": ""domain_not_retained"", ""observed_value"": ""51.178.25.148"", ""telemetry_capability"": ""unobservable"", ""type"": ""url"", ""value"": ""http://51.178.25.148:8081/dl/system""}, {""attribution_scope"": ""record_attached"", ""candidate_id"": ""287fb6666a7403b1"", ""match_level"": ""unobservable"", ""observed_field"": ""domain_not_retained"", ""observed_value"": ""51.178.25.148"", ""telemetry_capability"": ""unobservable"", ""type"": ""url"", ""value"": ""http://51.178.25.148:8081/dl/uwu""}, {""attribution_scope"": ""record_attached"", ""candidate_id"": ""0fa5335b0dcf6820"", ""match_level"": ""unobservable"", ""observed_field"": ""domain_not_retained"", ""observed_value"": ""51.178.25.148"", ""telemetry_capability"": ""unobservable"", ""type"": ""url"", ""value"": ""http://51.178.25.148:8081/gethw""}, {""attribution_scope"": ""record_attached"", ""candidate_id"": ""5c94e7ef1cfd2a33"", ""match_level"": ""unobservable"", ""observed_field"": ""domain_not_retained"", ""observed_value"": ""51.178.25.148"", ""telemetry_capability"": ""unobservable"", ""type"": ""url"", ""value"": ""http://51.178.25.148:8081/getip""}, {""attribution_scope"": ""record_attached"", ""candidate_id"": ""c19026ae3f03e3f7"", ""match_level"": ""unobservable"", ""observed_field"": ""domain_not_retained"", ""observed_value"": ""51.178.25.148"", ""telemetry_capability"": ""unobservable"", ""type"": ""url"", ""value"": ""http://51.178.25.148:8081/rooter""}, {""attribution_scope"": ""record_attached"", ""candidate_id"": ""ebe6403bdcc79345"", ""match_level"": ""unobservable"", ""observed_field"": ""domain_not_retained"", ""observed_value"": ""51.178.25.148"", ""telemetry_capability"": ""unobservable"", ""type"": ""url"", ""value"": ""http://51.178.25.148:8081/upload""}, {""attribution_scope"": ""record_attached"", ""candidate_id"": ""12660a3a498d5687"", ""match_level"": ""unobservable"", ""observed_field"": ""domain_not_retained"", ""observed_value"": ""51.178.25.148"", ""telemetry_capability"": ""unobservable"", ""type"": ""url"", ""value"": ""http://51.178.25.148:8081/uploader""}, {""attribution_scope"": ""record_attached"", ""candidate_id"": ""0c56880db273707c"", ""match_level"": ""unobservable"", ""observed_field"": ""domain_not_retained"", ""observed_value"": ""canary.discord.com"", ""telemetry_capability"": ""unobservable"", ""type"": ""url"", ""value"": ""https://canary.discord.com/api/webhooks/1152648911371120681/JlL5FnwmY6nP6RaZxmQ7NI9MGR6HARmAekaPqPDdVTq9K3RJ68Lcd7cz16l9u6eZH9c3""}, {""attribution_scope"": ""record_attached"", ""candidate_id"": ""6efbad4c15a05c91"", ""match_level"": ""unobservable"", ""observed_field"": ""domain_not_retained"", ""observed_value"": ""canary.discord.com"", ""telemetry_capability"": ""unobservable"", ""type"": ""url"", ""value"": ""https://canary.discord.com/api/webhooks/1152716297474424913/z6-hvrQNeyL0m1Mm34JLYj1VVB67sVEXogqJzGCkxYgMFCgCWhQaR07ruMBck1dJAi9g""}, {""attribution_scope"": ""record_attached"", ""candidate_id"": ""a85fa9dff9f43940"", ""match_level"": ""unobservable"", ""observed_field"": ""domain_not_retained"", ""observed_value"": ""canary.discord.com"", ""telemetry_capability"": ""unobservable"", ""type"": ""url"", ""value"": ""https://canary.discord.com/api/webhooks/1153431050517762059/MAkfrB4n1Gz6qe7W8ffWTZF92yfN3D_FWPFFaK_FBgDQWB1ZYfbKHa61X_8L6GK175r0""}, {""attribution_scope"": ""record_attached"", ""candidate_id"": ""c39c8bf1af537d1d"", ""match_level"": ""unobservable"", ""observed_field"": ""domain_not_retained"", ""observed_value"": ""canary.discord.com"", ""telemetry_capability"": ""unobservable"", ""type"": ""url"", ""value"": ""https://canary.discord.com/api/webhooks/1155235432406196334/3eFtMXnG2laJjInzO_kAzLbW6ebMgbrrwmAcRtZyOfqnyCh-twTT9pSumcKr5QJvbGEZ""}, {""attribution_scope"": ""record_attached"", ""candidate_id"": ""04efe91db1cb8cc5"", ""match_level"": ""unobservable"", ""observed_field"": ""domain_not_retained"", ""observed_value"": ""discord.com"", ""telemetry_capability"": ""unobservable"", ""type"": ""url"", ""value"": ""https://discord.com/api/webhooks/1103033150558457876/22oUF1rkDTdxz-iq-2EOR4aVXwDr5vFIeE9zWlitIbYSG2E3XhF8KQIzuo1uXy_bOcos""}, {""attribution_scope"": ""record_attached"", ""candidate_id"": ""8532307176bb0bc9"", ""match_level"": ""unobservable"", ""observed_field"": ""domain_not_retained"", ""observed_value"": ""pastebin.com"", ""telemetry_capability"": ""unobservable"", ""type"": ""url"", ""value"": ""https://pastebin.com/raw/TwHdexDC""}]"	5	"[{""attribution_scope"": ""referenced_report"", ""match_level"": ""behavior_not_observed"", ""observed_evidence"": ""required supporting telemetry was not observed"", ""report_evidence"": ""Collected information is uploaded to attacker-controlled endpoints."", ""type"": ""exfiltration""}, {""attribution_scope"": ""referenced_report"", ""match_level"": ""behavior_not_observed"", ""observed_evidence"": ""required supporting telemetry was not observed"", ""report_evidence"": ""The setup.py payload downloads additional executable content."", ""type"": ""payload_download""}, {""attribution_scope"": ""referenced_report"", ""match_level"": ""behavior_not_observed"", ""observed_evidence"": ""required supporting telemetry was not observed"", ""report_evidence"": ""The campaign places scripts in a startup location to maintain persistence."", ""type"": ""persistence""}, {""attribution_scope"": ""referenced_report"", ""match_level"": ""behavior_partially_observed"", ""observed_evidence"": ""non-harness command or process observed without a report-specific process indicator"", ""report_evidence"": ""Downloaded executable and script payloads are run after installation."", ""type"": ""process_execution""}, {""attribution_scope"": ""referenced_report"", ""match_level"": ""behavior_not_observed"", ""observed_evidence"": ""required supporting telemetry was not observed"", ""report_evidence"": ""The payload collects host, browser, application, and financial information."", ""type"": ""sensitive_data_access""}]"	inconclusive	behavior_not_observed;behavior_partially_observed	low	yes	Confirm whether the reported command/process/file/network behavior occurred.	External IOC extraction=derived_structured_url;structured; IOC attribution=record_attached; behavior extraction=curated_reference_behavior; behavior attribution=referenced_report; version=exact; reported trigger=install (high); observed trigger=install; trigger comparison=match; IOC result=inconclusive; behavior result=behavior_not_observed;behavior_partially_observed. Low-confidence reasons: record-attached IOC applicability to this exact execution is not independently proven; one or more IOC types are only partially observable in this dataset; reported behavior is only partially observed, absent, or semantically unobservable.	[]	"[""443""]"	[]	"[""StreamT~ns"", ""filetop-bpfcc"", ""gnome-system-mo"", ""grep"", ""opensnoop-bpfcc"", ""pgrep"", ""pip"", ""sqldb:c~lite"", ""strace"", ""tcpstates-bpfcc""]"	"[""StreamT~ns"", ""filetop-bpfcc"", ""gnome-system-mo"", ""grep"", ""opensnoop-bpfcc"", ""pgrep"", ""sqldb:c~lite"", ""strace"", ""tcpstates-bpfcc""]"	"[""bind"", ""brk"", ""chmod"", ""close"", ""connect"", ""exit_group"", ""fcntl"", ""fstat"", ""fsync"", ""futex"", ""getdents64"", ""getpeername"", ""getpid"", ""getsockname"", ""getsockopt"", ""ioctl"", ""lseek"", ""mmap"", ""mprotect"", ""munmap"", ""newfstatat"", ""openat"", ""poll"", ""read"", ""recvfrom"", ""recvmsg"", ""rename"", ""rmdir"", ""rt_sigaction"", ""sendmmsg"", ""sendto"", ""setsockopt"", ""socket"", ""uname"", ""unlinkat"", ""write""]"	"[""close -> newfstatat -> openat"", ""close -> newfstatat -> openat -> no-error -> no-fd"", ""newfstatat -> newfstatat -> newfstatat"", ""newfstatat -> newfstatat -> newfstatat -> no-error -> no-fd"", ""newfstatat -> openat -> fstat"", ""newfstatat -> openat -> fstat -> no-error -> no-fd"", ""openat -> fstat -> fcntl"", ""openat -> fstat -> fcntl -> no-error -> no-fd"", ""read -> read -> read"", ""read -> read -> read -> no-error -> no-fd""]"	"[""ETC_DIR"", ""HOME_DIR"", ""OTHER_DIR"", ""ROOT_DIR"", ""TMP_DIR""]"					pending
e782a582e9821c81	qut	pyioapso-1.0.0.tar.gz	pypi	pyioapso	1.0.0	malicious-packages-info	MAL-2023-8574	https://medium.com/checkmarx-security/attacker-hidden-in-plain-sight-for-nearly-six-months-targeting-python-developers-3712f0f107e0;https://security.snyk.io/vuln/SNYK-PYTHON-PYIOAPSO-6069623;https://checkmarx.com/blog/attacker-hidden-in-plain-sight-for-nearly-six-months-targeting-python-developers/	1.0.0	exact	both	install	The report states that malicious code embedded in setup.py executes when the referenced packages are installed. Location: Key Points and campaign overview.	https://medium.com/checkmarx-security/attacker-hidden-in-plain-sight-for-nearly-six-months-targeting-python-developers-3712f0f107e0	high	install	"{""install"": {""package_file"": ""pyioapso-1.0.0.tar.gz"", ""source"": ""QUT-DV25_Install_Traces""}}"	match	27	"[{""attribution_scope"": ""record_attached"", ""candidate_id"": ""aebfa4742ff5940a"", ""match_level"": ""unmatched"", ""observed_field"": """", ""observed_value"": """", ""telemetry_capability"": ""observable"", ""type"": ""endpoint"", ""value"": ""51.178.25.148:8081""}, {""attribution_scope"": ""record_attached"", ""candidate_id"": ""aebfa4742ff5940a"", ""match_level"": ""unmatched"", ""observed_field"": """", ""observed_value"": """", ""telemetry_capability"": ""observable"", ""type"": ""endpoint"", ""value"": ""51.178.25.148:8081""}, {""attribution_scope"": ""record_attached"", ""candidate_id"": ""aebfa4742ff5940a"", ""match_level"": ""unmatched"", ""observed_field"": """", ""observed_value"": """", ""telemetry_capability"": ""observable"", ""type"": ""endpoint"", ""value"": ""51.178.25.148:8081""}, {""attribution_scope"": ""record_attached"", ""candidate_id"": ""aebfa4742ff5940a"", ""match_level"": ""unmatched"", ""observed_field"": """", ""observed_value"": """", ""telemetry_capability"": ""observable"", ""type"": ""endpoint"", ""value"": ""51.178.25.148:8081""}, {""attribution_scope"": ""record_attached"", ""candidate_id"": ""aebfa4742ff5940a"", ""match_level"": ""unmatched"", ""observed_field"": """", ""observed_value"": """", ""telemetry_capability"": ""observable"", ""type"": ""endpoint"", ""value"": ""51.178.25.148:8081""}, {""attribution_scope"": ""record_attached"", ""candidate_id"": ""aebfa4742ff5940a"", ""match_level"": ""unmatched"", ""observed_field"": """", ""observed_value"": """", ""telemetry_capability"": ""observable"", ""type"": ""endpoint"", ""value"": ""51.178.25.148:8081""}, {""attribution_scope"": ""record_attached"", ""candidate_id"": ""aebfa4742ff5940a"", ""match_level"": ""unmatched"", ""observed_field"": """", ""observed_value"": """", ""telemetry_capability"": ""observable"", ""type"": ""endpoint"", ""value"": ""51.178.25.148:8081""}, {""attribution_scope"": ""record_attached"", ""candidate_id"": ""aebfa4742ff5940a"", ""match_level"": ""unmatched"", ""observed_field"": """", ""observed_value"": """", ""telemetry_capability"": ""observable"", ""type"": ""endpoint"", ""value"": ""51.178.25.148:8081""}, {""attribution_scope"": ""record_attached"", ""candidate_id"": ""aebfa4742ff5940a"", ""match_level"": ""unmatched"", ""observed_field"": """", ""observed_value"": """", ""telemetry_capability"": ""observable"", ""type"": ""endpoint"", ""value"": ""51.178.25.148:8081""}, {""attribution_scope"": ""record_attached"", ""candidate_id"": ""aebfa4742ff5940a"", ""match_level"": ""unmatched"", ""observed_field"": """", ""observed_value"": """", ""telemetry_capability"": ""observable"", ""type"": ""endpoint"", ""value"": ""51.178.25.148:8081""}, {""attribution_scope"": ""record_attached"", ""candidate_id"": ""9654940841407336"", ""match_level"": ""unmatched"", ""observed_field"": """", ""observed_value"": """", ""telemetry_capability"": ""observable"", ""type"": ""ip"", ""value"": ""51.178.25.148""}, {""attribution_scope"": ""record_attached"", ""candidate_id"": ""5d3dac117ecb876c"", ""match_level"": ""unobservable"", ""observed_field"": ""domain_not_retained"", ""observed_value"": ""51.178.25.148"", ""telemetry_capability"": ""unobservable"", ""type"": ""url"", ""value"": ""http://51.178.25.148:8081/dl/gamesdk""}, {""attribution_scope"": ""record_attached"", ""candidate_id"": ""5c7e1de601e8df20"", ""match_level"": ""unobservable"", ""observed_field"": ""domain_not_retained"", ""observed_value"": ""51.178.25.148"", ""telemetry_capability"": ""unobservable"", ""type"": ""url"", ""value"": ""http://51.178.25.148:8081/dl/runtime""}, {""attribution_scope"": ""record_attached"", ""candidate_id"": ""bf57bf45a864f4fb"", ""match_level"": ""unobservable"", ""observed_field"": ""domain_not_retained"", ""observed_value"": ""51.178.25.148"", ""telemetry_capability"": ""unobservable"", ""type"": ""url"", ""value"": ""http://51.178.25.148:8081/dl/sys86""}, {""attribution_scope"": ""record_attached"", ""candidate_id"": ""35c16700e4dd0424"", ""match_level"": ""unobservable"", ""observed_field"": ""domain_not_retained"", ""observed_value"": ""51.178.25.148"", ""telemetry_capability"": ""unobservable"", ""type"": ""url"", ""value"": ""http://51.178.25.148:8081/dl/system""}, {""attribution_scope"": ""record_attached"", ""candidate_id"": ""d4bce66831153884"", ""match_level"": ""unobservable"", ""observed_field"": ""domain_not_retained"", ""observed_value"": ""51.178.25.148"", ""telemetry_capability"": ""unobservable"", ""type"": ""url"", ""value"": ""http://51.178.25.148:8081/dl/uwu""}, {""attribution_scope"": ""record_attached"", ""candidate_id"": ""8f4cdd3014120f2f"", ""match_level"": ""unobservable"", ""observed_field"": ""domain_not_retained"", ""observed_value"": ""51.178.25.148"", ""telemetry_capability"": ""unobservable"", ""type"": ""url"", ""value"": ""http://51.178.25.148:8081/gethw""}, {""attribution_scope"": ""record_attached"", ""candidate_id"": ""49d97e7c17f7a81d"", ""match_level"": ""unobservable"", ""observed_field"": ""domain_not_retained"", ""observed_value"": ""51.178.25.148"", ""telemetry_capability"": ""unobservable"", ""type"": ""url"", ""value"": ""http://51.178.25.148:8081/getip""}, {""attribution_scope"": ""record_attached"", ""candidate_id"": ""457ad448f7e9bed2"", ""match_level"": ""unobservable"", ""observed_field"": ""domain_not_retained"", ""observed_value"": ""51.178.25.148"", ""telemetry_capability"": ""unobservable"", ""type"": ""url"", ""value"": ""http://51.178.25.148:8081/rooter""}, {""attribution_scope"": ""record_attached"", ""candidate_id"": ""264d9eaab82b5872"", ""match_level"": ""unobservable"", ""observed_field"": ""domain_not_retained"", ""observed_value"": ""51.178.25.148"", ""telemetry_capability"": ""unobservable"", ""type"": ""url"", ""value"": ""http://51.178.25.148:8081/upload""}, {""attribution_scope"": ""record_attached"", ""candidate_id"": ""98958b91559594a6"", ""match_level"": ""unobservable"", ""observed_field"": ""domain_not_retained"", ""observed_value"": ""51.178.25.148"", ""telemetry_capability"": ""unobservable"", ""type"": ""url"", ""value"": ""http://51.178.25.148:8081/uploader""}, {""attribution_scope"": ""record_attached"", ""candidate_id"": ""4986e463b6d69c2c"", ""match_level"": ""unobservable"", ""observed_field"": ""domain_not_retained"", ""observed_value"": ""canary.discord.com"", ""telemetry_capability"": ""unobservable"", ""type"": ""url"", ""value"": ""https://canary.discord.com/api/webhooks/1152648911371120681/JlL5FnwmY6nP6RaZxmQ7NI9MGR6HARmAekaPqPDdVTq9K3RJ68Lcd7cz16l9u6eZH9c3""}, {""attribution_scope"": ""record_attached"", ""candidate_id"": ""6a93a5f7610057a6"", ""match_level"": ""unobservable"", ""observed_field"": ""domain_not_retained"", ""observed_value"": ""canary.discord.com"", ""telemetry_capability"": ""unobservable"", ""type"": ""url"", ""value"": ""https://canary.discord.com/api/webhooks/1152716297474424913/z6-hvrQNeyL0m1Mm34JLYj1VVB67sVEXogqJzGCkxYgMFCgCWhQaR07ruMBck1dJAi9g""}, {""attribution_scope"": ""record_attached"", ""candidate_id"": ""00dfac4ef9707e55"", ""match_level"": ""unobservable"", ""observed_field"": ""domain_not_retained"", ""observed_value"": ""canary.discord.com"", ""telemetry_capability"": ""unobservable"", ""type"": ""url"", ""value"": ""https://canary.discord.com/api/webhooks/1153431050517762059/MAkfrB4n1Gz6qe7W8ffWTZF92yfN3D_FWPFFaK_FBgDQWB1ZYfbKHa61X_8L6GK175r0""}, {""attribution_scope"": ""record_attached"", ""candidate_id"": ""6c9f25f9d1b8d5c5"", ""match_level"": ""unobservable"", ""observed_field"": ""domain_not_retained"", ""observed_value"": ""canary.discord.com"", ""telemetry_capability"": ""unobservable"", ""type"": ""url"", ""value"": ""https://canary.discord.com/api/webhooks/1155235432406196334/3eFtMXnG2laJjInzO_kAzLbW6ebMgbrrwmAcRtZyOfqnyCh-twTT9pSumcKr5QJvbGEZ""}, {""attribution_scope"": ""record_attached"", ""candidate_id"": ""e11697dde7fd5b1a"", ""match_level"": ""unobservable"", ""observed_field"": ""domain_not_retained"", ""observed_value"": ""discord.com"", ""telemetry_capability"": ""unobservable"", ""type"": ""url"", ""value"": ""https://discord.com/api/webhooks/1103033150558457876/22oUF1rkDTdxz-iq-2EOR4aVXwDr5vFIeE9zWlitIbYSG2E3XhF8KQIzuo1uXy_bOcos""}, {""attribution_scope"": ""record_attached"", ""candidate_id"": ""5e1c2363afe646a8"", ""match_level"": ""unobservable"", ""observed_field"": ""domain_not_retained"", ""observed_value"": ""pastebin.com"", ""telemetry_capability"": ""unobservable"", ""type"": ""url"", ""value"": ""https://pastebin.com/raw/TwHdexDC""}]"	5	"[{""attribution_scope"": ""referenced_report"", ""match_level"": ""behavior_not_observed"", ""observed_evidence"": ""required supporting telemetry was not observed"", ""report_evidence"": ""Collected information is uploaded to attacker-controlled endpoints."", ""type"": ""exfiltration""}, {""attribution_scope"": ""referenced_report"", ""match_level"": ""behavior_not_observed"", ""observed_evidence"": ""required supporting telemetry was not observed"", ""report_evidence"": ""The setup.py payload downloads additional executable content."", ""type"": ""payload_download""}, {""attribution_scope"": ""referenced_report"", ""match_level"": ""behavior_not_observed"", ""observed_evidence"": ""required supporting telemetry was not observed"", ""report_evidence"": ""The campaign places scripts in a startup location to maintain persistence."", ""type"": ""persistence""}, {""attribution_scope"": ""referenced_report"", ""match_level"": ""behavior_partially_observed"", ""observed_evidence"": ""non-harness command or process observed without a report-specific process indicator"", ""report_evidence"": ""Downloaded executable and script payloads are run after installation."", ""type"": ""process_execution""}, {""attribution_scope"": ""referenced_report"", ""match_level"": ""behavior_not_observed"", ""observed_evidence"": ""required supporting telemetry was not observed"", ""report_evidence"": ""The payload collects host, browser, application, and financial information."", ""type"": ""sensitive_data_access""}]"	inconclusive	behavior_not_observed;behavior_partially_observed	low	yes	Confirm whether the reported command/process/file/network behavior occurred.	External IOC extraction=derived_structured_url;structured; IOC attribution=record_attached; behavior extraction=curated_reference_behavior; behavior attribution=referenced_report; version=exact; reported trigger=install (high); observed trigger=install; trigger comparison=match; IOC result=inconclusive; behavior result=behavior_not_observed;behavior_partially_observed. Low-confidence reasons: record-attached IOC applicability to this exact execution is not independently proven; one or more IOC types are only partially observable in this dataset; reported behavior is only partially observed, absent, or semantically unobservable.	[]	"[""443""]"	[]	"[""StreamT~ns"", ""filetop-bpfcc"", ""gnome-system-mo"", ""opensnoop-bpfcc"", ""pgrep"", ""pip"", ""sqldb:c~lite"", ""strace"", ""systemd-logind"", ""tcpstates-bpfcc""]"	"[""StreamT~ns"", ""filetop-bpfcc"", ""gnome-system-mo"", ""opensnoop-bpfcc"", ""pgrep"", ""sqldb:c~lite"", ""strace"", ""systemd-logind"", ""tcpstates-bpfcc""]"	"[""bind"", ""brk"", ""chmod"", ""close"", ""connect"", ""exit_group"", ""fcntl"", ""fstat"", ""fsync"", ""futex"", ""getcwd"", ""getdents64"", ""geteuid"", ""getpeername"", ""getpid"", ""getrandom"", ""getsockname"", ""getsockopt"", ""ioctl"", ""lseek"", ""mkdir"", ""mmap"", ""mprotect"", ""mremap"", ""munmap"", ""newfstatat"", ""openat"", ""pipe2"", ""poll"", ""read"", ""readlink"", ""recvfrom"", ""recvmsg"", ""rename"", ""rmdir"", ""rt_sigaction"", ""rt_sigprocmask"", ""sendmmsg"", ""sendto"", ""setsockopt"", ""socket"", ""umask"", ""uname"", ""unlink"", ""unlinkat"", ""vfork"", ""wait4"", ""write""]"	"[""fstat -> ioctl -> lseek"", ""fstat -> ioctl -> lseek -> error=ENOENT -> no-fd"", ""newfstatat -> newfstatat -> newfstatat"", ""newfstatat -> newfstatat -> newfstatat -> no-error -> no-fd"", ""newfstatat -> newfstatat -> openat"", ""newfstatat -> newfstatat -> openat -> no-error -> no-fd"", ""newfstatat -> openat -> fstat"", ""newfstatat -> openat -> fstat -> no-error -> no-fd"", ""openat -> fstat -> ioctl"", ""openat -> fstat -> ioctl -> no-error -> no-fd""]"	"[""ETC_DIR"", ""HOME_DIR"", ""OTHER_DIR"", ""ROOT_DIR"", ""TMP_DIR""]"					pending
3ac5b3557fadd6dc	qut	pyioler-1.0.1.tar.gz	pypi	pyioler	1.0.1	malicious-packages-info	MAL-2023-8575	https://medium.com/checkmarx-security/attacker-hidden-in-plain-sight-for-nearly-six-months-targeting-python-developers-3712f0f107e0;https://security.snyk.io/vuln/SNYK-PYTHON-PYIOLER-6069621;https://checkmarx.com/blog/attacker-hidden-in-plain-sight-for-nearly-six-months-targeting-python-developers/	1.0.1	exact	both	install	The report states that malicious code embedded in setup.py executes when the referenced packages are installed. Location: Key Points and campaign overview.	https://medium.com/checkmarx-security/attacker-hidden-in-plain-sight-for-nearly-six-months-targeting-python-developers-3712f0f107e0	high	install	"{""install"": {""package_file"": ""pyioler-1.0.1.tar.gz"", ""source"": ""QUT-DV25_Install_Traces""}}"	match	27	"[{""attribution_scope"": ""record_attached"", ""candidate_id"": ""b26dd8cdfbcab7b3"", ""match_level"": ""unmatched"", ""observed_field"": """", ""observed_value"": """", ""telemetry_capability"": ""observable"", ""type"": ""endpoint"", ""value"": ""51.178.25.148:8081""}, {""attribution_scope"": ""record_attached"", ""candidate_id"": ""b26dd8cdfbcab7b3"", ""match_level"": ""unmatched"", ""observed_field"": """", ""observed_value"": """", ""telemetry_capability"": ""observable"", ""type"": ""endpoint"", ""value"": ""51.178.25.148:8081""}, {""attribution_scope"": ""record_attached"", ""candidate_id"": ""b26dd8cdfbcab7b3"", ""match_level"": ""unmatched"", ""observed_field"": """", ""observed_value"": """", ""telemetry_capability"": ""observable"", ""type"": ""endpoint"", ""value"": ""51.178.25.148:8081""}, {""attribution_scope"": ""record_attached"", ""candidate_id"": ""b26dd8cdfbcab7b3"", ""match_level"": ""unmatched"", ""observed_field"": """", ""observed_value"": """", ""telemetry_capability"": ""observable"", ""type"": ""endpoint"", ""value"": ""51.178.25.148:8081""}, {""attribution_scope"": ""record_attached"", ""candidate_id"": ""b26dd8cdfbcab7b3"", ""match_level"": ""unmatched"", ""observed_field"": """", ""observed_value"": """", ""telemetry_capability"": ""observable"", ""type"": ""endpoint"", ""value"": ""51.178.25.148:8081""}, {""attribution_scope"": ""record_attached"", ""candidate_id"": ""b26dd8cdfbcab7b3"", ""match_level"": ""unmatched"", ""observed_field"": """", ""observed_value"": """", ""telemetry_capability"": ""observable"", ""type"": ""endpoint"", ""value"": ""51.178.25.148:8081""}, {""attribution_scope"": ""record_attached"", ""candidate_id"": ""b26dd8cdfbcab7b3"", ""match_level"": ""unmatched"", ""observed_field"": """", ""observed_value"": """", ""telemetry_capability"": ""observable"", ""type"": ""endpoint"", ""value"": ""51.178.25.148:8081""}, {""attribution_scope"": ""record_attached"", ""candidate_id"": ""b26dd8cdfbcab7b3"", ""match_level"": ""unmatched"", ""observed_field"": """", ""observed_value"": """", ""telemetry_capability"": ""observable"", ""type"": ""endpoint"", ""value"": ""51.178.25.148:8081""}, {""attribution_scope"": ""record_attached"", ""candidate_id"": ""b26dd8cdfbcab7b3"", ""match_level"": ""unmatched"", ""observed_field"": """", ""observed_value"": """", ""telemetry_capability"": ""observable"", ""type"": ""endpoint"", ""value"": ""51.178.25.148:8081""}, {""attribution_scope"": ""record_attached"", ""candidate_id"": ""b26dd8cdfbcab7b3"", ""match_level"": ""unmatched"", ""observed_field"": """", ""observed_value"": """", ""telemetry_capability"": ""observable"", ""type"": ""endpoint"", ""value"": ""51.178.25.148:8081""}, {""attribution_scope"": ""record_attached"", ""candidate_id"": ""c8270773a67829ea"", ""match_level"": ""unmatched"", ""observed_field"": """", ""observed_value"": """", ""telemetry_capability"": ""observable"", ""type"": ""ip"", ""value"": ""51.178.25.148""}, {""attribution_scope"": ""record_attached"", ""candidate_id"": ""34fc3497efed4b62"", ""match_level"": ""unobservable"", ""observed_field"": ""domain_not_retained"", ""observed_value"": ""51.178.25.148"", ""telemetry_capability"": ""unobservable"", ""type"": ""url"", ""value"": ""http://51.178.25.148:8081/dl/gamesdk""}, {""attribution_scope"": ""record_attached"", ""candidate_id"": ""87c97c9ec56eda73"", ""match_level"": ""unobservable"", ""observed_field"": ""domain_not_retained"", ""observed_value"": ""51.178.25.148"", ""telemetry_capability"": ""unobservable"", ""type"": ""url"", ""value"": ""http://51.178.25.148:8081/dl/runtime""}, {""attribution_scope"": ""record_attached"", ""candidate_id"": ""f0b144c31bfbe599"", ""match_level"": ""unobservable"", ""observed_field"": ""domain_not_retained"", ""observed_value"": ""51.178.25.148"", ""telemetry_capability"": ""unobservable"", ""type"": ""url"", ""value"": ""http://51.178.25.148:8081/dl/sys86""}, {""attribution_scope"": ""record_attached"", ""candidate_id"": ""9c5dab729cfdfba4"", ""match_level"": ""unobservable"", ""observed_field"": ""domain_not_retained"", ""observed_value"": ""51.178.25.148"", ""telemetry_capability"": ""unobservable"", ""type"": ""url"", ""value"": ""http://51.178.25.148:8081/dl/system""}, {""attribution_scope"": ""record_attached"", ""candidate_id"": ""7cadf52abe93816f"", ""match_level"": ""unobservable"", ""observed_field"": ""domain_not_retained"", ""observed_value"": ""51.178.25.148"", ""telemetry_capability"": ""unobservable"", ""type"": ""url"", ""value"": ""http://51.178.25.148:8081/dl/uwu""}, {""attribution_scope"": ""record_attached"", ""candidate_id"": ""bbd94ce043b7a70c"", ""match_level"": ""unobservable"", ""observed_field"": ""domain_not_retained"", ""observed_value"": ""51.178.25.148"", ""telemetry_capability"": ""unobservable"", ""type"": ""url"", ""value"": ""http://51.178.25.148:8081/gethw""}, {""attribution_scope"": ""record_attached"", ""candidate_id"": ""efe661ec137a4bfe"", ""match_level"": ""unobservable"", ""observed_field"": ""domain_not_retained"", ""observed_value"": ""51.178.25.148"", ""telemetry_capability"": ""unobservable"", ""type"": ""url"", ""value"": ""http://51.178.25.148:8081/getip""}, {""attribution_scope"": ""record_attached"", ""candidate_id"": ""71ad2ff3130fbfd7"", ""match_level"": ""unobservable"", ""observed_field"": ""domain_not_retained"", ""observed_value"": ""51.178.25.148"", ""telemetry_capability"": ""unobservable"", ""type"": ""url"", ""value"": ""http://51.178.25.148:8081/rooter""}, {""attribution_scope"": ""record_attached"", ""candidate_id"": ""b3d8d99c6eba35ff"", ""match_level"": ""unobservable"", ""observed_field"": ""domain_not_retained"", ""observed_value"": ""51.178.25.148"", ""telemetry_capability"": ""unobservable"", ""type"": ""url"", ""value"": ""http://51.178.25.148:8081/upload""}, {""attribution_scope"": ""record_attached"", ""candidate_id"": ""b8ea6a68f1f55473"", ""match_level"": ""unobservable"", ""observed_field"": ""domain_not_retained"", ""observed_value"": ""51.178.25.148"", ""telemetry_capability"": ""unobservable"", ""type"": ""url"", ""value"": ""http://51.178.25.148:8081/uploader""}, {""attribution_scope"": ""record_attached"", ""candidate_id"": ""b19b55d7a9e50923"", ""match_level"": ""unobservable"", ""observed_field"": ""domain_not_retained"", ""observed_value"": ""canary.discord.com"", ""telemetry_capability"": ""unobservable"", ""type"": ""url"", ""value"": ""https://canary.discord.com/api/webhooks/1152648911371120681/JlL5FnwmY6nP6RaZxmQ7NI9MGR6HARmAekaPqPDdVTq9K3RJ68Lcd7cz16l9u6eZH9c3""}, {""attribution_scope"": ""record_attached"", ""candidate_id"": ""6681003b4c5521d4"", ""match_level"": ""unobservable"", ""observed_field"": ""domain_not_retained"", ""observed_value"": ""canary.discord.com"", ""telemetry_capability"": ""unobservable"", ""type"": ""url"", ""value"": ""https://canary.discord.com/api/webhooks/1152716297474424913/z6-hvrQNeyL0m1Mm34JLYj1VVB67sVEXogqJzGCkxYgMFCgCWhQaR07ruMBck1dJAi9g""}, {""attribution_scope"": ""record_attached"", ""candidate_id"": ""92901a74f456501d"", ""match_level"": ""unobservable"", ""observed_field"": ""domain_not_retained"", ""observed_value"": ""canary.discord.com"", ""telemetry_capability"": ""unobservable"", ""type"": ""url"", ""value"": ""https://canary.discord.com/api/webhooks/1153431050517762059/MAkfrB4n1Gz6qe7W8ffWTZF92yfN3D_FWPFFaK_FBgDQWB1ZYfbKHa61X_8L6GK175r0""}, {""attribution_scope"": ""record_attached"", ""candidate_id"": ""dc75efc7f1f1b819"", ""match_level"": ""unobservable"", ""observed_field"": ""domain_not_retained"", ""observed_value"": ""canary.discord.com"", ""telemetry_capability"": ""unobservable"", ""type"": ""url"", ""value"": ""https://canary.discord.com/api/webhooks/1155235432406196334/3eFtMXnG2laJjInzO_kAzLbW6ebMgbrrwmAcRtZyOfqnyCh-twTT9pSumcKr5QJvbGEZ""}, {""attribution_scope"": ""record_attached"", ""candidate_id"": ""cec525139015b4eb"", ""match_level"": ""unobservable"", ""observed_field"": ""domain_not_retained"", ""observed_value"": ""discord.com"", ""telemetry_capability"": ""unobservable"", ""type"": ""url"", ""value"": ""https://discord.com/api/webhooks/1103033150558457876/22oUF1rkDTdxz-iq-2EOR4aVXwDr5vFIeE9zWlitIbYSG2E3XhF8KQIzuo1uXy_bOcos""}, {""attribution_scope"": ""record_attached"", ""candidate_id"": ""f18a27b0d1edf154"", ""match_level"": ""unobservable"", ""observed_field"": ""domain_not_retained"", ""observed_value"": ""pastebin.com"", ""telemetry_capability"": ""unobservable"", ""type"": ""url"", ""value"": ""https://pastebin.com/raw/TwHdexDC""}]"	5	"[{""attribution_scope"": ""referenced_report"", ""match_level"": ""behavior_not_observed"", ""observed_evidence"": ""required supporting telemetry was not observed"", ""report_evidence"": ""Collected information is uploaded to attacker-controlled endpoints."", ""type"": ""exfiltration""}, {""attribution_scope"": ""referenced_report"", ""match_level"": ""behavior_not_observed"", ""observed_evidence"": ""required supporting telemetry was not observed"", ""report_evidence"": ""The setup.py payload downloads additional executable content."", ""type"": ""payload_download""}, {""attribution_scope"": ""referenced_report"", ""match_level"": ""behavior_not_observed"", ""observed_evidence"": ""required supporting telemetry was not observed"", ""report_evidence"": ""The campaign places scripts in a startup location to maintain persistence."", ""type"": ""persistence""}, {""attribution_scope"": ""referenced_report"", ""match_level"": ""behavior_partially_observed"", ""observed_evidence"": ""non-harness command or process observed without a report-specific process indicator"", ""report_evidence"": ""Downloaded executable and script payloads are run after installation."", ""type"": ""process_execution""}, {""attribution_scope"": ""referenced_report"", ""match_level"": ""behavior_not_observed"", ""observed_evidence"": ""required supporting telemetry was not observed"", ""report_evidence"": ""The payload collects host, browser, application, and financial information."", ""type"": ""sensitive_data_access""}]"	inconclusive	behavior_not_observed;behavior_partially_observed	low	yes	Confirm whether the reported command/process/file/network behavior occurred.	External IOC extraction=derived_structured_url;structured; IOC attribution=record_attached; behavior extraction=curated_reference_behavior; behavior attribution=referenced_report; version=exact; reported trigger=install (high); observed trigger=install; trigger comparison=match; IOC result=inconclusive; behavior result=behavior_not_observed;behavior_partially_observed. Low-confidence reasons: record-attached IOC applicability to this exact execution is not independently proven; one or more IOC types are only partially observable in this dataset; reported behavior is only partially observed, absent, or semantically unobservable.	[]	"[""443""]"	[]	"[""StreamT~ns"", ""filetop-bpfcc"", ""gnome-system-mo"", ""opensnoop-bpfcc"", ""pgrep"", ""pip"", ""sqldb:c~lite"", ""strace"", ""systemd-logind"", ""tcpstates-bpfcc""]"	"[""StreamT~ns"", ""filetop-bpfcc"", ""gnome-system-mo"", ""opensnoop-bpfcc"", ""pgrep"", ""sqldb:c~lite"", ""strace"", ""systemd-logind"", ""tcpstates-bpfcc""]"	"[""bind"", ""brk"", ""chmod"", ""close"", ""connect"", ""exit_group"", ""fcntl"", ""fstat"", ""fsync"", ""futex"", ""getcwd"", ""getdents64"", ""geteuid"", ""getpeername"", ""getpid"", ""getrandom"", ""getsockname"", ""getsockopt"", ""ioctl"", ""lseek"", ""mkdir"", ""mmap"", ""mprotect"", ""mremap"", ""munmap"", ""newfstatat"", ""openat"", ""pipe2"", ""poll"", ""read"", ""recvfrom"", ""recvmsg"", ""rename"", ""rmdir"", ""rt_sigaction"", ""rt_sigprocmask"", ""sendmmsg"", ""sendto"", ""setsockopt"", ""socket"", ""umask"", ""uname"", ""unlink"", ""unlinkat"", ""vfork"", ""wait4"", ""write""]"	"[""fstat -> ioctl -> lseek"", ""fstat -> ioctl -> lseek -> error=ENOENT -> no-fd"", ""ioctl -> lseek -> lseek -> no-error -> no-fd"", ""newfstatat -> newfstatat -> newfstatat"", ""newfstatat -> newfstatat -> newfstatat -> no-error -> no-fd"", ""newfstatat -> newfstatat -> openat"", ""newfstatat -> newfstatat -> openat -> no-error -> no-fd"", ""newfstatat -> openat -> fstat"", ""newfstatat -> openat -> fstat -> no-error -> no-fd"", ""openat -> fstat -> ioctl""]"	"[""ETC_DIR"", ""HOME_DIR"", ""OTHER_DIR"", ""ROOT_DIR"", ""TMP_DIR""]"					pending
94ca9fe0957c1934	qut	pyjio-1.0.1.tar.gz	pypi	pyjio	1.0.1	malicious-packages-info	MAL-2023-8576	https://medium.com/checkmarx-security/attacker-hidden-in-plain-sight-for-nearly-six-months-targeting-python-developers-3712f0f107e0;https://checkmarx.com/blog/attacker-hidden-in-plain-sight-for-nearly-six-months-targeting-python-developers/;https://security.snyk.io/vuln/SNYK-PYTHON-PYJIO-6069620	1.0.1	exact	both	install	The report states that malicious code embedded in setup.py executes when the referenced packages are installed. Location: Key Points and campaign overview.	https://medium.com/checkmarx-security/attacker-hidden-in-plain-sight-for-nearly-six-months-targeting-python-developers-3712f0f107e0	high	install	"{""install"": {""package_file"": ""pyjio-1.0.1.tar.gz"", ""source"": ""QUT-DV25_Install_Traces""}}"	match	27	"[{""attribution_scope"": ""record_attached"", ""candidate_id"": ""95074c40335f44b1"", ""match_level"": ""unmatched"", ""observed_field"": """", ""observed_value"": """", ""telemetry_capability"": ""observable"", ""type"": ""endpoint"", ""value"": ""51.178.25.148:8081""}, {""attribution_scope"": ""record_attached"", ""candidate_id"": ""95074c40335f44b1"", ""match_level"": ""unmatched"", ""observed_field"": """", ""observed_value"": """", ""telemetry_capability"": ""observable"", ""type"": ""endpoint"", ""value"": ""51.178.25.148:8081""}, {""attribution_scope"": ""record_attached"", ""candidate_id"": ""95074c40335f44b1"", ""match_level"": ""unmatched"", ""observed_field"": """", ""observed_value"": """", ""telemetry_capability"": ""observable"", ""type"": ""endpoint"", ""value"": ""51.178.25.148:8081""}, {""attribution_scope"": ""record_attached"", ""candidate_id"": ""95074c40335f44b1"", ""match_level"": ""unmatched"", ""observed_field"": """", ""observed_value"": """", ""telemetry_capability"": ""observable"", ""type"": ""endpoint"", ""value"": ""51.178.25.148:8081""}, {""attribution_scope"": ""record_attached"", ""candidate_id"": ""95074c40335f44b1"", ""match_level"": ""unmatched"", ""observed_field"": """", ""observed_value"": """", ""telemetry_capability"": ""observable"", ""type"": ""endpoint"", ""value"": ""51.178.25.148:8081""}, {""attribution_scope"": ""record_attached"", ""candidate_id"": ""95074c40335f44b1"", ""match_level"": ""unmatched"", ""observed_field"": """", ""observed_value"": """", ""telemetry_capability"": ""observable"", ""type"": ""endpoint"", ""value"": ""51.178.25.148:8081""}, {""attribution_scope"": ""record_attached"", ""candidate_id"": ""95074c40335f44b1"", ""match_level"": ""unmatched"", ""observed_field"": """", ""observed_value"": """", ""telemetry_capability"": ""observable"", ""type"": ""endpoint"", ""value"": ""51.178.25.148:8081""}, {""attribution_scope"": ""record_attached"", ""candidate_id"": ""95074c40335f44b1"", ""match_level"": ""unmatched"", ""observed_field"": """", ""observed_value"": """", ""telemetry_capability"": ""observable"", ""type"": ""endpoint"", ""value"": ""51.178.25.148:8081""}, {""attribution_scope"": ""record_attached"", ""candidate_id"": ""95074c40335f44b1"", ""match_level"": ""unmatched"", ""observed_field"": """", ""observed_value"": """", ""telemetry_capability"": ""observable"", ""type"": ""endpoint"", ""value"": ""51.178.25.148:8081""}, {""attribution_scope"": ""record_attached"", ""candidate_id"": ""95074c40335f44b1"", ""match_level"": ""unmatched"", ""observed_field"": """", ""observed_value"": """", ""telemetry_capability"": ""observable"", ""type"": ""endpoint"", ""value"": ""51.178.25.148:8081""}, {""attribution_scope"": ""record_attached"", ""candidate_id"": ""115b3317b5c01b8f"", ""match_level"": ""unmatched"", ""observed_field"": """", ""observed_value"": """", ""telemetry_capability"": ""observable"", ""type"": ""ip"", ""value"": ""51.178.25.148""}, {""attribution_scope"": ""record_attached"", ""candidate_id"": ""9830027b160444e9"", ""match_level"": ""unobservable"", ""observed_field"": ""domain_not_retained"", ""observed_value"": ""51.178.25.148"", ""telemetry_capability"": ""unobservable"", ""type"": ""url"", ""value"": ""http://51.178.25.148:8081/dl/gamesdk""}, {""attribution_scope"": ""record_attached"", ""candidate_id"": ""f2864f3c4e3815cf"", ""match_level"": ""unobservable"", ""observed_field"": ""domain_not_retained"", ""observed_value"": ""51.178.25.148"", ""telemetry_capability"": ""unobservable"", ""type"": ""url"", ""value"": ""http://51.178.25.148:8081/dl/runtime""}, {""attribution_scope"": ""record_attached"", ""candidate_id"": ""aca40b02cc8f6a25"", ""match_level"": ""unobservable"", ""observed_field"": ""domain_not_retained"", ""observed_value"": ""51.178.25.148"", ""telemetry_capability"": ""unobservable"", ""type"": ""url"", ""value"": ""http://51.178.25.148:8081/dl/sys86""}, {""attribution_scope"": ""record_attached"", ""candidate_id"": ""675b527b5917e7af"", ""match_level"": ""unobservable"", ""observed_field"": ""domain_not_retained"", ""observed_value"": ""51.178.25.148"", ""telemetry_capability"": ""unobservable"", ""type"": ""url"", ""value"": ""http://51.178.25.148:8081/dl/system""}, {""attribution_scope"": ""record_attached"", ""candidate_id"": ""e7e161529e32e56f"", ""match_level"": ""unobservable"", ""observed_field"": ""domain_not_retained"", ""observed_value"": ""51.178.25.148"", ""telemetry_capability"": ""unobservable"", ""type"": ""url"", ""value"": ""http://51.178.25.148:8081/dl/uwu""}, {""attribution_scope"": ""record_attached"", ""candidate_id"": ""2c3024909b60ceb2"", ""match_level"": ""unobservable"", ""observed_field"": ""domain_not_retained"", ""observed_value"": ""51.178.25.148"", ""telemetry_capability"": ""unobservable"", ""type"": ""url"", ""value"": ""http://51.178.25.148:8081/gethw""}, {""attribution_scope"": ""record_attached"", ""candidate_id"": ""0067b8b9df1168fa"", ""match_level"": ""unobservable"", ""observed_field"": ""domain_not_retained"", ""observed_value"": ""51.178.25.148"", ""telemetry_capability"": ""unobservable"", ""type"": ""url"", ""value"": ""http://51.178.25.148:8081/getip""}, {""attribution_scope"": ""record_attached"", ""candidate_id"": ""df7f817128b4f2d5"", ""match_level"": ""unobservable"", ""observed_field"": ""domain_not_retained"", ""observed_value"": ""51.178.25.148"", ""telemetry_capability"": ""unobservable"", ""type"": ""url"", ""value"": ""http://51.178.25.148:8081/rooter""}, {""attribution_scope"": ""record_attached"", ""candidate_id"": ""8778a1ec6da5f9cb"", ""match_level"": ""unobservable"", ""observed_field"": ""domain_not_retained"", ""observed_value"": ""51.178.25.148"", ""telemetry_capability"": ""unobservable"", ""type"": ""url"", ""value"": ""http://51.178.25.148:8081/upload""}, {""attribution_scope"": ""record_attached"", ""candidate_id"": ""4187b5829263d9ff"", ""match_level"": ""unobservable"", ""observed_field"": ""domain_not_retained"", ""observed_value"": ""51.178.25.148"", ""telemetry_capability"": ""unobservable"", ""type"": ""url"", ""value"": ""http://51.178.25.148:8081/uploader""}, {""attribution_scope"": ""record_attached"", ""candidate_id"": ""9b64a5ab285f1872"", ""match_level"": ""unobservable"", ""observed_field"": ""domain_not_retained"", ""observed_value"": ""canary.discord.com"", ""telemetry_capability"": ""unobservable"", ""type"": ""url"", ""value"": ""https://canary.discord.com/api/webhooks/1152648911371120681/JlL5FnwmY6nP6RaZxmQ7NI9MGR6HARmAekaPqPDdVTq9K3RJ68Lcd7cz16l9u6eZH9c3""}, {""attribution_scope"": ""record_attached"", ""candidate_id"": ""6b60726e4f77f4c8"", ""match_level"": ""unobservable"", ""observed_field"": ""domain_not_retained"", ""observed_value"": ""canary.discord.com"", ""telemetry_capability"": ""unobservable"", ""type"": ""url"", ""value"": ""https://canary.discord.com/api/webhooks/1152716297474424913/z6-hvrQNeyL0m1Mm34JLYj1VVB67sVEXogqJzGCkxYgMFCgCWhQaR07ruMBck1dJAi9g""}, {""attribution_scope"": ""record_attached"", ""candidate_id"": ""1d2550f6588ab42e"", ""match_level"": ""unobservable"", ""observed_field"": ""domain_not_retained"", ""observed_value"": ""canary.discord.com"", ""telemetry_capability"": ""unobservable"", ""type"": ""url"", ""value"": ""https://canary.discord.com/api/webhooks/1153431050517762059/MAkfrB4n1Gz6qe7W8ffWTZF92yfN3D_FWPFFaK_FBgDQWB1ZYfbKHa61X_8L6GK175r0""}, {""attribution_scope"": ""record_attached"", ""candidate_id"": ""fc43f65f7415eca0"", ""match_level"": ""unobservable"", ""observed_field"": ""domain_not_retained"", ""observed_value"": ""canary.discord.com"", ""telemetry_capability"": ""unobservable"", ""type"": ""url"", ""value"": ""https://canary.discord.com/api/webhooks/1155235432406196334/3eFtMXnG2laJjInzO_kAzLbW6ebMgbrrwmAcRtZyOfqnyCh-twTT9pSumcKr5QJvbGEZ""}, {""attribution_scope"": ""record_attached"", ""candidate_id"": ""915e6635e57ab9ca"", ""match_level"": ""unobservable"", ""observed_field"": ""domain_not_retained"", ""observed_value"": ""discord.com"", ""telemetry_capability"": ""unobservable"", ""type"": ""url"", ""value"": ""https://discord.com/api/webhooks/1103033150558457876/22oUF1rkDTdxz-iq-2EOR4aVXwDr5vFIeE9zWlitIbYSG2E3XhF8KQIzuo1uXy_bOcos""}, {""attribution_scope"": ""record_attached"", ""candidate_id"": ""e79f2d50f76354f9"", ""match_level"": ""unobservable"", ""observed_field"": ""domain_not_retained"", ""observed_value"": ""pastebin.com"", ""telemetry_capability"": ""unobservable"", ""type"": ""url"", ""value"": ""https://pastebin.com/raw/TwHdexDC""}]"	5	"[{""attribution_scope"": ""referenced_report"", ""match_level"": ""behavior_not_observed"", ""observed_evidence"": ""required supporting telemetry was not observed"", ""report_evidence"": ""Collected information is uploaded to attacker-controlled endpoints."", ""type"": ""exfiltration""}, {""attribution_scope"": ""referenced_report"", ""match_level"": ""behavior_not_observed"", ""observed_evidence"": ""required supporting telemetry was not observed"", ""report_evidence"": ""The setup.py payload downloads additional executable content."", ""type"": ""payload_download""}, {""attribution_scope"": ""referenced_report"", ""match_level"": ""behavior_not_observed"", ""observed_evidence"": ""required supporting telemetry was not observed"", ""report_evidence"": ""The campaign places scripts in a startup location to maintain persistence."", ""type"": ""persistence""}, {""attribution_scope"": ""referenced_report"", ""match_level"": ""behavior_partially_observed"", ""observed_evidence"": ""non-harness command or process observed without a report-specific process indicator"", ""report_evidence"": ""Downloaded executable and script payloads are run after installation."", ""type"": ""process_execution""}, {""attribution_scope"": ""referenced_report"", ""match_level"": ""behavior_not_observed"", ""observed_evidence"": ""required supporting telemetry was not observed"", ""report_evidence"": ""The payload collects host, browser, application, and financial information."", ""type"": ""sensitive_data_access""}]"	inconclusive	behavior_not_observed;behavior_partially_observed	low	yes	Confirm whether the reported command/process/file/network behavior occurred.	External IOC extraction=derived_structured_url;structured; IOC attribution=record_attached; behavior extraction=curated_reference_behavior; behavior attribution=referenced_report; version=exact; reported trigger=install (high); observed trigger=install; trigger comparison=match; IOC result=inconclusive; behavior result=behavior_not_observed;behavior_partially_observed. Low-confidence reasons: record-attached IOC applicability to this exact execution is not independently proven; one or more IOC types are only partially observable in this dataset; reported behavior is only partially observed, absent, or semantically unobservable.	[]	[]	[]	"[""Classif~date"", ""StreamT~ns"", ""filetop-bpfcc"", ""gnome-system-mo"", ""opensnoop-bpfcc"", ""pgrep"", ""pip"", ""sqldb:c~lite"", ""strace"", ""tcpstates-bpfcc""]"	"[""Classif~date"", ""StreamT~ns"", ""filetop-bpfcc"", ""gnome-system-mo"", ""opensnoop-bpfcc"", ""pgrep"", ""sqldb:c~lite"", ""strace"", ""tcpstates-bpfcc""]"	"[""brk"", ""close"", ""exit_group"", ""fcntl"", ""fstat"", ""futex"", ""getdents64"", ""getpeername"", ""getpid"", ""getsockname"", ""getsockopt"", ""ioctl"", ""lseek"", ""mmap"", ""munmap"", ""newfstatat"", ""openat"", ""poll"", ""read"", ""restart_syscall"", ""rmdir"", ""rt_sigaction"", ""setsockopt"", ""uname"", ""unlinkat"", ""write""]"	"[""fstat -> fcntl -> fstat"", ""fstat -> fcntl -> fstat -> no-error -> no-fd"", ""newfstatat -> newfstatat -> newfstatat"", ""newfstatat -> newfstatat -> newfstatat -> no-error -> no-fd"", ""newfstatat -> openat -> fstat"", ""newfstatat -> openat -> fstat -> no-error -> no-fd"", ""openat -> fstat -> fcntl"", ""openat -> fstat -> fcntl -> no-error -> no-fd"", ""read -> read -> read"", ""read -> read -> read -> no-error -> no-fd""]"	"[""ETC_DIR"", ""HOME_DIR"", ""OTHER_DIR"", ""ROOT_DIR"", ""TMP_DIR""]"					pending
5a82e16bcc538961	qut	pyjoul-1.0.0.tar.gz	pypi	pyjoul	1.0.0	malicious-packages-info	MAL-2023-8577	https://medium.com/checkmarx-security/attacker-hidden-in-plain-sight-for-nearly-six-months-targeting-python-developers-3712f0f107e0;https://checkmarx.com/blog/attacker-hidden-in-plain-sight-for-nearly-six-months-targeting-python-developers/;https://security.snyk.io/vuln/SNYK-PYTHON-PYJOUL-6069624	1.0.0	exact	both	install	The report states that malicious code embedded in setup.py executes when the referenced packages are installed. Location: Key Points and campaign overview.	https://medium.com/checkmarx-security/attacker-hidden-in-plain-sight-for-nearly-six-months-targeting-python-developers-3712f0f107e0	high	install	"{""install"": {""package_file"": ""pyjoul-1.0.0.tar.gz"", ""source"": ""QUT-DV25_Install_Traces""}}"	match	27	"[{""attribution_scope"": ""record_attached"", ""candidate_id"": ""9f5a530b66d4ecdd"", ""match_level"": ""unmatched"", ""observed_field"": """", ""observed_value"": """", ""telemetry_capability"": ""observable"", ""type"": ""endpoint"", ""value"": ""51.178.25.148:8081""}, {""attribution_scope"": ""record_attached"", ""candidate_id"": ""9f5a530b66d4ecdd"", ""match_level"": ""unmatched"", ""observed_field"": """", ""observed_value"": """", ""telemetry_capability"": ""observable"", ""type"": ""endpoint"", ""value"": ""51.178.25.148:8081""}, {""attribution_scope"": ""record_attached"", ""candidate_id"": ""9f5a530b66d4ecdd"", ""match_level"": ""unmatched"", ""observed_field"": """", ""observed_value"": """", ""telemetry_capability"": ""observable"", ""type"": ""endpoint"", ""value"": ""51.178.25.148:8081""}, {""attribution_scope"": ""record_attached"", ""candidate_id"": ""9f5a530b66d4ecdd"", ""match_level"": ""unmatched"", ""observed_field"": """", ""observed_value"": """", ""telemetry_capability"": ""observable"", ""type"": ""endpoint"", ""value"": ""51.178.25.148:8081""}, {""attribution_scope"": ""record_attached"", ""candidate_id"": ""9f5a530b66d4ecdd"", ""match_level"": ""unmatched"", ""observed_field"": """", ""observed_value"": """", ""telemetry_capability"": ""observable"", ""type"": ""endpoint"", ""value"": ""51.178.25.148:8081""}, {""attribution_scope"": ""record_attached"", ""candidate_id"": ""9f5a530b66d4ecdd"", ""match_level"": ""unmatched"", ""observed_field"": """", ""observed_value"": """", ""telemetry_capability"": ""observable"", ""type"": ""endpoint"", ""value"": ""51.178.25.148:8081""}, {""attribution_scope"": ""record_attached"", ""candidate_id"": ""9f5a530b66d4ecdd"", ""match_level"": ""unmatched"", ""observed_field"": """", ""observed_value"": """", ""telemetry_capability"": ""observable"", ""type"": ""endpoint"", ""value"": ""51.178.25.148:8081""}, {""attribution_scope"": ""record_attached"", ""candidate_id"": ""9f5a530b66d4ecdd"", ""match_level"": ""unmatched"", ""observed_field"": """", ""observed_value"": """", ""telemetry_capability"": ""observable"", ""type"": ""endpoint"", ""value"": ""51.178.25.148:8081""}, {""attribution_scope"": ""record_attached"", ""candidate_id"": ""9f5a530b66d4ecdd"", ""match_level"": ""unmatched"", ""observed_field"": """", ""observed_value"": """", ""telemetry_capability"": ""observable"", ""type"": ""endpoint"", ""value"": ""51.178.25.148:8081""}, {""attribution_scope"": ""record_attached"", ""candidate_id"": ""9f5a530b66d4ecdd"", ""match_level"": ""unmatched"", ""observed_field"": """", ""observed_value"": """", ""telemetry_capability"": ""observable"", ""type"": ""endpoint"", ""value"": ""51.178.25.148:8081""}, {""attribution_scope"": ""record_attached"", ""candidate_id"": ""ffd3b29d0fbb434b"", ""match_level"": ""unmatched"", ""observed_field"": """", ""observed_value"": """", ""telemetry_capability"": ""observable"", ""type"": ""ip"", ""value"": ""51.178.25.148""}, {""attribution_scope"": ""record_attached"", ""candidate_id"": ""a8f28bb4c1728067"", ""match_level"": ""unobservable"", ""observed_field"": ""domain_not_retained"", ""observed_value"": ""51.178.25.148"", ""telemetry_capability"": ""unobservable"", ""type"": ""url"", ""value"": ""http://51.178.25.148:8081/dl/gamesdk""}, {""attribution_scope"": ""record_attached"", ""candidate_id"": ""2da0bd16a0a20d79"", ""match_level"": ""unobservable"", ""observed_field"": ""domain_not_retained"", ""observed_value"": ""51.178.25.148"", ""telemetry_capability"": ""unobservable"", ""type"": ""url"", ""value"": ""http://51.178.25.148:8081/dl/runtime""}, {""attribution_scope"": ""record_attached"", ""candidate_id"": ""e54bcaae0b48b543"", ""match_level"": ""unobservable"", ""observed_field"": ""domain_not_retained"", ""observed_value"": ""51.178.25.148"", ""telemetry_capability"": ""unobservable"", ""type"": ""url"", ""value"": ""http://51.178.25.148:8081/dl/sys86""}, {""attribution_scope"": ""record_attached"", ""candidate_id"": ""1f11e72c8ef065e0"", ""match_level"": ""unobservable"", ""observed_field"": ""domain_not_retained"", ""observed_value"": ""51.178.25.148"", ""telemetry_capability"": ""unobservable"", ""type"": ""url"", ""value"": ""http://51.178.25.148:8081/dl/system""}, {""attribution_scope"": ""record_attached"", ""candidate_id"": ""f77fc0a21e5e26a3"", ""match_level"": ""unobservable"", ""observed_field"": ""domain_not_retained"", ""observed_value"": ""51.178.25.148"", ""telemetry_capability"": ""unobservable"", ""type"": ""url"", ""value"": ""http://51.178.25.148:8081/dl/uwu""}, {""attribution_scope"": ""record_attached"", ""candidate_id"": ""3268b384b547c24e"", ""match_level"": ""unobservable"", ""observed_field"": ""domain_not_retained"", ""observed_value"": ""51.178.25.148"", ""telemetry_capability"": ""unobservable"", ""type"": ""url"", ""value"": ""http://51.178.25.148:8081/gethw""}, {""attribution_scope"": ""record_attached"", ""candidate_id"": ""5cd68188e4132cfe"", ""match_level"": ""unobservable"", ""observed_field"": ""domain_not_retained"", ""observed_value"": ""51.178.25.148"", ""telemetry_capability"": ""unobservable"", ""type"": ""url"", ""value"": ""http://51.178.25.148:8081/getip""}, {""attribution_scope"": ""record_attached"", ""candidate_id"": ""ce61b98a2747ef87"", ""match_level"": ""unobservable"", ""observed_field"": ""domain_not_retained"", ""observed_value"": ""51.178.25.148"", ""telemetry_capability"": ""unobservable"", ""type"": ""url"", ""value"": ""http://51.178.25.148:8081/rooter""}, {""attribution_scope"": ""record_attached"", ""candidate_id"": ""a26e21cccb8faabc"", ""match_level"": ""unobservable"", ""observed_field"": ""domain_not_retained"", ""observed_value"": ""51.178.25.148"", ""telemetry_capability"": ""unobservable"", ""type"": ""url"", ""value"": ""http://51.178.25.148:8081/upload""}, {""attribution_scope"": ""record_attached"", ""candidate_id"": ""a4a5ba78855ff6e2"", ""match_level"": ""unobservable"", ""observed_field"": ""domain_not_retained"", ""observed_value"": ""51.178.25.148"", ""telemetry_capability"": ""unobservable"", ""type"": ""url"", ""value"": ""http://51.178.25.148:8081/uploader""}, {""attribution_scope"": ""record_attached"", ""candidate_id"": ""c09a25233006514f"", ""match_level"": ""unobservable"", ""observed_field"": ""domain_not_retained"", ""observed_value"": ""canary.discord.com"", ""telemetry_capability"": ""unobservable"", ""type"": ""url"", ""value"": ""https://canary.discord.com/api/webhooks/1152648911371120681/JlL5FnwmY6nP6RaZxmQ7NI9MGR6HARmAekaPqPDdVTq9K3RJ68Lcd7cz16l9u6eZH9c3""}, {""attribution_scope"": ""record_attached"", ""candidate_id"": ""cde3ca41f9aaa28a"", ""match_level"": ""unobservable"", ""observed_field"": ""domain_not_retained"", ""observed_value"": ""canary.discord.com"", ""telemetry_capability"": ""unobservable"", ""type"": ""url"", ""value"": ""https://canary.discord.com/api/webhooks/1152716297474424913/z6-hvrQNeyL0m1Mm34JLYj1VVB67sVEXogqJzGCkxYgMFCgCWhQaR07ruMBck1dJAi9g""}, {""attribution_scope"": ""record_attached"", ""candidate_id"": ""176a04198abc99ec"", ""match_level"": ""unobservable"", ""observed_field"": ""domain_not_retained"", ""observed_value"": ""canary.discord.com"", ""telemetry_capability"": ""unobservable"", ""type"": ""url"", ""value"": ""https://canary.discord.com/api/webhooks/1153431050517762059/MAkfrB4n1Gz6qe7W8ffWTZF92yfN3D_FWPFFaK_FBgDQWB1ZYfbKHa61X_8L6GK175r0""}, {""attribution_scope"": ""record_attached"", ""candidate_id"": ""ed3f75f410751faf"", ""match_level"": ""unobservable"", ""observed_field"": ""domain_not_retained"", ""observed_value"": ""canary.discord.com"", ""telemetry_capability"": ""unobservable"", ""type"": ""url"", ""value"": ""https://canary.discord.com/api/webhooks/1155235432406196334/3eFtMXnG2laJjInzO_kAzLbW6ebMgbrrwmAcRtZyOfqnyCh-twTT9pSumcKr5QJvbGEZ""}, {""attribution_scope"": ""record_attached"", ""candidate_id"": ""358559a56a81da8e"", ""match_level"": ""unobservable"", ""observed_field"": ""domain_not_retained"", ""observed_value"": ""discord.com"", ""telemetry_capability"": ""unobservable"", ""type"": ""url"", ""value"": ""https://discord.com/api/webhooks/1103033150558457876/22oUF1rkDTdxz-iq-2EOR4aVXwDr5vFIeE9zWlitIbYSG2E3XhF8KQIzuo1uXy_bOcos""}, {""attribution_scope"": ""record_attached"", ""candidate_id"": ""342959053dfc4aed"", ""match_level"": ""unobservable"", ""observed_field"": ""domain_not_retained"", ""observed_value"": ""pastebin.com"", ""telemetry_capability"": ""unobservable"", ""type"": ""url"", ""value"": ""https://pastebin.com/raw/TwHdexDC""}]"	5	"[{""attribution_scope"": ""referenced_report"", ""match_level"": ""behavior_not_observed"", ""observed_evidence"": ""required supporting telemetry was not observed"", ""report_evidence"": ""Collected information is uploaded to attacker-controlled endpoints."", ""type"": ""exfiltration""}, {""attribution_scope"": ""referenced_report"", ""match_level"": ""behavior_not_observed"", ""observed_evidence"": ""required supporting telemetry was not observed"", ""report_evidence"": ""The setup.py payload downloads additional executable content."", ""type"": ""payload_download""}, {""attribution_scope"": ""referenced_report"", ""match_level"": ""behavior_not_observed"", ""observed_evidence"": ""required supporting telemetry was not observed"", ""report_evidence"": ""The campaign places scripts in a startup location to maintain persistence."", ""type"": ""persistence""}, {""attribution_scope"": ""referenced_report"", ""match_level"": ""behavior_partially_observed"", ""observed_evidence"": ""non-harness command or process observed without a report-specific process indicator"", ""report_evidence"": ""Downloaded executable and script payloads are run after installation."", ""type"": ""process_execution""}, {""attribution_scope"": ""referenced_report"", ""match_level"": ""behavior_not_observed"", ""observed_evidence"": ""required supporting telemetry was not observed"", ""report_evidence"": ""The payload collects host, browser, application, and financial information."", ""type"": ""sensitive_data_access""}]"	inconclusive	behavior_not_observed;behavior_partially_observed	low	yes	Confirm whether the reported command/process/file/network behavior occurred.	External IOC extraction=derived_structured_url;structured; IOC attribution=record_attached; behavior extraction=curated_reference_behavior; behavior attribution=referenced_report; version=exact; reported trigger=install (high); observed trigger=install; trigger comparison=match; IOC result=inconclusive; behavior result=behavior_not_observed;behavior_partially_observed. Low-confidence reasons: record-attached IOC applicability to this exact execution is not independently proven; one or more IOC types are only partially observable in this dataset; reported behavior is only partially observed, absent, or semantically unobservable.	[]	[]	[]	"[""Classif~date"", ""StreamT~ns"", ""filetop-bpfcc"", ""gnome-system-mo"", ""opensnoop-bpfcc"", ""pgrep"", ""pip"", ""sqldb:c~lite"", ""tcpstates-bpfcc""]"	"[""Classif~date"", ""StreamT~ns"", ""filetop-bpfcc"", ""gnome-system-mo"", ""opensnoop-bpfcc"", ""pgrep"", ""sqldb:c~lite"", ""tcpstates-bpfcc""]"	"[""bind"", ""brk"", ""close"", ""connect"", ""exit_group"", ""fcntl"", ""fstat"", ""futex"", ""getdents64"", ""getpeername"", ""getpid"", ""getsockname"", ""getsockopt"", ""ioctl"", ""lseek"", ""mmap"", ""mprotect"", ""munmap"", ""newfstatat"", ""openat"", ""poll"", ""read"", ""recvfrom"", ""recvmsg"", ""rmdir"", ""rt_sigaction"", ""sendmmsg"", ""sendto"", ""setsockopt"", ""socket"", ""uname"", ""unlinkat"", ""write""]"	"[""fstat -> fcntl -> fstat"", ""fstat -> fcntl -> fstat -> no-error -> no-fd"", ""newfstatat -> newfstatat -> newfstatat"", ""newfstatat -> newfstatat -> newfstatat -> no-error -> no-fd"", ""newfstatat -> openat -> fstat"", ""newfstatat -> openat -> fstat -> no-error -> no-fd"", ""openat -> fstat -> fcntl"", ""openat -> fstat -> fcntl -> no-error -> no-fd"", ""read -> read -> read"", ""read -> read -> read -> no-error -> no-fd""]"	"[""ETC_DIR"", ""HOME_DIR"", ""OTHER_DIR"", ""ROOT_DIR"", ""TMP_DIR""]"					pending
65c97fdc4d407258	qut	pykokalalz-1.0.0.tar.gz	pypi	pykokalalz	1.0.0	malicious-packages-info	MAL-2023-8578	https://medium.com/checkmarx-security/attacker-hidden-in-plain-sight-for-nearly-six-months-targeting-python-developers-3712f0f107e0;https://checkmarx.com/blog/attacker-hidden-in-plain-sight-for-nearly-six-months-targeting-python-developers/;https://security.snyk.io/vuln/SNYK-PYTHON-PYKOKALALZ-6069633	1.0.0	exact	both	install	The report states that malicious code embedded in setup.py executes when the referenced packages are installed. Location: Key Points and campaign overview.	https://medium.com/checkmarx-security/attacker-hidden-in-plain-sight-for-nearly-six-months-targeting-python-developers-3712f0f107e0	high	install	"{""install"": {""package_file"": ""pykokalalz-1.0.0.tar.gz"", ""source"": ""QUT-DV25_Install_Traces""}}"	match	27	"[{""attribution_scope"": ""record_attached"", ""candidate_id"": ""f82dc392103797d0"", ""match_level"": ""unmatched"", ""observed_field"": """", ""observed_value"": """", ""telemetry_capability"": ""observable"", ""type"": ""endpoint"", ""value"": ""51.178.25.148:8081""}, {""attribution_scope"": ""record_attached"", ""candidate_id"": ""f82dc392103797d0"", ""match_level"": ""unmatched"", ""observed_field"": """", ""observed_value"": """", ""telemetry_capability"": ""observable"", ""type"": ""endpoint"", ""value"": ""51.178.25.148:8081""}, {""attribution_scope"": ""record_attached"", ""candidate_id"": ""f82dc392103797d0"", ""match_level"": ""unmatched"", ""observed_field"": """", ""observed_value"": """", ""telemetry_capability"": ""observable"", ""type"": ""endpoint"", ""value"": ""51.178.25.148:8081""}, {""attribution_scope"": ""record_attached"", ""candidate_id"": ""f82dc392103797d0"", ""match_level"": ""unmatched"", ""observed_field"": """", ""observed_value"": """", ""telemetry_capability"": ""observable"", ""type"": ""endpoint"", ""value"": ""51.178.25.148:8081""}, {""attribution_scope"": ""record_attached"", ""candidate_id"": ""f82dc392103797d0"", ""match_level"": ""unmatched"", ""observed_field"": """", ""observed_value"": """", ""telemetry_capability"": ""observable"", ""type"": ""endpoint"", ""value"": ""51.178.25.148:8081""}, {""attribution_scope"": ""record_attached"", ""candidate_id"": ""f82dc392103797d0"", ""match_level"": ""unmatched"", ""observed_field"": """", ""observed_value"": """", ""telemetry_capability"": ""observable"", ""type"": ""endpoint"", ""value"": ""51.178.25.148:8081""}, {""attribution_scope"": ""record_attached"", ""candidate_id"": ""f82dc392103797d0"", ""match_level"": ""unmatched"", ""observed_field"": """", ""observed_value"": """", ""telemetry_capability"": ""observable"", ""type"": ""endpoint"", ""value"": ""51.178.25.148:8081""}, {""attribution_scope"": ""record_attached"", ""candidate_id"": ""f82dc392103797d0"", ""match_level"": ""unmatched"", ""observed_field"": """", ""observed_value"": """", ""telemetry_capability"": ""observable"", ""type"": ""endpoint"", ""value"": ""51.178.25.148:8081""}, {""attribution_scope"": ""record_attached"", ""candidate_id"": ""f82dc392103797d0"", ""match_level"": ""unmatched"", ""observed_field"": """", ""observed_value"": """", ""telemetry_capability"": ""observable"", ""type"": ""endpoint"", ""value"": ""51.178.25.148:8081""}, {""attribution_scope"": ""record_attached"", ""candidate_id"": ""f82dc392103797d0"", ""match_level"": ""unmatched"", ""observed_field"": """", ""observed_value"": """", ""telemetry_capability"": ""observable"", ""type"": ""endpoint"", ""value"": ""51.178.25.148:8081""}, {""attribution_scope"": ""record_attached"", ""candidate_id"": ""6009219d03615f4b"", ""match_level"": ""unmatched"", ""observed_field"": """", ""observed_value"": """", ""telemetry_capability"": ""observable"", ""type"": ""ip"", ""value"": ""51.178.25.148""}, {""attribution_scope"": ""record_attached"", ""candidate_id"": ""18fff89f361ef911"", ""match_level"": ""unobservable"", ""observed_field"": ""domain_not_retained"", ""observed_value"": ""51.178.25.148"", ""telemetry_capability"": ""unobservable"", ""type"": ""url"", ""value"": ""http://51.178.25.148:8081/dl/gamesdk""}, {""attribution_scope"": ""record_attached"", ""candidate_id"": ""d3332cae787a8156"", ""match_level"": ""unobservable"", ""observed_field"": ""domain_not_retained"", ""observed_value"": ""51.178.25.148"", ""telemetry_capability"": ""unobservable"", ""type"": ""url"", ""value"": ""http://51.178.25.148:8081/dl/runtime""}, {""attribution_scope"": ""record_attached"", ""candidate_id"": ""4ef36c67262c51f3"", ""match_level"": ""unobservable"", ""observed_field"": ""domain_not_retained"", ""observed_value"": ""51.178.25.148"", ""telemetry_capability"": ""unobservable"", ""type"": ""url"", ""value"": ""http://51.178.25.148:8081/dl/sys86""}, {""attribution_scope"": ""record_attached"", ""candidate_id"": ""068260f295e2afb2"", ""match_level"": ""unobservable"", ""observed_field"": ""domain_not_retained"", ""observed_value"": ""51.178.25.148"", ""telemetry_capability"": ""unobservable"", ""type"": ""url"", ""value"": ""http://51.178.25.148:8081/dl/system""}, {""attribution_scope"": ""record_attached"", ""candidate_id"": ""8da475057c37798f"", ""match_level"": ""unobservable"", ""observed_field"": ""domain_not_retained"", ""observed_value"": ""51.178.25.148"", ""telemetry_capability"": ""unobservable"", ""type"": ""url"", ""value"": ""http://51.178.25.148:8081/dl/uwu""}, {""attribution_scope"": ""record_attached"", ""candidate_id"": ""66eca3848cc661b6"", ""match_level"": ""unobservable"", ""observed_field"": ""domain_not_retained"", ""observed_value"": ""51.178.25.148"", ""telemetry_capability"": ""unobservable"", ""type"": ""url"", ""value"": ""http://51.178.25.148:8081/gethw""}, {""attribution_scope"": ""record_attached"", ""candidate_id"": ""257ad40dbaf22e8e"", ""match_level"": ""unobservable"", ""observed_field"": ""domain_not_retained"", ""observed_value"": ""51.178.25.148"", ""telemetry_capability"": ""unobservable"", ""type"": ""url"", ""value"": ""http://51.178.25.148:8081/getip""}, {""attribution_scope"": ""record_attached"", ""candidate_id"": ""c0558091d8b03954"", ""match_level"": ""unobservable"", ""observed_field"": ""domain_not_retained"", ""observed_value"": ""51.178.25.148"", ""telemetry_capability"": ""unobservable"", ""type"": ""url"", ""value"": ""http://51.178.25.148:8081/rooter""}, {""attribution_scope"": ""record_attached"", ""candidate_id"": ""6727694ea2ccfd7f"", ""match_level"": ""unobservable"", ""observed_field"": ""domain_not_retained"", ""observed_value"": ""51.178.25.148"", ""telemetry_capability"": ""unobservable"", ""type"": ""url"", ""value"": ""http://51.178.25.148:8081/upload""}, {""attribution_scope"": ""record_attached"", ""candidate_id"": ""294f2bed7d64cb7e"", ""match_level"": ""unobservable"", ""observed_field"": ""domain_not_retained"", ""observed_value"": ""51.178.25.148"", ""telemetry_capability"": ""unobservable"", ""type"": ""url"", ""value"": ""http://51.178.25.148:8081/uploader""}, {""attribution_scope"": ""record_attached"", ""candidate_id"": ""13b40122f0d2d670"", ""match_level"": ""unobservable"", ""observed_field"": ""domain_not_retained"", ""observed_value"": ""canary.discord.com"", ""telemetry_capability"": ""unobservable"", ""type"": ""url"", ""value"": ""https://canary.discord.com/api/webhooks/1152648911371120681/JlL5FnwmY6nP6RaZxmQ7NI9MGR6HARmAekaPqPDdVTq9K3RJ68Lcd7cz16l9u6eZH9c3""}, {""attribution_scope"": ""record_attached"", ""candidate_id"": ""48ecac634a0ecda6"", ""match_level"": ""unobservable"", ""observed_field"": ""domain_not_retained"", ""observed_value"": ""canary.discord.com"", ""telemetry_capability"": ""unobservable"", ""type"": ""url"", ""value"": ""https://canary.discord.com/api/webhooks/1152716297474424913/z6-hvrQNeyL0m1Mm34JLYj1VVB67sVEXogqJzGCkxYgMFCgCWhQaR07ruMBck1dJAi9g""}, {""attribution_scope"": ""record_attached"", ""candidate_id"": ""945c026cd5334613"", ""match_level"": ""unobservable"", ""observed_field"": ""domain_not_retained"", ""observed_value"": ""canary.discord.com"", ""telemetry_capability"": ""unobservable"", ""type"": ""url"", ""value"": ""https://canary.discord.com/api/webhooks/1153431050517762059/MAkfrB4n1Gz6qe7W8ffWTZF92yfN3D_FWPFFaK_FBgDQWB1ZYfbKHa61X_8L6GK175r0""}, {""attribution_scope"": ""record_attached"", ""candidate_id"": ""b13b58512165eca7"", ""match_level"": ""unobservable"", ""observed_field"": ""domain_not_retained"", ""observed_value"": ""canary.discord.com"", ""telemetry_capability"": ""unobservable"", ""type"": ""url"", ""value"": ""https://canary.discord.com/api/webhooks/1155235432406196334/3eFtMXnG2laJjInzO_kAzLbW6ebMgbrrwmAcRtZyOfqnyCh-twTT9pSumcKr5QJvbGEZ""}, {""attribution_scope"": ""record_attached"", ""candidate_id"": ""59b7054a1158a46e"", ""match_level"": ""unobservable"", ""observed_field"": ""domain_not_retained"", ""observed_value"": ""discord.com"", ""telemetry_capability"": ""unobservable"", ""type"": ""url"", ""value"": ""https://discord.com/api/webhooks/1103033150558457876/22oUF1rkDTdxz-iq-2EOR4aVXwDr5vFIeE9zWlitIbYSG2E3XhF8KQIzuo1uXy_bOcos""}, {""attribution_scope"": ""record_attached"", ""candidate_id"": ""e10a5d3fa393930b"", ""match_level"": ""unobservable"", ""observed_field"": ""domain_not_retained"", ""observed_value"": ""pastebin.com"", ""telemetry_capability"": ""unobservable"", ""type"": ""url"", ""value"": ""https://pastebin.com/raw/TwHdexDC""}]"	5	"[{""attribution_scope"": ""referenced_report"", ""match_level"": ""behavior_not_observed"", ""observed_evidence"": ""required supporting telemetry was not observed"", ""report_evidence"": ""Collected information is uploaded to attacker-controlled endpoints."", ""type"": ""exfiltration""}, {""attribution_scope"": ""referenced_report"", ""match_level"": ""behavior_not_observed"", ""observed_evidence"": ""required supporting telemetry was not observed"", ""report_evidence"": ""The setup.py payload downloads additional executable content."", ""type"": ""payload_download""}, {""attribution_scope"": ""referenced_report"", ""match_level"": ""behavior_not_observed"", ""observed_evidence"": ""required supporting telemetry was not observed"", ""report_evidence"": ""The campaign places scripts in a startup location to maintain persistence."", ""type"": ""persistence""}, {""attribution_scope"": ""referenced_report"", ""match_level"": ""behavior_partially_observed"", ""observed_evidence"": ""non-harness command or process observed without a report-specific process indicator"", ""report_evidence"": ""Downloaded executable and script payloads are run after installation."", ""type"": ""process_execution""}, {""attribution_scope"": ""referenced_report"", ""match_level"": ""behavior_not_observed"", ""observed_evidence"": ""required supporting telemetry was not observed"", ""report_evidence"": ""The payload collects host, browser, application, and financial information."", ""type"": ""sensitive_data_access""}]"	inconclusive	behavior_not_observed;behavior_partially_observed	low	yes	Confirm whether the reported command/process/file/network behavior occurred.	External IOC extraction=derived_structured_url;structured; IOC attribution=record_attached; behavior extraction=curated_reference_behavior; behavior attribution=referenced_report; version=exact; reported trigger=install (high); observed trigger=install; trigger comparison=match; IOC result=inconclusive; behavior result=behavior_not_observed;behavior_partially_observed. Low-confidence reasons: record-attached IOC applicability to this exact execution is not independently proven; one or more IOC types are only partially observable in this dataset; reported behavior is only partially observed, absent, or semantically unobservable.	[]	"[""443""]"	[]	"[""StreamT~ns"", ""filetop-bpfcc"", ""gnome-system-mo"", ""opensnoop-bpfcc"", ""pgrep"", ""pip"", ""sqldb:c~lite"", ""strace"", ""tcpstates-bpfcc""]"	"[""StreamT~ns"", ""filetop-bpfcc"", ""gnome-system-mo"", ""opensnoop-bpfcc"", ""pgrep"", ""sqldb:c~lite"", ""strace"", ""tcpstates-bpfcc""]"	"[""bind"", ""brk"", ""chmod"", ""chown"", ""clone3"", ""close"", ""connect"", ""exit_group"", ""fcntl"", ""fstat"", ""fsync"", ""futex"", ""getcwd"", ""getdents64"", ""geteuid"", ""getpeername"", ""getpid"", ""getrandom"", ""getsockname"", ""getsockopt"", ""ioctl"", ""lseek"", ""mkdir"", ""mmap"", ""mprotect"", ""mremap"", ""munmap"", ""newfstatat"", ""openat"", ""pipe2"", ""poll"", ""read"", ""recvfrom"", ""recvmsg"", ""rename"", ""rmdir"", ""rt_sigaction"", ""rt_sigprocmask"", ""sendmmsg"", ""sendto"", ""setsockopt"", ""socket"", ""umask"", ""uname"", ""unlink"", ""unlinkat"", ""utimensat"", ""vfork"", ""wait4"", ""write""]"	"[""newfstatat -> newfstatat -> newfstatat"", ""poll -> read -> read"", ""poll -> read -> read -> no-error -> fd=4"", ""poll -> read -> read -> no-error -> no-fd"", ""read -> poll -> read"", ""read -> poll -> read -> error=EAGAIN -> no-fd"", ""read -> read -> poll"", ""read -> read -> poll -> no-error -> no-fd"", ""read -> read -> read"", ""read -> read -> read -> no-error -> no-fd""]"	"[""ETC_DIR"", ""HOME_DIR"", ""OTHER_DIR"", ""ROOT_DIR"", ""TMP_DIR""]"					pending
13311bd5094d5b57	qut	pyktrkatoo-1.0.0.tar.gz	pypi	pyktrkatoo	1.0.0	malicious-packages-info	MAL-2023-8580	https://medium.com/checkmarx-security/attacker-hidden-in-plain-sight-for-nearly-six-months-targeting-python-developers-3712f0f107e0;https://security.snyk.io/vuln/SNYK-PYTHON-PYKTRKATOO-6069629;https://checkmarx.com/blog/attacker-hidden-in-plain-sight-for-nearly-six-months-targeting-python-developers/	1.0.0	exact	both	install	The report states that malicious code embedded in setup.py executes when the referenced packages are installed. Location: Key Points and campaign overview.	https://medium.com/checkmarx-security/attacker-hidden-in-plain-sight-for-nearly-six-months-targeting-python-developers-3712f0f107e0	high	install	"{""install"": {""package_file"": ""pyktrkatoo-1.0.0.tar.gz"", ""source"": ""QUT-DV25_Install_Traces""}}"	match	27	"[{""attribution_scope"": ""record_attached"", ""candidate_id"": ""68bb2f5fdd51a741"", ""match_level"": ""unmatched"", ""observed_field"": """", ""observed_value"": """", ""telemetry_capability"": ""observable"", ""type"": ""endpoint"", ""value"": ""51.178.25.148:8081""}, {""attribution_scope"": ""record_attached"", ""candidate_id"": ""68bb2f5fdd51a741"", ""match_level"": ""unmatched"", ""observed_field"": """", ""observed_value"": """", ""telemetry_capability"": ""observable"", ""type"": ""endpoint"", ""value"": ""51.178.25.148:8081""}, {""attribution_scope"": ""record_attached"", ""candidate_id"": ""68bb2f5fdd51a741"", ""match_level"": ""unmatched"", ""observed_field"": """", ""observed_value"": """", ""telemetry_capability"": ""observable"", ""type"": ""endpoint"", ""value"": ""51.178.25.148:8081""}, {""attribution_scope"": ""record_attached"", ""candidate_id"": ""68bb2f5fdd51a741"", ""match_level"": ""unmatched"", ""observed_field"": """", ""observed_value"": """", ""telemetry_capability"": ""observable"", ""type"": ""endpoint"", ""value"": ""51.178.25.148:8081""}, {""attribution_scope"": ""record_attached"", ""candidate_id"": ""68bb2f5fdd51a741"", ""match_level"": ""unmatched"", ""observed_field"": """", ""observed_value"": """", ""telemetry_capability"": ""observable"", ""type"": ""endpoint"", ""value"": ""51.178.25.148:8081""}, {""attribution_scope"": ""record_attached"", ""candidate_id"": ""68bb2f5fdd51a741"", ""match_level"": ""unmatched"", ""observed_field"": """", ""observed_value"": """", ""telemetry_capability"": ""observable"", ""type"": ""endpoint"", ""value"": ""51.178.25.148:8081""}, {""attribution_scope"": ""record_attached"", ""candidate_id"": ""68bb2f5fdd51a741"", ""match_level"": ""unmatched"", ""observed_field"": """", ""observed_value"": """", ""telemetry_capability"": ""observable"", ""type"": ""endpoint"", ""value"": ""51.178.25.148:8081""}, {""attribution_scope"": ""record_attached"", ""candidate_id"": ""68bb2f5fdd51a741"", ""match_level"": ""unmatched"", ""observed_field"": """", ""observed_value"": """", ""telemetry_capability"": ""observable"", ""type"": ""endpoint"", ""value"": ""51.178.25.148:8081""}, {""attribution_scope"": ""record_attached"", ""candidate_id"": ""68bb2f5fdd51a741"", ""match_level"": ""unmatched"", ""observed_field"": """", ""observed_value"": """", ""telemetry_capability"": ""observable"", ""type"": ""endpoint"", ""value"": ""51.178.25.148:8081""}, {""attribution_scope"": ""record_attached"", ""candidate_id"": ""68bb2f5fdd51a741"", ""match_level"": ""unmatched"", ""observed_field"": """", ""observed_value"": """", ""telemetry_capability"": ""observable"", ""type"": ""endpoint"", ""value"": ""51.178.25.148:8081""}, {""attribution_scope"": ""record_attached"", ""candidate_id"": ""064157f34b1969d8"", ""match_level"": ""unmatched"", ""observed_field"": """", ""observed_value"": """", ""telemetry_capability"": ""observable"", ""type"": ""ip"", ""value"": ""51.178.25.148""}, {""attribution_scope"": ""record_attached"", ""candidate_id"": ""86b2d652c3229aaa"", ""match_level"": ""unobservable"", ""observed_field"": ""domain_not_retained"", ""observed_value"": ""51.178.25.148"", ""telemetry_capability"": ""unobservable"", ""type"": ""url"", ""value"": ""http://51.178.25.148:8081/dl/gamesdk""}, {""attribution_scope"": ""record_attached"", ""candidate_id"": ""f2e46d20f281ccef"", ""match_level"": ""unobservable"", ""observed_field"": ""domain_not_retained"", ""observed_value"": ""51.178.25.148"", ""telemetry_capability"": ""unobservable"", ""type"": ""url"", ""value"": ""http://51.178.25.148:8081/dl/runtime""}, {""attribution_scope"": ""record_attached"", ""candidate_id"": ""1efe73461e6662b2"", ""match_level"": ""unobservable"", ""observed_field"": ""domain_not_retained"", ""observed_value"": ""51.178.25.148"", ""telemetry_capability"": ""unobservable"", ""type"": ""url"", ""value"": ""http://51.178.25.148:8081/dl/sys86""}, {""attribution_scope"": ""record_attached"", ""candidate_id"": ""c94186caf8ec4b07"", ""match_level"": ""unobservable"", ""observed_field"": ""domain_not_retained"", ""observed_value"": ""51.178.25.148"", ""telemetry_capability"": ""unobservable"", ""type"": ""url"", ""value"": ""http://51.178.25.148:8081/dl/system""}, {""attribution_scope"": ""record_attached"", ""candidate_id"": ""0c634d7c4d974734"", ""match_level"": ""unobservable"", ""observed_field"": ""domain_not_retained"", ""observed_value"": ""51.178.25.148"", ""telemetry_capability"": ""unobservable"", ""type"": ""url"", ""value"": ""http://51.178.25.148:8081/dl/uwu""}, {""attribution_scope"": ""record_attached"", ""candidate_id"": ""7238318ad16a4cc7"", ""match_level"": ""unobservable"", ""observed_field"": ""domain_not_retained"", ""observed_value"": ""51.178.25.148"", ""telemetry_capability"": ""unobservable"", ""type"": ""url"", ""value"": ""http://51.178.25.148:8081/gethw""}, {""attribution_scope"": ""record_attached"", ""candidate_id"": ""f63b19275f039a4b"", ""match_level"": ""unobservable"", ""observed_field"": ""domain_not_retained"", ""observed_value"": ""51.178.25.148"", ""telemetry_capability"": ""unobservable"", ""type"": ""url"", ""value"": ""http://51.178.25.148:8081/getip""}, {""attribution_scope"": ""record_attached"", ""candidate_id"": ""fff6e824e6ced5f2"", ""match_level"": ""unobservable"", ""observed_field"": ""domain_not_retained"", ""observed_value"": ""51.178.25.148"", ""telemetry_capability"": ""unobservable"", ""type"": ""url"", ""value"": ""http://51.178.25.148:8081/rooter""}, {""attribution_scope"": ""record_attached"", ""candidate_id"": ""695377bfe1d4c9c4"", ""match_level"": ""unobservable"", ""observed_field"": ""domain_not_retained"", ""observed_value"": ""51.178.25.148"", ""telemetry_capability"": ""unobservable"", ""type"": ""url"", ""value"": ""http://51.178.25.148:8081/upload""}, {""attribution_scope"": ""record_attached"", ""candidate_id"": ""33968900283c087f"", ""match_level"": ""unobservable"", ""observed_field"": ""domain_not_retained"", ""observed_value"": ""51.178.25.148"", ""telemetry_capability"": ""unobservable"", ""type"": ""url"", ""value"": ""http://51.178.25.148:8081/uploader""}, {""attribution_scope"": ""record_attached"", ""candidate_id"": ""1cef679d64b614ac"", ""match_level"": ""unobservable"", ""observed_field"": ""domain_not_retained"", ""observed_value"": ""canary.discord.com"", ""telemetry_capability"": ""unobservable"", ""type"": ""url"", ""value"": ""https://canary.discord.com/api/webhooks/1152648911371120681/JlL5FnwmY6nP6RaZxmQ7NI9MGR6HARmAekaPqPDdVTq9K3RJ68Lcd7cz16l9u6eZH9c3""}, {""attribution_scope"": ""record_attached"", ""candidate_id"": ""96354b1ea6b45054"", ""match_level"": ""unobservable"", ""observed_field"": ""domain_not_retained"", ""observed_value"": ""canary.discord.com"", ""telemetry_capability"": ""unobservable"", ""type"": ""url"", ""value"": ""https://canary.discord.com/api/webhooks/1152716297474424913/z6-hvrQNeyL0m1Mm34JLYj1VVB67sVEXogqJzGCkxYgMFCgCWhQaR07ruMBck1dJAi9g""}, {""attribution_scope"": ""record_attached"", ""candidate_id"": ""1e59e93961488709"", ""match_level"": ""unobservable"", ""observed_field"": ""domain_not_retained"", ""observed_value"": ""canary.discord.com"", ""telemetry_capability"": ""unobservable"", ""type"": ""url"", ""value"": ""https://canary.discord.com/api/webhooks/1153431050517762059/MAkfrB4n1Gz6qe7W8ffWTZF92yfN3D_FWPFFaK_FBgDQWB1ZYfbKHa61X_8L6GK175r0""}, {""attribution_scope"": ""record_attached"", ""candidate_id"": ""0dbcad0b10b1213d"", ""match_level"": ""unobservable"", ""observed_field"": ""domain_not_retained"", ""observed_value"": ""canary.discord.com"", ""telemetry_capability"": ""unobservable"", ""type"": ""url"", ""value"": ""https://canary.discord.com/api/webhooks/1155235432406196334/3eFtMXnG2laJjInzO_kAzLbW6ebMgbrrwmAcRtZyOfqnyCh-twTT9pSumcKr5QJvbGEZ""}, {""attribution_scope"": ""record_attached"", ""candidate_id"": ""8de1ae25ce82c153"", ""match_level"": ""unobservable"", ""observed_field"": ""domain_not_retained"", ""observed_value"": ""discord.com"", ""telemetry_capability"": ""unobservable"", ""type"": ""url"", ""value"": ""https://discord.com/api/webhooks/1103033150558457876/22oUF1rkDTdxz-iq-2EOR4aVXwDr5vFIeE9zWlitIbYSG2E3XhF8KQIzuo1uXy_bOcos""}, {""attribution_scope"": ""record_attached"", ""candidate_id"": ""80b3b7ea080db027"", ""match_level"": ""unobservable"", ""observed_field"": ""domain_not_retained"", ""observed_value"": ""pastebin.com"", ""telemetry_capability"": ""unobservable"", ""type"": ""url"", ""value"": ""https://pastebin.com/raw/TwHdexDC""}]"	5	"[{""attribution_scope"": ""referenced_report"", ""match_level"": ""behavior_not_observed"", ""observed_evidence"": ""required supporting telemetry was not observed"", ""report_evidence"": ""Collected information is uploaded to attacker-controlled endpoints."", ""type"": ""exfiltration""}, {""attribution_scope"": ""referenced_report"", ""match_level"": ""behavior_not_observed"", ""observed_evidence"": ""required supporting telemetry was not observed"", ""report_evidence"": ""The setup.py payload downloads additional executable content."", ""type"": ""payload_download""}, {""attribution_scope"": ""referenced_report"", ""match_level"": ""behavior_not_observed"", ""observed_evidence"": ""required supporting telemetry was not observed"", ""report_evidence"": ""The campaign places scripts in a startup location to maintain persistence."", ""type"": ""persistence""}, {""attribution_scope"": ""referenced_report"", ""match_level"": ""behavior_partially_observed"", ""observed_evidence"": ""non-harness command or process observed without a report-specific process indicator"", ""report_evidence"": ""Downloaded executable and script payloads are run after installation."", ""type"": ""process_execution""}, {""attribution_scope"": ""referenced_report"", ""match_level"": ""behavior_not_observed"", ""observed_evidence"": ""required supporting telemetry was not observed"", ""report_evidence"": ""The payload collects host, browser, application, and financial information."", ""type"": ""sensitive_data_access""}]"	inconclusive	behavior_not_observed;behavior_partially_observed	low	yes	Confirm whether the reported command/process/file/network behavior occurred.	External IOC extraction=derived_structured_url;structured; IOC attribution=record_attached; behavior extraction=curated_reference_behavior; behavior attribution=referenced_report; version=exact; reported trigger=install (high); observed trigger=install; trigger comparison=match; IOC result=inconclusive; behavior result=behavior_not_observed;behavior_partially_observed. Low-confidence reasons: record-attached IOC applicability to this exact execution is not independently proven; one or more IOC types are only partially observable in this dataset; reported behavior is only partially observed, absent, or semantically unobservable.	[]	"[""443""]"	[]	"[""StreamT~ns"", ""filetop-bpfcc"", ""gnome-system-mo"", ""opensnoop-bpfcc"", ""pgrep"", ""pip"", ""sqldb:c~lite"", ""strace"", ""tcpstates-bpfcc""]"	"[""StreamT~ns"", ""filetop-bpfcc"", ""gnome-system-mo"", ""opensnoop-bpfcc"", ""pgrep"", ""sqldb:c~lite"", ""strace"", ""tcpstates-bpfcc""]"	"[""brk"", ""close"", ""exit_group"", ""fcntl"", ""fstat"", ""futex"", ""getdents64"", ""getpeername"", ""getpid"", ""getsockname"", ""getsockopt"", ""ioctl"", ""lseek"", ""mmap"", ""munmap"", ""newfstatat"", ""openat"", ""poll"", ""read"", ""restart_syscall"", ""rmdir"", ""rt_sigaction"", ""setsockopt"", ""uname"", ""unlinkat"", ""write""]"	"[""fstat -> fcntl -> fstat"", ""fstat -> fcntl -> fstat -> no-error -> no-fd"", ""newfstatat -> newfstatat -> newfstatat"", ""newfstatat -> newfstatat -> newfstatat -> no-error -> no-fd"", ""newfstatat -> openat -> fstat"", ""newfstatat -> openat -> fstat -> no-error -> no-fd"", ""openat -> fstat -> fcntl"", ""openat -> fstat -> fcntl -> no-error -> no-fd"", ""read -> read -> read"", ""read -> read -> read -> no-error -> no-fd""]"	"[""ETC_DIR"", ""HOME_DIR"", ""OTHER_DIR"", ""ROOT_DIR"", ""TMP_DIR""]"					pending
1a6b8a027fc4a613	qut	pyminor-1.0.0.tar.gz	pypi	pyminor	1.0.0	malicious-packages-info	MAL-2023-8582	https://medium.com/checkmarx-security/attacker-hidden-in-plain-sight-for-nearly-six-months-targeting-python-developers-3712f0f107e0;https://checkmarx.com/blog/attacker-hidden-in-plain-sight-for-nearly-six-months-targeting-python-developers/;https://security.snyk.io/vuln/SNYK-PYTHON-PYMINOR-6069637	1.0.0	exact	both	install	The report states that malicious code embedded in setup.py executes when the referenced packages are installed. Location: Key Points and campaign overview.	https://medium.com/checkmarx-security/attacker-hidden-in-plain-sight-for-nearly-six-months-targeting-python-developers-3712f0f107e0	high	install	"{""install"": {""package_file"": ""pyminor-1.0.0.tar.gz"", ""source"": ""QUT-DV25_Install_Traces""}}"	match	27	"[{""attribution_scope"": ""record_attached"", ""candidate_id"": ""22fd46420edea780"", ""match_level"": ""unmatched"", ""observed_field"": """", ""observed_value"": """", ""telemetry_capability"": ""observable"", ""type"": ""endpoint"", ""value"": ""51.178.25.148:8081""}, {""attribution_scope"": ""record_attached"", ""candidate_id"": ""22fd46420edea780"", ""match_level"": ""unmatched"", ""observed_field"": """", ""observed_value"": """", ""telemetry_capability"": ""observable"", ""type"": ""endpoint"", ""value"": ""51.178.25.148:8081""}, {""attribution_scope"": ""record_attached"", ""candidate_id"": ""22fd46420edea780"", ""match_level"": ""unmatched"", ""observed_field"": """", ""observed_value"": """", ""telemetry_capability"": ""observable"", ""type"": ""endpoint"", ""value"": ""51.178.25.148:8081""}, {""attribution_scope"": ""record_attached"", ""candidate_id"": ""22fd46420edea780"", ""match_level"": ""unmatched"", ""observed_field"": """", ""observed_value"": """", ""telemetry_capability"": ""observable"", ""type"": ""endpoint"", ""value"": ""51.178.25.148:8081""}, {""attribution_scope"": ""record_attached"", ""candidate_id"": ""22fd46420edea780"", ""match_level"": ""unmatched"", ""observed_field"": """", ""observed_value"": """", ""telemetry_capability"": ""observable"", ""type"": ""endpoint"", ""value"": ""51.178.25.148:8081""}, {""attribution_scope"": ""record_attached"", ""candidate_id"": ""22fd46420edea780"", ""match_level"": ""unmatched"", ""observed_field"": """", ""observed_value"": """", ""telemetry_capability"": ""observable"", ""type"": ""endpoint"", ""value"": ""51.178.25.148:8081""}, {""attribution_scope"": ""record_attached"", ""candidate_id"": ""22fd46420edea780"", ""match_level"": ""unmatched"", ""observed_field"": """", ""observed_value"": """", ""telemetry_capability"": ""observable"", ""type"": ""endpoint"", ""value"": ""51.178.25.148:8081""}, {""attribution_scope"": ""record_attached"", ""candidate_id"": ""22fd46420edea780"", ""match_level"": ""unmatched"", ""observed_field"": """", ""observed_value"": """", ""telemetry_capability"": ""observable"", ""type"": ""endpoint"", ""value"": ""51.178.25.148:8081""}, {""attribution_scope"": ""record_attached"", ""candidate_id"": ""22fd46420edea780"", ""match_level"": ""unmatched"", ""observed_field"": """", ""observed_value"": """", ""telemetry_capability"": ""observable"", ""type"": ""endpoint"", ""value"": ""51.178.25.148:8081""}, {""attribution_scope"": ""record_attached"", ""candidate_id"": ""22fd46420edea780"", ""match_level"": ""unmatched"", ""observed_field"": """", ""observed_value"": """", ""telemetry_capability"": ""observable"", ""type"": ""endpoint"", ""value"": ""51.178.25.148:8081""}, {""attribution_scope"": ""record_attached"", ""candidate_id"": ""708ba7d49e97ae7a"", ""match_level"": ""unmatched"", ""observed_field"": """", ""observed_value"": """", ""telemetry_capability"": ""observable"", ""type"": ""ip"", ""value"": ""51.178.25.148""}, {""attribution_scope"": ""record_attached"", ""candidate_id"": ""69e019e488dba3ac"", ""match_level"": ""unobservable"", ""observed_field"": ""domain_not_retained"", ""observed_value"": ""51.178.25.148"", ""telemetry_capability"": ""unobservable"", ""type"": ""url"", ""value"": ""http://51.178.25.148:8081/dl/gamesdk""}, {""attribution_scope"": ""record_attached"", ""candidate_id"": ""6f814c2b170bd86a"", ""match_level"": ""unobservable"", ""observed_field"": ""domain_not_retained"", ""observed_value"": ""51.178.25.148"", ""telemetry_capability"": ""unobservable"", ""type"": ""url"", ""value"": ""http://51.178.25.148:8081/dl/runtime""}, {""attribution_scope"": ""record_attached"", ""candidate_id"": ""7699f17b99deb7f1"", ""match_level"": ""unobservable"", ""observed_field"": ""domain_not_retained"", ""observed_value"": ""51.178.25.148"", ""telemetry_capability"": ""unobservable"", ""type"": ""url"", ""value"": ""http://51.178.25.148:8081/dl/sys86""}, {""attribution_scope"": ""record_attached"", ""candidate_id"": ""2c6125ff70d46c7b"", ""match_level"": ""unobservable"", ""observed_field"": ""domain_not_retained"", ""observed_value"": ""51.178.25.148"", ""telemetry_capability"": ""unobservable"", ""type"": ""url"", ""value"": ""http://51.178.25.148:8081/dl/system""}, {""attribution_scope"": ""record_attached"", ""candidate_id"": ""6d2ff9c6e8c46e9c"", ""match_level"": ""unobservable"", ""observed_field"": ""domain_not_retained"", ""observed_value"": ""51.178.25.148"", ""telemetry_capability"": ""unobservable"", ""type"": ""url"", ""value"": ""http://51.178.25.148:8081/dl/uwu""}, {""attribution_scope"": ""record_attached"", ""candidate_id"": ""baf8de6b3f9c2b3a"", ""match_level"": ""unobservable"", ""observed_field"": ""domain_not_retained"", ""observed_value"": ""51.178.25.148"", ""telemetry_capability"": ""unobservable"", ""type"": ""url"", ""value"": ""http://51.178.25.148:8081/gethw""}, {""attribution_scope"": ""record_attached"", ""candidate_id"": ""0bef7ceda1c62127"", ""match_level"": ""unobservable"", ""observed_field"": ""domain_not_retained"", ""observed_value"": ""51.178.25.148"", ""telemetry_capability"": ""unobservable"", ""type"": ""url"", ""value"": ""http://51.178.25.148:8081/getip""}, {""attribution_scope"": ""record_attached"", ""candidate_id"": ""35f8befd0f6b7c9d"", ""match_level"": ""unobservable"", ""observed_field"": ""domain_not_retained"", ""observed_value"": ""51.178.25.148"", ""telemetry_capability"": ""unobservable"", ""type"": ""url"", ""value"": ""http://51.178.25.148:8081/rooter""}, {""attribution_scope"": ""record_attached"", ""candidate_id"": ""dd6b730ed55b7117"", ""match_level"": ""unobservable"", ""observed_field"": ""domain_not_retained"", ""observed_value"": ""51.178.25.148"", ""telemetry_capability"": ""unobservable"", ""type"": ""url"", ""value"": ""http://51.178.25.148:8081/upload""}, {""attribution_scope"": ""record_attached"", ""candidate_id"": ""3c6c6a244a6faba5"", ""match_level"": ""unobservable"", ""observed_field"": ""domain_not_retained"", ""observed_value"": ""51.178.25.148"", ""telemetry_capability"": ""unobservable"", ""type"": ""url"", ""value"": ""http://51.178.25.148:8081/uploader""}, {""attribution_scope"": ""record_attached"", ""candidate_id"": ""345a13948f537032"", ""match_level"": ""unobservable"", ""observed_field"": ""domain_not_retained"", ""observed_value"": ""canary.discord.com"", ""telemetry_capability"": ""unobservable"", ""type"": ""url"", ""value"": ""https://canary.discord.com/api/webhooks/1152648911371120681/JlL5FnwmY6nP6RaZxmQ7NI9MGR6HARmAekaPqPDdVTq9K3RJ68Lcd7cz16l9u6eZH9c3""}, {""attribution_scope"": ""record_attached"", ""candidate_id"": ""b61bb166cbaf88a2"", ""match_level"": ""unobservable"", ""observed_field"": ""domain_not_retained"", ""observed_value"": ""canary.discord.com"", ""telemetry_capability"": ""unobservable"", ""type"": ""url"", ""value"": ""https://canary.discord.com/api/webhooks/1152716297474424913/z6-hvrQNeyL0m1Mm34JLYj1VVB67sVEXogqJzGCkxYgMFCgCWhQaR07ruMBck1dJAi9g""}, {""attribution_scope"": ""record_attached"", ""candidate_id"": ""5509653d295bb500"", ""match_level"": ""unobservable"", ""observed_field"": ""domain_not_retained"", ""observed_value"": ""canary.discord.com"", ""telemetry_capability"": ""unobservable"", ""type"": ""url"", ""value"": ""https://canary.discord.com/api/webhooks/1153431050517762059/MAkfrB4n1Gz6qe7W8ffWTZF92yfN3D_FWPFFaK_FBgDQWB1ZYfbKHa61X_8L6GK175r0""}, {""attribution_scope"": ""record_attached"", ""candidate_id"": ""91cdeb986996ce82"", ""match_level"": ""unobservable"", ""observed_field"": ""domain_not_retained"", ""observed_value"": ""canary.discord.com"", ""telemetry_capability"": ""unobservable"", ""type"": ""url"", ""value"": ""https://canary.discord.com/api/webhooks/1155235432406196334/3eFtMXnG2laJjInzO_kAzLbW6ebMgbrrwmAcRtZyOfqnyCh-twTT9pSumcKr5QJvbGEZ""}, {""attribution_scope"": ""record_attached"", ""candidate_id"": ""fb48aa6745cbc450"", ""match_level"": ""unobservable"", ""observed_field"": ""domain_not_retained"", ""observed_value"": ""discord.com"", ""telemetry_capability"": ""unobservable"", ""type"": ""url"", ""value"": ""https://discord.com/api/webhooks/1103033150558457876/22oUF1rkDTdxz-iq-2EOR4aVXwDr5vFIeE9zWlitIbYSG2E3XhF8KQIzuo1uXy_bOcos""}, {""attribution_scope"": ""record_attached"", ""candidate_id"": ""6d99455456e7108f"", ""match_level"": ""unobservable"", ""observed_field"": ""domain_not_retained"", ""observed_value"": ""pastebin.com"", ""telemetry_capability"": ""unobservable"", ""type"": ""url"", ""value"": ""https://pastebin.com/raw/TwHdexDC""}]"	5	"[{""attribution_scope"": ""referenced_report"", ""match_level"": ""behavior_not_observed"", ""observed_evidence"": ""required supporting telemetry was not observed"", ""report_evidence"": ""Collected information is uploaded to attacker-controlled endpoints."", ""type"": ""exfiltration""}, {""attribution_scope"": ""referenced_report"", ""match_level"": ""behavior_not_observed"", ""observed_evidence"": ""required supporting telemetry was not observed"", ""report_evidence"": ""The setup.py payload downloads additional executable content."", ""type"": ""payload_download""}, {""attribution_scope"": ""referenced_report"", ""match_level"": ""behavior_not_observed"", ""observed_evidence"": ""required supporting telemetry was not observed"", ""report_evidence"": ""The campaign places scripts in a startup location to maintain persistence."", ""type"": ""persistence""}, {""attribution_scope"": ""referenced_report"", ""match_level"": ""behavior_partially_observed"", ""observed_evidence"": ""non-harness command or process observed without a report-specific process indicator"", ""report_evidence"": ""Downloaded executable and script payloads are run after installation."", ""type"": ""process_execution""}, {""attribution_scope"": ""referenced_report"", ""match_level"": ""behavior_not_observed"", ""observed_evidence"": ""required supporting telemetry was not observed"", ""report_evidence"": ""The payload collects host, browser, application, and financial information."", ""type"": ""sensitive_data_access""}]"	inconclusive	behavior_not_observed;behavior_partially_observed	low	yes	Confirm whether the reported command/process/file/network behavior occurred.	External IOC extraction=derived_structured_url;structured; IOC attribution=record_attached; behavior extraction=curated_reference_behavior; behavior attribution=referenced_report; version=exact; reported trigger=install (high); observed trigger=install; trigger comparison=match; IOC result=inconclusive; behavior result=behavior_not_observed;behavior_partially_observed. Low-confidence reasons: record-attached IOC applicability to this exact execution is not independently proven; one or more IOC types are only partially observable in this dataset; reported behavior is only partially observed, absent, or semantically unobservable.	[]	"[""443"", ""80""]"	[]	"[""Cache2"", ""StreamTrans"", ""StreamT~ns"", ""clear"", ""filetop-bpfcc"", ""grep"", ""opensnoop-bpfcc"", ""pgrep"", ""pip"", ""strace"", ""systemd-logind"", ""tcpstates-bpfcc""]"	"[""Cache2"", ""StreamTrans"", ""StreamT~ns"", ""clear"", ""filetop-bpfcc"", ""grep"", ""opensnoop-bpfcc"", ""pgrep"", ""strace"", ""systemd-logind"", ""tcpstates-bpfcc""]"	"[""brk"", ""close"", ""exit_group"", ""fcntl"", ""fstat"", ""futex"", ""getdents64"", ""getpeername"", ""getpid"", ""getsockname"", ""getsockopt"", ""ioctl"", ""lseek"", ""mmap"", ""munmap"", ""newfstatat"", ""openat"", ""poll"", ""read"", ""restart_syscall"", ""rmdir"", ""rt_sigaction"", ""setsockopt"", ""uname"", ""unlinkat"", ""write""]"	"[""fstat -> fcntl -> fstat"", ""fstat -> fcntl -> fstat -> no-error -> no-fd"", ""newfstatat -> newfstatat -> newfstatat"", ""newfstatat -> newfstatat -> newfstatat -> no-error -> no-fd"", ""newfstatat -> openat -> fstat"", ""newfstatat -> openat -> fstat -> no-error -> no-fd"", ""openat -> fstat -> fcntl"", ""openat -> fstat -> fcntl -> no-error -> no-fd"", ""read -> read -> read"", ""read -> read -> read -> no-error -> no-fd""]"	"[""ETC_DIR"", ""HOME_DIR"", ""OTHER_DIR"", ""ROOT_DIR"", ""TMP_DIR""]"					pending
a9539e6271ef4154	qut	pyowler-1.0.0.tar.gz	pypi	pyowler	1.0.0	malicious-packages-info	MAL-2023-8583	https://medium.com/checkmarx-security/attacker-hidden-in-plain-sight-for-nearly-six-months-targeting-python-developers-3712f0f107e0;https://security.snyk.io/vuln/SNYK-PYTHON-PYOWLER-6069632;https://checkmarx.com/blog/attacker-hidden-in-plain-sight-for-nearly-six-months-targeting-python-developers/	1.0.0	exact	both	install	The report states that malicious code embedded in setup.py executes when the referenced packages are installed. Location: Key Points and campaign overview.	https://medium.com/checkmarx-security/attacker-hidden-in-plain-sight-for-nearly-six-months-targeting-python-developers-3712f0f107e0	high	install	"{""install"": {""package_file"": ""pyowler-1.0.0.tar.gz"", ""source"": ""QUT-DV25_Install_Traces""}}"	match	27	"[{""attribution_scope"": ""record_attached"", ""candidate_id"": ""cbb2b57e5b211232"", ""match_level"": ""unmatched"", ""observed_field"": """", ""observed_value"": """", ""telemetry_capability"": ""observable"", ""type"": ""endpoint"", ""value"": ""51.178.25.148:8081""}, {""attribution_scope"": ""record_attached"", ""candidate_id"": ""cbb2b57e5b211232"", ""match_level"": ""unmatched"", ""observed_field"": """", ""observed_value"": """", ""telemetry_capability"": ""observable"", ""type"": ""endpoint"", ""value"": ""51.178.25.148:8081""}, {""attribution_scope"": ""record_attached"", ""candidate_id"": ""cbb2b57e5b211232"", ""match_level"": ""unmatched"", ""observed_field"": """", ""observed_value"": """", ""telemetry_capability"": ""observable"", ""type"": ""endpoint"", ""value"": ""51.178.25.148:8081""}, {""attribution_scope"": ""record_attached"", ""candidate_id"": ""cbb2b57e5b211232"", ""match_level"": ""unmatched"", ""observed_field"": """", ""observed_value"": """", ""telemetry_capability"": ""observable"", ""type"": ""endpoint"", ""value"": ""51.178.25.148:8081""}, {""attribution_scope"": ""record_attached"", ""candidate_id"": ""cbb2b57e5b211232"", ""match_level"": ""unmatched"", ""observed_field"": """", ""observed_value"": """", ""telemetry_capability"": ""observable"", ""type"": ""endpoint"", ""value"": ""51.178.25.148:8081""}, {""attribution_scope"": ""record_attached"", ""candidate_id"": ""cbb2b57e5b211232"", ""match_level"": ""unmatched"", ""observed_field"": """", ""observed_value"": """", ""telemetry_capability"": ""observable"", ""type"": ""endpoint"", ""value"": ""51.178.25.148:8081""}, {""attribution_scope"": ""record_attached"", ""candidate_id"": ""cbb2b57e5b211232"", ""match_level"": ""unmatched"", ""observed_field"": """", ""observed_value"": """", ""telemetry_capability"": ""observable"", ""type"": ""endpoint"", ""value"": ""51.178.25.148:8081""}, {""attribution_scope"": ""record_attached"", ""candidate_id"": ""cbb2b57e5b211232"", ""match_level"": ""unmatched"", ""observed_field"": """", ""observed_value"": """", ""telemetry_capability"": ""observable"", ""type"": ""endpoint"", ""value"": ""51.178.25.148:8081""}, {""attribution_scope"": ""record_attached"", ""candidate_id"": ""cbb2b57e5b211232"", ""match_level"": ""unmatched"", ""observed_field"": """", ""observed_value"": """", ""telemetry_capability"": ""observable"", ""type"": ""endpoint"", ""value"": ""51.178.25.148:8081""}, {""attribution_scope"": ""record_attached"", ""candidate_id"": ""cbb2b57e5b211232"", ""match_level"": ""unmatched"", ""observed_field"": """", ""observed_value"": """", ""telemetry_capability"": ""observable"", ""type"": ""endpoint"", ""value"": ""51.178.25.148:8081""}, {""attribution_scope"": ""record_attached"", ""candidate_id"": ""0e2a56f0325c2408"", ""match_level"": ""unmatched"", ""observed_field"": """", ""observed_value"": """", ""telemetry_capability"": ""observable"", ""type"": ""ip"", ""value"": ""51.178.25.148""}, {""attribution_scope"": ""record_attached"", ""candidate_id"": ""5f4d99fcc27705bb"", ""match_level"": ""unobservable"", ""observed_field"": ""domain_not_retained"", ""observed_value"": ""51.178.25.148"", ""telemetry_capability"": ""unobservable"", ""type"": ""url"", ""value"": ""http://51.178.25.148:8081/dl/gamesdk""}, {""attribution_scope"": ""record_attached"", ""candidate_id"": ""e238a8e9b3217f8d"", ""match_level"": ""unobservable"", ""observed_field"": ""domain_not_retained"", ""observed_value"": ""51.178.25.148"", ""telemetry_capability"": ""unobservable"", ""type"": ""url"", ""value"": ""http://51.178.25.148:8081/dl/runtime""}, {""attribution_scope"": ""record_attached"", ""candidate_id"": ""87ed75cc9861b07b"", ""match_level"": ""unobservable"", ""observed_field"": ""domain_not_retained"", ""observed_value"": ""51.178.25.148"", ""telemetry_capability"": ""unobservable"", ""type"": ""url"", ""value"": ""http://51.178.25.148:8081/dl/sys86""}, {""attribution_scope"": ""record_attached"", ""candidate_id"": ""3bd0782b2d32622f"", ""match_level"": ""unobservable"", ""observed_field"": ""domain_not_retained"", ""observed_value"": ""51.178.25.148"", ""telemetry_capability"": ""unobservable"", ""type"": ""url"", ""value"": ""http://51.178.25.148:8081/dl/system""}, {""attribution_scope"": ""record_attached"", ""candidate_id"": ""8a721dba929315d7"", ""match_level"": ""unobservable"", ""observed_field"": ""domain_not_retained"", ""observed_value"": ""51.178.25.148"", ""telemetry_capability"": ""unobservable"", ""type"": ""url"", ""value"": ""http://51.178.25.148:8081/dl/uwu""}, {""attribution_scope"": ""record_attached"", ""candidate_id"": ""c765358a159255da"", ""match_level"": ""unobservable"", ""observed_field"": ""domain_not_retained"", ""observed_value"": ""51.178.25.148"", ""telemetry_capability"": ""unobservable"", ""type"": ""url"", ""value"": ""http://51.178.25.148:8081/gethw""}, {""attribution_scope"": ""record_attached"", ""candidate_id"": ""e7a0c58206001acc"", ""match_level"": ""unobservable"", ""observed_field"": ""domain_not_retained"", ""observed_value"": ""51.178.25.148"", ""telemetry_capability"": ""unobservable"", ""type"": ""url"", ""value"": ""http://51.178.25.148:8081/getip""}, {""attribution_scope"": ""record_attached"", ""candidate_id"": ""78bb7ce00f4a5e53"", ""match_level"": ""unobservable"", ""observed_field"": ""domain_not_retained"", ""observed_value"": ""51.178.25.148"", ""telemetry_capability"": ""unobservable"", ""type"": ""url"", ""value"": ""http://51.178.25.148:8081/rooter""}, {""attribution_scope"": ""record_attached"", ""candidate_id"": ""529e8606849675ce"", ""match_level"": ""unobservable"", ""observed_field"": ""domain_not_retained"", ""observed_value"": ""51.178.25.148"", ""telemetry_capability"": ""unobservable"", ""type"": ""url"", ""value"": ""http://51.178.25.148:8081/upload""}, {""attribution_scope"": ""record_attached"", ""candidate_id"": ""ecc1cb9136fe5db0"", ""match_level"": ""unobservable"", ""observed_field"": ""domain_not_retained"", ""observed_value"": ""51.178.25.148"", ""telemetry_capability"": ""unobservable"", ""type"": ""url"", ""value"": ""http://51.178.25.148:8081/uploader""}, {""attribution_scope"": ""record_attached"", ""candidate_id"": ""f8f7c2c92e25021e"", ""match_level"": ""unobservable"", ""observed_field"": ""domain_not_retained"", ""observed_value"": ""canary.discord.com"", ""telemetry_capability"": ""unobservable"", ""type"": ""url"", ""value"": ""https://canary.discord.com/api/webhooks/1152648911371120681/JlL5FnwmY6nP6RaZxmQ7NI9MGR6HARmAekaPqPDdVTq9K3RJ68Lcd7cz16l9u6eZH9c3""}, {""attribution_scope"": ""record_attached"", ""candidate_id"": ""295702ecece089e3"", ""match_level"": ""unobservable"", ""observed_field"": ""domain_not_retained"", ""observed_value"": ""canary.discord.com"", ""telemetry_capability"": ""unobservable"", ""type"": ""url"", ""value"": ""https://canary.discord.com/api/webhooks/1152716297474424913/z6-hvrQNeyL0m1Mm34JLYj1VVB67sVEXogqJzGCkxYgMFCgCWhQaR07ruMBck1dJAi9g""}, {""attribution_scope"": ""record_attached"", ""candidate_id"": ""805c8cffb0ab3f63"", ""match_level"": ""unobservable"", ""observed_field"": ""domain_not_retained"", ""observed_value"": ""canary.discord.com"", ""telemetry_capability"": ""unobservable"", ""type"": ""url"", ""value"": ""https://canary.discord.com/api/webhooks/1153431050517762059/MAkfrB4n1Gz6qe7W8ffWTZF92yfN3D_FWPFFaK_FBgDQWB1ZYfbKHa61X_8L6GK175r0""}, {""attribution_scope"": ""record_attached"", ""candidate_id"": ""335a340b49417dcd"", ""match_level"": ""unobservable"", ""observed_field"": ""domain_not_retained"", ""observed_value"": ""canary.discord.com"", ""telemetry_capability"": ""unobservable"", ""type"": ""url"", ""value"": ""https://canary.discord.com/api/webhooks/1155235432406196334/3eFtMXnG2laJjInzO_kAzLbW6ebMgbrrwmAcRtZyOfqnyCh-twTT9pSumcKr5QJvbGEZ""}, {""attribution_scope"": ""record_attached"", ""candidate_id"": ""5d6c150a49ea0198"", ""match_level"": ""unobservable"", ""observed_field"": ""domain_not_retained"", ""observed_value"": ""discord.com"", ""telemetry_capability"": ""unobservable"", ""type"": ""url"", ""value"": ""https://discord.com/api/webhooks/1103033150558457876/22oUF1rkDTdxz-iq-2EOR4aVXwDr5vFIeE9zWlitIbYSG2E3XhF8KQIzuo1uXy_bOcos""}, {""attribution_scope"": ""record_attached"", ""candidate_id"": ""3cfdc46bd741286a"", ""match_level"": ""unobservable"", ""observed_field"": ""domain_not_retained"", ""observed_value"": ""pastebin.com"", ""telemetry_capability"": ""unobservable"", ""type"": ""url"", ""value"": ""https://pastebin.com/raw/TwHdexDC""}]"	5	"[{""attribution_scope"": ""referenced_report"", ""match_level"": ""behavior_not_observed"", ""observed_evidence"": ""required supporting telemetry was not observed"", ""report_evidence"": ""Collected information is uploaded to attacker-controlled endpoints."", ""type"": ""exfiltration""}, {""attribution_scope"": ""referenced_report"", ""match_level"": ""behavior_not_observed"", ""observed_evidence"": ""required supporting telemetry was not observed"", ""report_evidence"": ""The setup.py payload downloads additional executable content."", ""type"": ""payload_download""}, {""attribution_scope"": ""referenced_report"", ""match_level"": ""behavior_not_observed"", ""observed_evidence"": ""required supporting telemetry was not observed"", ""report_evidence"": ""The campaign places scripts in a startup location to maintain persistence."", ""type"": ""persistence""}, {""attribution_scope"": ""referenced_report"", ""match_level"": ""behavior_partially_observed"", ""observed_evidence"": ""non-harness command or process observed without a report-specific process indicator"", ""report_evidence"": ""Downloaded executable and script payloads are run after installation."", ""type"": ""process_execution""}, {""attribution_scope"": ""referenced_report"", ""match_level"": ""behavior_not_observed"", ""observed_evidence"": ""required supporting telemetry was not observed"", ""report_evidence"": ""The payload collects host, browser, application, and financial information."", ""type"": ""sensitive_data_access""}]"	inconclusive	behavior_not_observed;behavior_partially_observed	low	yes	Confirm whether the reported command/process/file/network behavior occurred.	External IOC extraction=derived_structured_url;structured; IOC attribution=record_attached; behavior extraction=curated_reference_behavior; behavior attribution=referenced_report; version=exact; reported trigger=install (high); observed trigger=install; trigger comparison=match; IOC result=inconclusive; behavior result=behavior_not_observed;behavior_partially_observed. Low-confidence reasons: record-attached IOC applicability to this exact execution is not independently proven; one or more IOC types are only partially observable in this dataset; reported behavior is only partially observed, absent, or semantically unobservable.	[]	[]	[]	"[""StreamTrans"", ""filetop-bpfcc"", ""opensnoop-bpfcc"", ""pgrep"", ""pip"", ""sqldb:c~lite"", ""strace"", ""systemd-logind"", ""tcpstates-bpfcc""]"	"[""StreamTrans"", ""filetop-bpfcc"", ""opensnoop-bpfcc"", ""pgrep"", ""sqldb:c~lite"", ""strace"", ""systemd-logind"", ""tcpstates-bpfcc""]"	"[""bind"", ""brk"", ""chmod"", ""close"", ""connect"", ""exit_group"", ""fcntl"", ""fstat"", ""fsync"", ""futex"", ""getcwd"", ""getdents64"", ""getpeername"", ""getpid"", ""getrandom"", ""getsockname"", ""getsockopt"", ""ioctl"", ""lseek"", ""mkdir"", ""mmap"", ""mprotect"", ""mremap"", ""munmap"", ""newfstatat"", ""openat"", ""pipe2"", ""poll"", ""read"", ""recvfrom"", ""recvmsg"", ""rename"", ""rmdir"", ""rt_sigaction"", ""rt_sigprocmask"", ""sendmmsg"", ""sendto"", ""setsockopt"", ""socket"", ""umask"", ""uname"", ""unlink"", ""unlinkat"", ""vfork"", ""wait4"", ""write""]"	"[""fstat -> ioctl -> lseek"", ""fstat -> ioctl -> lseek -> error=ENOENT -> no-fd"", ""ioctl -> lseek -> lseek"", ""ioctl -> lseek -> lseek -> no-error -> no-fd"", ""newfstatat -> newfstatat -> newfstatat"", ""newfstatat -> newfstatat -> newfstatat -> no-error -> no-fd"", ""newfstatat -> newfstatat -> openat -> no-error -> no-fd"", ""newfstatat -> openat -> fstat"", ""newfstatat -> openat -> fstat -> no-error -> no-fd"", ""openat -> fstat -> ioctl""]"	"[""ETC_DIR"", ""HOME_DIR"", ""OTHER_DIR"", ""ROOT_DIR"", ""TMP_DIR""]"					pending
6a4825c2b952d246	qut	pypiele-1.0.1.tar.gz	pypi	pypiele	1.0.1	malicious-packages-info	MAL-2023-8584	https://medium.com/checkmarx-security/attacker-hidden-in-plain-sight-for-nearly-six-months-targeting-python-developers-3712f0f107e0;https://checkmarx.com/blog/attacker-hidden-in-plain-sight-for-nearly-six-months-targeting-python-developers/;https://security.snyk.io/vuln/SNYK-PYTHON-PYPIELE-6069639	1.0.1;1.0.2	exact	both	install	The report states that malicious code embedded in setup.py executes when the referenced packages are installed. Location: Key Points and campaign overview.	https://medium.com/checkmarx-security/attacker-hidden-in-plain-sight-for-nearly-six-months-targeting-python-developers-3712f0f107e0	high	install	"{""install"": {""package_file"": ""pypiele-1.0.1.tar.gz"", ""source"": ""QUT-DV25_Install_Traces""}}"	match	27	"[{""attribution_scope"": ""record_attached"", ""candidate_id"": ""d5f3e8ce22ea9cac"", ""match_level"": ""unmatched"", ""observed_field"": """", ""observed_value"": """", ""telemetry_capability"": ""observable"", ""type"": ""endpoint"", ""value"": ""51.178.25.148:8081""}, {""attribution_scope"": ""record_attached"", ""candidate_id"": ""d5f3e8ce22ea9cac"", ""match_level"": ""unmatched"", ""observed_field"": """", ""observed_value"": """", ""telemetry_capability"": ""observable"", ""type"": ""endpoint"", ""value"": ""51.178.25.148:8081""}, {""attribution_scope"": ""record_attached"", ""candidate_id"": ""d5f3e8ce22ea9cac"", ""match_level"": ""unmatched"", ""observed_field"": """", ""observed_value"": """", ""telemetry_capability"": ""observable"", ""type"": ""endpoint"", ""value"": ""51.178.25.148:8081""}, {""attribution_scope"": ""record_attached"", ""candidate_id"": ""d5f3e8ce22ea9cac"", ""match_level"": ""unmatched"", ""observed_field"": """", ""observed_value"": """", ""telemetry_capability"": ""observable"", ""type"": ""endpoint"", ""value"": ""51.178.25.148:8081""}, {""attribution_scope"": ""record_attached"", ""candidate_id"": ""d5f3e8ce22ea9cac"", ""match_level"": ""unmatched"", ""observed_field"": """", ""observed_value"": """", ""telemetry_capability"": ""observable"", ""type"": ""endpoint"", ""value"": ""51.178.25.148:8081""}, {""attribution_scope"": ""record_attached"", ""candidate_id"": ""d5f3e8ce22ea9cac"", ""match_level"": ""unmatched"", ""observed_field"": """", ""observed_value"": """", ""telemetry_capability"": ""observable"", ""type"": ""endpoint"", ""value"": ""51.178.25.148:8081""}, {""attribution_scope"": ""record_attached"", ""candidate_id"": ""d5f3e8ce22ea9cac"", ""match_level"": ""unmatched"", ""observed_field"": """", ""observed_value"": """", ""telemetry_capability"": ""observable"", ""type"": ""endpoint"", ""value"": ""51.178.25.148:8081""}, {""attribution_scope"": ""record_attached"", ""candidate_id"": ""d5f3e8ce22ea9cac"", ""match_level"": ""unmatched"", ""observed_field"": """", ""observed_value"": """", ""telemetry_capability"": ""observable"", ""type"": ""endpoint"", ""value"": ""51.178.25.148:8081""}, {""attribution_scope"": ""record_attached"", ""candidate_id"": ""d5f3e8ce22ea9cac"", ""match_level"": ""unmatched"", ""observed_field"": """", ""observed_value"": """", ""telemetry_capability"": ""observable"", ""type"": ""endpoint"", ""value"": ""51.178.25.148:8081""}, {""attribution_scope"": ""record_attached"", ""candidate_id"": ""d5f3e8ce22ea9cac"", ""match_level"": ""unmatched"", ""observed_field"": """", ""observed_value"": """", ""telemetry_capability"": ""observable"", ""type"": ""endpoint"", ""value"": ""51.178.25.148:8081""}, {""attribution_scope"": ""record_attached"", ""candidate_id"": ""72a38b5d8b118d04"", ""match_level"": ""unmatched"", ""observed_field"": """", ""observed_value"": """", ""telemetry_capability"": ""observable"", ""type"": ""ip"", ""value"": ""51.178.25.148""}, {""attribution_scope"": ""record_attached"", ""candidate_id"": ""dc3c2caaec8d1814"", ""match_level"": ""unobservable"", ""observed_field"": ""domain_not_retained"", ""observed_value"": ""51.178.25.148"", ""telemetry_capability"": ""unobservable"", ""type"": ""url"", ""value"": ""http://51.178.25.148:8081/dl/gamesdk""}, {""attribution_scope"": ""record_attached"", ""candidate_id"": ""4d165b6882550d38"", ""match_level"": ""unobservable"", ""observed_field"": ""domain_not_retained"", ""observed_value"": ""51.178.25.148"", ""telemetry_capability"": ""unobservable"", ""type"": ""url"", ""value"": ""http://51.178.25.148:8081/dl/runtime""}, {""attribution_scope"": ""record_attached"", ""candidate_id"": ""cf057064fbb6650f"", ""match_level"": ""unobservable"", ""observed_field"": ""domain_not_retained"", ""observed_value"": ""51.178.25.148"", ""telemetry_capability"": ""unobservable"", ""type"": ""url"", ""value"": ""http://51.178.25.148:8081/dl/sys86""}, {""attribution_scope"": ""record_attached"", ""candidate_id"": ""751316d94636ea75"", ""match_level"": ""unobservable"", ""observed_field"": ""domain_not_retained"", ""observed_value"": ""51.178.25.148"", ""telemetry_capability"": ""unobservable"", ""type"": ""url"", ""value"": ""http://51.178.25.148:8081/dl/system""}, {""attribution_scope"": ""record_attached"", ""candidate_id"": ""4a7afd8e50f8dbfc"", ""match_level"": ""unobservable"", ""observed_field"": ""domain_not_retained"", ""observed_value"": ""51.178.25.148"", ""telemetry_capability"": ""unobservable"", ""type"": ""url"", ""value"": ""http://51.178.25.148:8081/dl/uwu""}, {""attribution_scope"": ""record_attached"", ""candidate_id"": ""5a88f2f57fef5b95"", ""match_level"": ""unobservable"", ""observed_field"": ""domain_not_retained"", ""observed_value"": ""51.178.25.148"", ""telemetry_capability"": ""unobservable"", ""type"": ""url"", ""value"": ""http://51.178.25.148:8081/gethw""}, {""attribution_scope"": ""record_attached"", ""candidate_id"": ""68d4d2343df9357b"", ""match_level"": ""unobservable"", ""observed_field"": ""domain_not_retained"", ""observed_value"": ""51.178.25.148"", ""telemetry_capability"": ""unobservable"", ""type"": ""url"", ""value"": ""http://51.178.25.148:8081/getip""}, {""attribution_scope"": ""record_attached"", ""candidate_id"": ""cc65b1efc73453ba"", ""match_level"": ""unobservable"", ""observed_field"": ""domain_not_retained"", ""observed_value"": ""51.178.25.148"", ""telemetry_capability"": ""unobservable"", ""type"": ""url"", ""value"": ""http://51.178.25.148:8081/rooter""}, {""attribution_scope"": ""record_attached"", ""candidate_id"": ""299f7682e2585c60"", ""match_level"": ""unobservable"", ""observed_field"": ""domain_not_retained"", ""observed_value"": ""51.178.25.148"", ""telemetry_capability"": ""unobservable"", ""type"": ""url"", ""value"": ""http://51.178.25.148:8081/upload""}, {""attribution_scope"": ""record_attached"", ""candidate_id"": ""25246243481c815d"", ""match_level"": ""unobservable"", ""observed_field"": ""domain_not_retained"", ""observed_value"": ""51.178.25.148"", ""telemetry_capability"": ""unobservable"", ""type"": ""url"", ""value"": ""http://51.178.25.148:8081/uploader""}, {""attribution_scope"": ""record_attached"", ""candidate_id"": ""86577c4f379b6f46"", ""match_level"": ""unobservable"", ""observed_field"": ""domain_not_retained"", ""observed_value"": ""canary.discord.com"", ""telemetry_capability"": ""unobservable"", ""type"": ""url"", ""value"": ""https://canary.discord.com/api/webhooks/1152648911371120681/JlL5FnwmY6nP6RaZxmQ7NI9MGR6HARmAekaPqPDdVTq9K3RJ68Lcd7cz16l9u6eZH9c3""}, {""attribution_scope"": ""record_attached"", ""candidate_id"": ""3722ad0889c61f62"", ""match_level"": ""unobservable"", ""observed_field"": ""domain_not_retained"", ""observed_value"": ""canary.discord.com"", ""telemetry_capability"": ""unobservable"", ""type"": ""url"", ""value"": ""https://canary.discord.com/api/webhooks/1152716297474424913/z6-hvrQNeyL0m1Mm34JLYj1VVB67sVEXogqJzGCkxYgMFCgCWhQaR07ruMBck1dJAi9g""}, {""attribution_scope"": ""record_attached"", ""candidate_id"": ""9e70c71a8b0c92eb"", ""match_level"": ""unobservable"", ""observed_field"": ""domain_not_retained"", ""observed_value"": ""canary.discord.com"", ""telemetry_capability"": ""unobservable"", ""type"": ""url"", ""value"": ""https://canary.discord.com/api/webhooks/1153431050517762059/MAkfrB4n1Gz6qe7W8ffWTZF92yfN3D_FWPFFaK_FBgDQWB1ZYfbKHa61X_8L6GK175r0""}, {""attribution_scope"": ""record_attached"", ""candidate_id"": ""b57f3188fecd407e"", ""match_level"": ""unobservable"", ""observed_field"": ""domain_not_retained"", ""observed_value"": ""canary.discord.com"", ""telemetry_capability"": ""unobservable"", ""type"": ""url"", ""value"": ""https://canary.discord.com/api/webhooks/1155235432406196334/3eFtMXnG2laJjInzO_kAzLbW6ebMgbrrwmAcRtZyOfqnyCh-twTT9pSumcKr5QJvbGEZ""}, {""attribution_scope"": ""record_attached"", ""candidate_id"": ""b07c92ebfb3e7ef2"", ""match_level"": ""unobservable"", ""observed_field"": ""domain_not_retained"", ""observed_value"": ""discord.com"", ""telemetry_capability"": ""unobservable"", ""type"": ""url"", ""value"": ""https://discord.com/api/webhooks/1103033150558457876/22oUF1rkDTdxz-iq-2EOR4aVXwDr5vFIeE9zWlitIbYSG2E3XhF8KQIzuo1uXy_bOcos""}, {""attribution_scope"": ""record_attached"", ""candidate_id"": ""6ea064408a3c0a4b"", ""match_level"": ""unobservable"", ""observed_field"": ""domain_not_retained"", ""observed_value"": ""pastebin.com"", ""telemetry_capability"": ""unobservable"", ""type"": ""url"", ""value"": ""https://pastebin.com/raw/TwHdexDC""}]"	5	"[{""attribution_scope"": ""referenced_report"", ""match_level"": ""behavior_not_observed"", ""observed_evidence"": ""required supporting telemetry was not observed"", ""report_evidence"": ""Collected information is uploaded to attacker-controlled endpoints."", ""type"": ""exfiltration""}, {""attribution_scope"": ""referenced_report"", ""match_level"": ""behavior_not_observed"", ""observed_evidence"": ""required supporting telemetry was not observed"", ""report_evidence"": ""The setup.py payload downloads additional executable content."", ""type"": ""payload_download""}, {""attribution_scope"": ""referenced_report"", ""match_level"": ""behavior_not_observed"", ""observed_evidence"": ""required supporting telemetry was not observed"", ""report_evidence"": ""The campaign places scripts in a startup location to maintain persistence."", ""type"": ""persistence""}, {""attribution_scope"": ""referenced_report"", ""match_level"": ""behavior_partially_observed"", ""observed_evidence"": ""non-harness command or process observed without a report-specific process indicator"", ""report_evidence"": ""Downloaded executable and script payloads are run after installation."", ""type"": ""process_execution""}, {""attribution_scope"": ""referenced_report"", ""match_level"": ""behavior_not_observed"", ""observed_evidence"": ""required supporting telemetry was not observed"", ""report_evidence"": ""The payload collects host, browser, application, and financial information."", ""type"": ""sensitive_data_access""}]"	inconclusive	behavior_not_observed;behavior_partially_observed	low	yes	Confirm whether the reported command/process/file/network behavior occurred.	External IOC extraction=derived_structured_url;structured; IOC attribution=record_attached; behavior extraction=curated_reference_behavior; behavior attribution=referenced_report; version=exact; reported trigger=install (high); observed trigger=install; trigger comparison=match; IOC result=inconclusive; behavior result=behavior_not_observed;behavior_partially_observed. Low-confidence reasons: record-attached IOC applicability to this exact execution is not independently proven; one or more IOC types are only partially observable in this dataset; reported behavior is only partially observed, absent, or semantically unobservable.	[]	"[""443"", ""80""]"	[]	"[""StreamTrans"", ""clear"", ""filetop-bpfcc"", ""opensnoop-bpfcc"", ""pgrep"", ""pip"", ""sqldb:c~lite"", ""strace"", ""systemd-oomd"", ""tcpstates-bpfcc""]"	"[""StreamTrans"", ""clear"", ""filetop-bpfcc"", ""opensnoop-bpfcc"", ""pgrep"", ""sqldb:c~lite"", ""strace"", ""systemd-oomd"", ""tcpstates-bpfcc""]"	"[""brk"", ""chmod"", ""close"", ""exit_group"", ""fcntl"", ""fstat"", ""fsync"", ""getcwd"", ""getdents64"", ""getpid"", ""ioctl"", ""lseek"", ""mkdir"", ""mmap"", ""mremap"", ""munmap"", ""newfstatat"", ""openat"", ""read"", ""rename"", ""restart_syscall"", ""rmdir"", ""rt_sigaction"", ""umask"", ""uname"", ""unlinkat"", ""write""]"	"[""fstat -> ioctl -> lseek"", ""fstat -> ioctl -> lseek -> no-error -> no-fd"", ""ioctl -> lseek -> lseek"", ""ioctl -> lseek -> lseek -> error=ENOTTY -> no-fd"", ""newfstatat -> newfstatat -> newfstatat"", ""newfstatat -> newfstatat -> newfstatat -> no-error -> no-fd"", ""newfstatat -> openat -> fstat"", ""newfstatat -> openat -> fstat -> error=ENOENT -> no-fd"", ""openat -> fstat -> ioctl"", ""openat -> fstat -> ioctl -> no-error -> no-fd""]"	"[""ETC_DIR"", ""HOME_DIR"", ""OTHER_DIR"", ""TMP_DIR""]"					pending
8d14a3ba97d1a6df	qut	pypiele-1.0.2.tar.gz	pypi	pypiele	1.0.2	malicious-packages-info	MAL-2023-8584	https://medium.com/checkmarx-security/attacker-hidden-in-plain-sight-for-nearly-six-months-targeting-python-developers-3712f0f107e0;https://checkmarx.com/blog/attacker-hidden-in-plain-sight-for-nearly-six-months-targeting-python-developers/;https://security.snyk.io/vuln/SNYK-PYTHON-PYPIELE-6069639	1.0.1;1.0.2	exact	both	install	The report states that malicious code embedded in setup.py executes when the referenced packages are installed. Location: Key Points and campaign overview.	https://medium.com/checkmarx-security/attacker-hidden-in-plain-sight-for-nearly-six-months-targeting-python-developers-3712f0f107e0	high	install	"{""install"": {""package_file"": ""pypiele-1.0.2.tar.gz"", ""source"": ""QUT-DV25_Install_Traces""}}"	match	27	"[{""attribution_scope"": ""record_attached"", ""candidate_id"": ""67aea63ba88fd29d"", ""match_level"": ""unmatched"", ""observed_field"": """", ""observed_value"": """", ""telemetry_capability"": ""observable"", ""type"": ""endpoint"", ""value"": ""51.178.25.148:8081""}, {""attribution_scope"": ""record_attached"", ""candidate_id"": ""67aea63ba88fd29d"", ""match_level"": ""unmatched"", ""observed_field"": """", ""observed_value"": """", ""telemetry_capability"": ""observable"", ""type"": ""endpoint"", ""value"": ""51.178.25.148:8081""}, {""attribution_scope"": ""record_attached"", ""candidate_id"": ""67aea63ba88fd29d"", ""match_level"": ""unmatched"", ""observed_field"": """", ""observed_value"": """", ""telemetry_capability"": ""observable"", ""type"": ""endpoint"", ""value"": ""51.178.25.148:8081""}, {""attribution_scope"": ""record_attached"", ""candidate_id"": ""67aea63ba88fd29d"", ""match_level"": ""unmatched"", ""observed_field"": """", ""observed_value"": """", ""telemetry_capability"": ""observable"", ""type"": ""endpoint"", ""value"": ""51.178.25.148:8081""}, {""attribution_scope"": ""record_attached"", ""candidate_id"": ""67aea63ba88fd29d"", ""match_level"": ""unmatched"", ""observed_field"": """", ""observed_value"": """", ""telemetry_capability"": ""observable"", ""type"": ""endpoint"", ""value"": ""51.178.25.148:8081""}, {""attribution_scope"": ""record_attached"", ""candidate_id"": ""67aea63ba88fd29d"", ""match_level"": ""unmatched"", ""observed_field"": """", ""observed_value"": """", ""telemetry_capability"": ""observable"", ""type"": ""endpoint"", ""value"": ""51.178.25.148:8081""}, {""attribution_scope"": ""record_attached"", ""candidate_id"": ""67aea63ba88fd29d"", ""match_level"": ""unmatched"", ""observed_field"": """", ""observed_value"": """", ""telemetry_capability"": ""observable"", ""type"": ""endpoint"", ""value"": ""51.178.25.148:8081""}, {""attribution_scope"": ""record_attached"", ""candidate_id"": ""67aea63ba88fd29d"", ""match_level"": ""unmatched"", ""observed_field"": """", ""observed_value"": """", ""telemetry_capability"": ""observable"", ""type"": ""endpoint"", ""value"": ""51.178.25.148:8081""}, {""attribution_scope"": ""record_attached"", ""candidate_id"": ""67aea63ba88fd29d"", ""match_level"": ""unmatched"", ""observed_field"": """", ""observed_value"": """", ""telemetry_capability"": ""observable"", ""type"": ""endpoint"", ""value"": ""51.178.25.148:8081""}, {""attribution_scope"": ""record_attached"", ""candidate_id"": ""67aea63ba88fd29d"", ""match_level"": ""unmatched"", ""observed_field"": """", ""observed_value"": """", ""telemetry_capability"": ""observable"", ""type"": ""endpoint"", ""value"": ""51.178.25.148:8081""}, {""attribution_scope"": ""record_attached"", ""candidate_id"": ""86358ec65a6b065d"", ""match_level"": ""unmatched"", ""observed_field"": """", ""observed_value"": """", ""telemetry_capability"": ""observable"", ""type"": ""ip"", ""value"": ""51.178.25.148""}, {""attribution_scope"": ""record_attached"", ""candidate_id"": ""1edd71726d0292a1"", ""match_level"": ""unobservable"", ""observed_field"": ""domain_not_retained"", ""observed_value"": ""51.178.25.148"", ""telemetry_capability"": ""unobservable"", ""type"": ""url"", ""value"": ""http://51.178.25.148:8081/dl/gamesdk""}, {""attribution_scope"": ""record_attached"", ""candidate_id"": ""b518bc1572f2dcd5"", ""match_level"": ""unobservable"", ""observed_field"": ""domain_not_retained"", ""observed_value"": ""51.178.25.148"", ""telemetry_capability"": ""unobservable"", ""type"": ""url"", ""value"": ""http://51.178.25.148:8081/dl/runtime""}, {""attribution_scope"": ""record_attached"", ""candidate_id"": ""2b34309173f3e544"", ""match_level"": ""unobservable"", ""observed_field"": ""domain_not_retained"", ""observed_value"": ""51.178.25.148"", ""telemetry_capability"": ""unobservable"", ""type"": ""url"", ""value"": ""http://51.178.25.148:8081/dl/sys86""}, {""attribution_scope"": ""record_attached"", ""candidate_id"": ""65cd6e0abef72c4e"", ""match_level"": ""unobservable"", ""observed_field"": ""domain_not_retained"", ""observed_value"": ""51.178.25.148"", ""telemetry_capability"": ""unobservable"", ""type"": ""url"", ""value"": ""http://51.178.25.148:8081/dl/system""}, {""attribution_scope"": ""record_attached"", ""candidate_id"": ""06e881bab38c99d5"", ""match_level"": ""unobservable"", ""observed_field"": ""domain_not_retained"", ""observed_value"": ""51.178.25.148"", ""telemetry_capability"": ""unobservable"", ""type"": ""url"", ""value"": ""http://51.178.25.148:8081/dl/uwu""}, {""attribution_scope"": ""record_attached"", ""candidate_id"": ""aa86c715af7d1f08"", ""match_level"": ""unobservable"", ""observed_field"": ""domain_not_retained"", ""observed_value"": ""51.178.25.148"", ""telemetry_capability"": ""unobservable"", ""type"": ""url"", ""value"": ""http://51.178.25.148:8081/gethw""}, {""attribution_scope"": ""record_attached"", ""candidate_id"": ""3e35f42c51e9af84"", ""match_level"": ""unobservable"", ""observed_field"": ""domain_not_retained"", ""observed_value"": ""51.178.25.148"", ""telemetry_capability"": ""unobservable"", ""type"": ""url"", ""value"": ""http://51.178.25.148:8081/getip""}, {""attribution_scope"": ""record_attached"", ""candidate_id"": ""292e209618509070"", ""match_level"": ""unobservable"", ""observed_field"": ""domain_not_retained"", ""observed_value"": ""51.178.25.148"", ""telemetry_capability"": ""unobservable"", ""type"": ""url"", ""value"": ""http://51.178.25.148:8081/rooter""}, {""attribution_scope"": ""record_attached"", ""candidate_id"": ""9d170faa67aacff5"", ""match_level"": ""unobservable"", ""observed_field"": ""domain_not_retained"", ""observed_value"": ""51.178.25.148"", ""telemetry_capability"": ""unobservable"", ""type"": ""url"", ""value"": ""http://51.178.25.148:8081/upload""}, {""attribution_scope"": ""record_attached"", ""candidate_id"": ""52e4e39eaad99e58"", ""match_level"": ""unobservable"", ""observed_field"": ""domain_not_retained"", ""observed_value"": ""51.178.25.148"", ""telemetry_capability"": ""unobservable"", ""type"": ""url"", ""value"": ""http://51.178.25.148:8081/uploader""}, {""attribution_scope"": ""record_attached"", ""candidate_id"": ""7c5aa6b504e485c5"", ""match_level"": ""unobservable"", ""observed_field"": ""domain_not_retained"", ""observed_value"": ""canary.discord.com"", ""telemetry_capability"": ""unobservable"", ""type"": ""url"", ""value"": ""https://canary.discord.com/api/webhooks/1152648911371120681/JlL5FnwmY6nP6RaZxmQ7NI9MGR6HARmAekaPqPDdVTq9K3RJ68Lcd7cz16l9u6eZH9c3""}, {""attribution_scope"": ""record_attached"", ""candidate_id"": ""a1fed8980b6a47da"", ""match_level"": ""unobservable"", ""observed_field"": ""domain_not_retained"", ""observed_value"": ""canary.discord.com"", ""telemetry_capability"": ""unobservable"", ""type"": ""url"", ""value"": ""https://canary.discord.com/api/webhooks/1152716297474424913/z6-hvrQNeyL0m1Mm34JLYj1VVB67sVEXogqJzGCkxYgMFCgCWhQaR07ruMBck1dJAi9g""}, {""attribution_scope"": ""record_attached"", ""candidate_id"": ""b66b7a2ddd47205f"", ""match_level"": ""unobservable"", ""observed_field"": ""domain_not_retained"", ""observed_value"": ""canary.discord.com"", ""telemetry_capability"": ""unobservable"", ""type"": ""url"", ""value"": ""https://canary.discord.com/api/webhooks/1153431050517762059/MAkfrB4n1Gz6qe7W8ffWTZF92yfN3D_FWPFFaK_FBgDQWB1ZYfbKHa61X_8L6GK175r0""}, {""attribution_scope"": ""record_attached"", ""candidate_id"": ""99695cf64806212b"", ""match_level"": ""unobservable"", ""observed_field"": ""domain_not_retained"", ""observed_value"": ""canary.discord.com"", ""telemetry_capability"": ""unobservable"", ""type"": ""url"", ""value"": ""https://canary.discord.com/api/webhooks/1155235432406196334/3eFtMXnG2laJjInzO_kAzLbW6ebMgbrrwmAcRtZyOfqnyCh-twTT9pSumcKr5QJvbGEZ""}, {""attribution_scope"": ""record_attached"", ""candidate_id"": ""590fd9583431cd70"", ""match_level"": ""unobservable"", ""observed_field"": ""domain_not_retained"", ""observed_value"": ""discord.com"", ""telemetry_capability"": ""unobservable"", ""type"": ""url"", ""value"": ""https://discord.com/api/webhooks/1103033150558457876/22oUF1rkDTdxz-iq-2EOR4aVXwDr5vFIeE9zWlitIbYSG2E3XhF8KQIzuo1uXy_bOcos""}, {""attribution_scope"": ""record_attached"", ""candidate_id"": ""45da383d6aec2a13"", ""match_level"": ""unobservable"", ""observed_field"": ""domain_not_retained"", ""observed_value"": ""pastebin.com"", ""telemetry_capability"": ""unobservable"", ""type"": ""url"", ""value"": ""https://pastebin.com/raw/TwHdexDC""}]"	5	"[{""attribution_scope"": ""referenced_report"", ""match_level"": ""behavior_not_observed"", ""observed_evidence"": ""required supporting telemetry was not observed"", ""report_evidence"": ""Collected information is uploaded to attacker-controlled endpoints."", ""type"": ""exfiltration""}, {""attribution_scope"": ""referenced_report"", ""match_level"": ""behavior_not_observed"", ""observed_evidence"": ""required supporting telemetry was not observed"", ""report_evidence"": ""The setup.py payload downloads additional executable content."", ""type"": ""payload_download""}, {""attribution_scope"": ""referenced_report"", ""match_level"": ""behavior_not_observed"", ""observed_evidence"": ""required supporting telemetry was not observed"", ""report_evidence"": ""The campaign places scripts in a startup location to maintain persistence."", ""type"": ""persistence""}, {""attribution_scope"": ""referenced_report"", ""match_level"": ""behavior_partially_observed"", ""observed_evidence"": ""non-harness command or process observed without a report-specific process indicator"", ""report_evidence"": ""Downloaded executable and script payloads are run after installation."", ""type"": ""process_execution""}, {""attribution_scope"": ""referenced_report"", ""match_level"": ""behavior_not_observed"", ""observed_evidence"": ""required supporting telemetry was not observed"", ""report_evidence"": ""The payload collects host, browser, application, and financial information."", ""type"": ""sensitive_data_access""}]"	inconclusive	behavior_not_observed;behavior_partially_observed	low	yes	Confirm whether the reported command/process/file/network behavior occurred.	External IOC extraction=derived_structured_url;structured; IOC attribution=record_attached; behavior extraction=curated_reference_behavior; behavior attribution=referenced_report; version=exact; reported trigger=install (high); observed trigger=install; trigger comparison=match; IOC result=inconclusive; behavior result=behavior_not_observed;behavior_partially_observed. Low-confidence reasons: record-attached IOC applicability to this exact execution is not independently proven; one or more IOC types are only partially observable in this dataset; reported behavior is only partially observed, absent, or semantically unobservable.	[]	"[""443"", ""80""]"	[]	"[""StreamTrans"", ""clear"", ""filetop-bpfcc"", ""opensnoop-bpfcc"", ""pgrep"", ""pip"", ""sqldb:c~lite"", ""strace"", ""systemd-oomd"", ""tcpstates-bpfcc""]"	"[""StreamTrans"", ""clear"", ""filetop-bpfcc"", ""opensnoop-bpfcc"", ""pgrep"", ""sqldb:c~lite"", ""strace"", ""systemd-oomd"", ""tcpstates-bpfcc""]"	"[""brk"", ""chmod"", ""close"", ""connect"", ""exit_group"", ""fcntl"", ""fstat"", ""getcwd"", ""getdents64"", ""getpid"", ""getrandom"", ""ioctl"", ""listxattr"", ""lseek"", ""mkdir"", ""mmap"", ""munmap"", ""newfstatat"", ""openat"", ""pipe2"", ""read"", ""rename"", ""rmdir"", ""rt_sigaction"", ""rt_sigprocmask"", ""sendfile"", ""socket"", ""uname"", ""unlinkat"", ""utimensat"", ""vfork"", ""wait4"", ""write""]"	"[""fstat -> ioctl -> lseek"", ""fstat -> ioctl -> lseek -> no-error -> no-fd"", ""ioctl -> lseek -> lseek"", ""lseek -> fstat -> read -> no-error -> no-fd"", ""newfstatat -> newfstatat -> newfstatat"", ""newfstatat -> newfstatat -> newfstatat -> no-error -> no-fd"", ""openat -> fstat -> ioctl"", ""openat -> fstat -> ioctl -> no-error -> no-fd"", ""read -> read -> close"", ""read -> read -> close -> no-error -> no-fd""]"	"[""ETC_DIR"", ""HOME_DIR"", ""OTHER_DIR"", ""TMP_DIR""]"					pending
bd22bffaa90d6471	qut	pyscrapy-0.3.0.tar.gz	pypi	pyscrapy	0.3.0	backstabbers	backstabbers:pypi:pyscrapy:row-283	https://blog.csdn.net/mseaspring/article/details/118316254	0.3.0	exact	behavior_event	install	The structured source labels the package trigger as install.	https://blog.csdn.net/mseaspring/article/details/118316254	high	install	"{""install"": {""package_file"": ""pyscrapy-0.3.0.tar.gz"", ""source"": ""QUT-DV25_Install_Traces""}}"	match	0	[]	2	"[{""attribution_scope"": ""package_row_or_reference"", ""match_level"": ""behavior_not_observed"", ""observed_evidence"": ""required supporting telemetry was not observed"", ""report_evidence"": ""The structured source objective is dropper."", ""type"": ""payload_download""}, {""attribution_scope"": ""package_row_or_reference"", ""match_level"": ""behavior_partially_observed"", ""observed_evidence"": ""non-harness command or process observed without a report-specific process indicator"", ""report_evidence"": ""The structured source objective is dropper."", ""type"": ""process_execution""}]"	no_concrete_ioc	behavior_not_observed;behavior_partially_observed	low	yes	Confirm whether the reported command/process/file/network behavior occurred.	External IOC extraction=none; IOC attribution=unknown; behavior extraction=structured_objective; behavior attribution=package_row_or_reference; version=exact; reported trigger=install (high); observed trigger=install; trigger comparison=match; IOC result=no_concrete_ioc; behavior result=behavior_not_observed;behavior_partially_observed. Low-confidence reasons: reported behavior is only partially observed, absent, or semantically unobservable.	[]	"[""443""]"	[]	"[""BgIOThr~ool"", ""StreamTrans"", ""clear"", ""filetop-bpfcc"", ""opensnoop-bpfcc"", ""pgrep"", ""pip"", ""sqldb:c~lite"", ""systemd-oomd""]"	"[""BgIOThr~ool"", ""StreamTrans"", ""clear"", ""filetop-bpfcc"", ""opensnoop-bpfcc"", ""pgrep"", ""sqldb:c~lite"", ""systemd-oomd""]"	"[""exit_group"", ""munmap""]"	"[""munmap -> munmap -> exit_group""]"	"[""ETC_DIR"", ""HOME_DIR"", ""OTHER_DIR"", ""ROOT_DIR"", ""TMP_DIR""]"					pending
30944bcebc55b061	qut	pystallerer-1.0.0.tar.gz	pypi	pystallerer	1.0.0	malicious-packages-info	MAL-2023-8585	https://medium.com/checkmarx-security/attacker-hidden-in-plain-sight-for-nearly-six-months-targeting-python-developers-3712f0f107e0;https://checkmarx.com/blog/attacker-hidden-in-plain-sight-for-nearly-six-months-targeting-python-developers/;https://security.snyk.io/vuln/SNYK-PYTHON-PYSTALLERER-6069641	1.0.0	exact	both	install	The report states that malicious code embedded in setup.py executes when the referenced packages are installed. Location: Key Points and campaign overview.	https://medium.com/checkmarx-security/attacker-hidden-in-plain-sight-for-nearly-six-months-targeting-python-developers-3712f0f107e0	high	install	"{""install"": {""package_file"": ""pystallerer-1.0.0.tar.gz"", ""source"": ""QUT-DV25_Install_Traces""}}"	match	27	"[{""attribution_scope"": ""record_attached"", ""candidate_id"": ""5cf55f092e8d4037"", ""match_level"": ""unmatched"", ""observed_field"": """", ""observed_value"": """", ""telemetry_capability"": ""observable"", ""type"": ""endpoint"", ""value"": ""51.178.25.148:8081""}, {""attribution_scope"": ""record_attached"", ""candidate_id"": ""5cf55f092e8d4037"", ""match_level"": ""unmatched"", ""observed_field"": """", ""observed_value"": """", ""telemetry_capability"": ""observable"", ""type"": ""endpoint"", ""value"": ""51.178.25.148:8081""}, {""attribution_scope"": ""record_attached"", ""candidate_id"": ""5cf55f092e8d4037"", ""match_level"": ""unmatched"", ""observed_field"": """", ""observed_value"": """", ""telemetry_capability"": ""observable"", ""type"": ""endpoint"", ""value"": ""51.178.25.148:8081""}, {""attribution_scope"": ""record_attached"", ""candidate_id"": ""5cf55f092e8d4037"", ""match_level"": ""unmatched"", ""observed_field"": """", ""observed_value"": """", ""telemetry_capability"": ""observable"", ""type"": ""endpoint"", ""value"": ""51.178.25.148:8081""}, {""attribution_scope"": ""record_attached"", ""candidate_id"": ""5cf55f092e8d4037"", ""match_level"": ""unmatched"", ""observed_field"": """", ""observed_value"": """", ""telemetry_capability"": ""observable"", ""type"": ""endpoint"", ""value"": ""51.178.25.148:8081""}, {""attribution_scope"": ""record_attached"", ""candidate_id"": ""5cf55f092e8d4037"", ""match_level"": ""unmatched"", ""observed_field"": """", ""observed_value"": """", ""telemetry_capability"": ""observable"", ""type"": ""endpoint"", ""value"": ""51.178.25.148:8081""}, {""attribution_scope"": ""record_attached"", ""candidate_id"": ""5cf55f092e8d4037"", ""match_level"": ""unmatched"", ""observed_field"": """", ""observed_value"": """", ""telemetry_capability"": ""observable"", ""type"": ""endpoint"", ""value"": ""51.178.25.148:8081""}, {""attribution_scope"": ""record_attached"", ""candidate_id"": ""5cf55f092e8d4037"", ""match_level"": ""unmatched"", ""observed_field"": """", ""observed_value"": """", ""telemetry_capability"": ""observable"", ""type"": ""endpoint"", ""value"": ""51.178.25.148:8081""}, {""attribution_scope"": ""record_attached"", ""candidate_id"": ""5cf55f092e8d4037"", ""match_level"": ""unmatched"", ""observed_field"": """", ""observed_value"": """", ""telemetry_capability"": ""observable"", ""type"": ""endpoint"", ""value"": ""51.178.25.148:8081""}, {""attribution_scope"": ""record_attached"", ""candidate_id"": ""5cf55f092e8d4037"", ""match_level"": ""unmatched"", ""observed_field"": """", ""observed_value"": """", ""telemetry_capability"": ""observable"", ""type"": ""endpoint"", ""value"": ""51.178.25.148:8081""}, {""attribution_scope"": ""record_attached"", ""candidate_id"": ""4a789a61274c679c"", ""match_level"": ""unmatched"", ""observed_field"": """", ""observed_value"": """", ""telemetry_capability"": ""observable"", ""type"": ""ip"", ""value"": ""51.178.25.148""}, {""attribution_scope"": ""record_attached"", ""candidate_id"": ""0352e12a187dbd8a"", ""match_level"": ""unobservable"", ""observed_field"": ""domain_not_retained"", ""observed_value"": ""51.178.25.148"", ""telemetry_capability"": ""unobservable"", ""type"": ""url"", ""value"": ""http://51.178.25.148:8081/dl/gamesdk""}, {""attribution_scope"": ""record_attached"", ""candidate_id"": ""831ceefcbcf5a460"", ""match_level"": ""unobservable"", ""observed_field"": ""domain_not_retained"", ""observed_value"": ""51.178.25.148"", ""telemetry_capability"": ""unobservable"", ""type"": ""url"", ""value"": ""http://51.178.25.148:8081/dl/runtime""}, {""attribution_scope"": ""record_attached"", ""candidate_id"": ""ad7b89c9f40344fb"", ""match_level"": ""unobservable"", ""observed_field"": ""domain_not_retained"", ""observed_value"": ""51.178.25.148"", ""telemetry_capability"": ""unobservable"", ""type"": ""url"", ""value"": ""http://51.178.25.148:8081/dl/sys86""}, {""attribution_scope"": ""record_attached"", ""candidate_id"": ""eacb914edc0b0831"", ""match_level"": ""unobservable"", ""observed_field"": ""domain_not_retained"", ""observed_value"": ""51.178.25.148"", ""telemetry_capability"": ""unobservable"", ""type"": ""url"", ""value"": ""http://51.178.25.148:8081/dl/system""}, {""attribution_scope"": ""record_attached"", ""candidate_id"": ""7a984679664ab22a"", ""match_level"": ""unobservable"", ""observed_field"": ""domain_not_retained"", ""observed_value"": ""51.178.25.148"", ""telemetry_capability"": ""unobservable"", ""type"": ""url"", ""value"": ""http://51.178.25.148:8081/dl/uwu""}, {""attribution_scope"": ""record_attached"", ""candidate_id"": ""93e985dae0d38fbb"", ""match_level"": ""unobservable"", ""observed_field"": ""domain_not_retained"", ""observed_value"": ""51.178.25.148"", ""telemetry_capability"": ""unobservable"", ""type"": ""url"", ""value"": ""http://51.178.25.148:8081/gethw""}, {""attribution_scope"": ""record_attached"", ""candidate_id"": ""5c69691654006858"", ""match_level"": ""unobservable"", ""observed_field"": ""domain_not_retained"", ""observed_value"": ""51.178.25.148"", ""telemetry_capability"": ""unobservable"", ""type"": ""url"", ""value"": ""http://51.178.25.148:8081/getip""}, {""attribution_scope"": ""record_attached"", ""candidate_id"": ""38824437551171cd"", ""match_level"": ""unobservable"", ""observed_field"": ""domain_not_retained"", ""observed_value"": ""51.178.25.148"", ""telemetry_capability"": ""unobservable"", ""type"": ""url"", ""value"": ""http://51.178.25.148:8081/rooter""}, {""attribution_scope"": ""record_attached"", ""candidate_id"": ""aff84bd5b06ce7ac"", ""match_level"": ""unobservable"", ""observed_field"": ""domain_not_retained"", ""observed_value"": ""51.178.25.148"", ""telemetry_capability"": ""unobservable"", ""type"": ""url"", ""value"": ""http://51.178.25.148:8081/upload""}, {""attribution_scope"": ""record_attached"", ""candidate_id"": ""651ca3ba9b327be6"", ""match_level"": ""unobservable"", ""observed_field"": ""domain_not_retained"", ""observed_value"": ""51.178.25.148"", ""telemetry_capability"": ""unobservable"", ""type"": ""url"", ""value"": ""http://51.178.25.148:8081/uploader""}, {""attribution_scope"": ""record_attached"", ""candidate_id"": ""8485f39fbbf4f9ad"", ""match_level"": ""unobservable"", ""observed_field"": ""domain_not_retained"", ""observed_value"": ""canary.discord.com"", ""telemetry_capability"": ""unobservable"", ""type"": ""url"", ""value"": ""https://canary.discord.com/api/webhooks/1152648911371120681/JlL5FnwmY6nP6RaZxmQ7NI9MGR6HARmAekaPqPDdVTq9K3RJ68Lcd7cz16l9u6eZH9c3""}, {""attribution_scope"": ""record_attached"", ""candidate_id"": ""7a929e660c3592e8"", ""match_level"": ""unobservable"", ""observed_field"": ""domain_not_retained"", ""observed_value"": ""canary.discord.com"", ""telemetry_capability"": ""unobservable"", ""type"": ""url"", ""value"": ""https://canary.discord.com/api/webhooks/1152716297474424913/z6-hvrQNeyL0m1Mm34JLYj1VVB67sVEXogqJzGCkxYgMFCgCWhQaR07ruMBck1dJAi9g""}, {""attribution_scope"": ""record_attached"", ""candidate_id"": ""2b897971f048b18a"", ""match_level"": ""unobservable"", ""observed_field"": ""domain_not_retained"", ""observed_value"": ""canary.discord.com"", ""telemetry_capability"": ""unobservable"", ""type"": ""url"", ""value"": ""https://canary.discord.com/api/webhooks/1153431050517762059/MAkfrB4n1Gz6qe7W8ffWTZF92yfN3D_FWPFFaK_FBgDQWB1ZYfbKHa61X_8L6GK175r0""}, {""attribution_scope"": ""record_attached"", ""candidate_id"": ""33952ce9070acecc"", ""match_level"": ""unobservable"", ""observed_field"": ""domain_not_retained"", ""observed_value"": ""canary.discord.com"", ""telemetry_capability"": ""unobservable"", ""type"": ""url"", ""value"": ""https://canary.discord.com/api/webhooks/1155235432406196334/3eFtMXnG2laJjInzO_kAzLbW6ebMgbrrwmAcRtZyOfqnyCh-twTT9pSumcKr5QJvbGEZ""}, {""attribution_scope"": ""record_attached"", ""candidate_id"": ""abcad1d5d104b8ce"", ""match_level"": ""unobservable"", ""observed_field"": ""domain_not_retained"", ""observed_value"": ""discord.com"", ""telemetry_capability"": ""unobservable"", ""type"": ""url"", ""value"": ""https://discord.com/api/webhooks/1103033150558457876/22oUF1rkDTdxz-iq-2EOR4aVXwDr5vFIeE9zWlitIbYSG2E3XhF8KQIzuo1uXy_bOcos""}, {""attribution_scope"": ""record_attached"", ""candidate_id"": ""605c77a33aecc19f"", ""match_level"": ""unobservable"", ""observed_field"": ""domain_not_retained"", ""observed_value"": ""pastebin.com"", ""telemetry_capability"": ""unobservable"", ""type"": ""url"", ""value"": ""https://pastebin.com/raw/TwHdexDC""}]"	5	"[{""attribution_scope"": ""referenced_report"", ""match_level"": ""behavior_not_observed"", ""observed_evidence"": ""required supporting telemetry was not observed"", ""report_evidence"": ""Collected information is uploaded to attacker-controlled endpoints."", ""type"": ""exfiltration""}, {""attribution_scope"": ""referenced_report"", ""match_level"": ""behavior_not_observed"", ""observed_evidence"": ""required supporting telemetry was not observed"", ""report_evidence"": ""The setup.py payload downloads additional executable content."", ""type"": ""payload_download""}, {""attribution_scope"": ""referenced_report"", ""match_level"": ""behavior_not_observed"", ""observed_evidence"": ""required supporting telemetry was not observed"", ""report_evidence"": ""The campaign places scripts in a startup location to maintain persistence."", ""type"": ""persistence""}, {""attribution_scope"": ""referenced_report"", ""match_level"": ""behavior_partially_observed"", ""observed_evidence"": ""non-harness command or process observed without a report-specific process indicator"", ""report_evidence"": ""Downloaded executable and script payloads are run after installation."", ""type"": ""process_execution""}, {""attribution_scope"": ""referenced_report"", ""match_level"": ""behavior_not_observed"", ""observed_evidence"": ""required supporting telemetry was not observed"", ""report_evidence"": ""The payload collects host, browser, application, and financial information."", ""type"": ""sensitive_data_access""}]"	inconclusive	behavior_not_observed;behavior_partially_observed	low	yes	Confirm whether the reported command/process/file/network behavior occurred.	External IOC extraction=derived_structured_url;structured; IOC attribution=record_attached; behavior extraction=curated_reference_behavior; behavior attribution=referenced_report; version=exact; reported trigger=install (high); observed trigger=install; trigger comparison=match; IOC result=inconclusive; behavior result=behavior_not_observed;behavior_partially_observed. Low-confidence reasons: record-attached IOC applicability to this exact execution is not independently proven; one or more IOC types are only partially observable in this dataset; reported behavior is only partially observed, absent, or semantically unobservable.	[]	"[""443""]"	[]	"[""StreamTrans"", ""filetop-bpfcc"", ""gnome-system-mo"", ""opensnoop-bpfcc"", ""pgrep"", ""pip"", ""pool-tracker-mi"", ""python"", ""strace"", ""tcpstates-bpfcc"", ""tracker-miner-f""]"	"[""StreamTrans"", ""filetop-bpfcc"", ""gnome-system-mo"", ""opensnoop-bpfcc"", ""pgrep"", ""pool-tracker-mi"", ""strace"", ""tcpstates-bpfcc"", ""tracker-miner-f""]"	"[""brk"", ""close"", ""exit_group"", ""fcntl"", ""fstat"", ""futex"", ""getdents64"", ""ioctl"", ""lseek"", ""mmap"", ""munmap"", ""newfstatat"", ""openat"", ""poll"", ""read"", ""restart_syscall"", ""rmdir"", ""rt_sigaction"", ""uname"", ""unlinkat"", ""write""]"	"[""fstat -> fcntl -> fstat"", ""fstat -> fcntl -> fstat -> no-error -> no-fd"", ""newfstatat -> newfstatat -> newfstatat"", ""newfstatat -> newfstatat -> newfstatat -> no-error -> no-fd"", ""newfstatat -> openat -> fstat"", ""newfstatat -> openat -> fstat -> no-error -> no-fd"", ""openat -> fstat -> fcntl"", ""openat -> fstat -> fcntl -> no-error -> no-fd"", ""read -> read -> read"", ""read -> read -> read -> no-error -> no-fd""]"	"[""ETC_DIR"", ""HOME_DIR"", ""OTHER_DIR"", ""ROOT_DIR"", ""TMP_DIR""]"					pending
e5f58550cb8e2667	qut	pytasler-1.0.1.tar.gz	pypi	pytasler	1.0.1	malicious-packages-info	MAL-2023-8588	https://medium.com/checkmarx-security/attacker-hidden-in-plain-sight-for-nearly-six-months-targeting-python-developers-3712f0f107e0;https://checkmarx.com/blog/attacker-hidden-in-plain-sight-for-nearly-six-months-targeting-python-developers/;https://security.snyk.io/vuln/SNYK-PYTHON-PYTASLER-6069630	1.0.0;1.0.1	exact	both	install	The report states that malicious code embedded in setup.py executes when the referenced packages are installed. Location: Key Points and campaign overview.	https://medium.com/checkmarx-security/attacker-hidden-in-plain-sight-for-nearly-six-months-targeting-python-developers-3712f0f107e0	high	install	"{""install"": {""package_file"": ""pytasler-1.0.1.tar.gz"", ""source"": ""QUT-DV25_Install_Traces""}}"	match	27	"[{""attribution_scope"": ""record_attached"", ""candidate_id"": ""6b3de87f24ed6e74"", ""match_level"": ""unmatched"", ""observed_field"": """", ""observed_value"": """", ""telemetry_capability"": ""observable"", ""type"": ""endpoint"", ""value"": ""51.178.25.148:8081""}, {""attribution_scope"": ""record_attached"", ""candidate_id"": ""6b3de87f24ed6e74"", ""match_level"": ""unmatched"", ""observed_field"": """", ""observed_value"": """", ""telemetry_capability"": ""observable"", ""type"": ""endpoint"", ""value"": ""51.178.25.148:8081""}, {""attribution_scope"": ""record_attached"", ""candidate_id"": ""6b3de87f24ed6e74"", ""match_level"": ""unmatched"", ""observed_field"": """", ""observed_value"": """", ""telemetry_capability"": ""observable"", ""type"": ""endpoint"", ""value"": ""51.178.25.148:8081""}, {""attribution_scope"": ""record_attached"", ""candidate_id"": ""6b3de87f24ed6e74"", ""match_level"": ""unmatched"", ""observed_field"": """", ""observed_value"": """", ""telemetry_capability"": ""observable"", ""type"": ""endpoint"", ""value"": ""51.178.25.148:8081""}, {""attribution_scope"": ""record_attached"", ""candidate_id"": ""6b3de87f24ed6e74"", ""match_level"": ""unmatched"", ""observed_field"": """", ""observed_value"": """", ""telemetry_capability"": ""observable"", ""type"": ""endpoint"", ""value"": ""51.178.25.148:8081""}, {""attribution_scope"": ""record_attached"", ""candidate_id"": ""6b3de87f24ed6e74"", ""match_level"": ""unmatched"", ""observed_field"": """", ""observed_value"": """", ""telemetry_capability"": ""observable"", ""type"": ""endpoint"", ""value"": ""51.178.25.148:8081""}, {""attribution_scope"": ""record_attached"", ""candidate_id"": ""6b3de87f24ed6e74"", ""match_level"": ""unmatched"", ""observed_field"": """", ""observed_value"": """", ""telemetry_capability"": ""observable"", ""type"": ""endpoint"", ""value"": ""51.178.25.148:8081""}, {""attribution_scope"": ""record_attached"", ""candidate_id"": ""6b3de87f24ed6e74"", ""match_level"": ""unmatched"", ""observed_field"": """", ""observed_value"": """", ""telemetry_capability"": ""observable"", ""type"": ""endpoint"", ""value"": ""51.178.25.148:8081""}, {""attribution_scope"": ""record_attached"", ""candidate_id"": ""6b3de87f24ed6e74"", ""match_level"": ""unmatched"", ""observed_field"": """", ""observed_value"": """", ""telemetry_capability"": ""observable"", ""type"": ""endpoint"", ""value"": ""51.178.25.148:8081""}, {""attribution_scope"": ""record_attached"", ""candidate_id"": ""6b3de87f24ed6e74"", ""match_level"": ""unmatched"", ""observed_field"": """", ""observed_value"": """", ""telemetry_capability"": ""observable"", ""type"": ""endpoint"", ""value"": ""51.178.25.148:8081""}, {""attribution_scope"": ""record_attached"", ""candidate_id"": ""f128ad3d8836dbfd"", ""match_level"": ""unmatched"", ""observed_field"": """", ""observed_value"": """", ""telemetry_capability"": ""observable"", ""type"": ""ip"", ""value"": ""51.178.25.148""}, {""attribution_scope"": ""record_attached"", ""candidate_id"": ""35c67c022e79a11f"", ""match_level"": ""unobservable"", ""observed_field"": ""domain_not_retained"", ""observed_value"": ""51.178.25.148"", ""telemetry_capability"": ""unobservable"", ""type"": ""url"", ""value"": ""http://51.178.25.148:8081/dl/gamesdk""}, {""attribution_scope"": ""record_attached"", ""candidate_id"": ""ac347d00dc5db87a"", ""match_level"": ""unobservable"", ""observed_field"": ""domain_not_retained"", ""observed_value"": ""51.178.25.148"", ""telemetry_capability"": ""unobservable"", ""type"": ""url"", ""value"": ""http://51.178.25.148:8081/dl/runtime""}, {""attribution_scope"": ""record_attached"", ""candidate_id"": ""b7914b471b175266"", ""match_level"": ""unobservable"", ""observed_field"": ""domain_not_retained"", ""observed_value"": ""51.178.25.148"", ""telemetry_capability"": ""unobservable"", ""type"": ""url"", ""value"": ""http://51.178.25.148:8081/dl/sys86""}, {""attribution_scope"": ""record_attached"", ""candidate_id"": ""9f4923b72cb1c034"", ""match_level"": ""unobservable"", ""observed_field"": ""domain_not_retained"", ""observed_value"": ""51.178.25.148"", ""telemetry_capability"": ""unobservable"", ""type"": ""url"", ""value"": ""http://51.178.25.148:8081/dl/system""}, {""attribution_scope"": ""record_attached"", ""candidate_id"": ""64c3cd00627f15f6"", ""match_level"": ""unobservable"", ""observed_field"": ""domain_not_retained"", ""observed_value"": ""51.178.25.148"", ""telemetry_capability"": ""unobservable"", ""type"": ""url"", ""value"": ""http://51.178.25.148:8081/dl/uwu""}, {""attribution_scope"": ""record_attached"", ""candidate_id"": ""a817751f700e1244"", ""match_level"": ""unobservable"", ""observed_field"": ""domain_not_retained"", ""observed_value"": ""51.178.25.148"", ""telemetry_capability"": ""unobservable"", ""type"": ""url"", ""value"": ""http://51.178.25.148:8081/gethw""}, {""attribution_scope"": ""record_attached"", ""candidate_id"": ""74d80327ccfeb3db"", ""match_level"": ""unobservable"", ""observed_field"": ""domain_not_retained"", ""observed_value"": ""51.178.25.148"", ""telemetry_capability"": ""unobservable"", ""type"": ""url"", ""value"": ""http://51.178.25.148:8081/getip""}, {""attribution_scope"": ""record_attached"", ""candidate_id"": ""5b2c7bdc7d4fe0aa"", ""match_level"": ""unobservable"", ""observed_field"": ""domain_not_retained"", ""observed_value"": ""51.178.25.148"", ""telemetry_capability"": ""unobservable"", ""type"": ""url"", ""value"": ""http://51.178.25.148:8081/rooter""}, {""attribution_scope"": ""record_attached"", ""candidate_id"": ""85b65bf668cb1a03"", ""match_level"": ""unobservable"", ""observed_field"": ""domain_not_retained"", ""observed_value"": ""51.178.25.148"", ""telemetry_capability"": ""unobservable"", ""type"": ""url"", ""value"": ""http://51.178.25.148:8081/upload""}, {""attribution_scope"": ""record_attached"", ""candidate_id"": ""e5376cc94217d2c5"", ""match_level"": ""unobservable"", ""observed_field"": ""domain_not_retained"", ""observed_value"": ""51.178.25.148"", ""telemetry_capability"": ""unobservable"", ""type"": ""url"", ""value"": ""http://51.178.25.148:8081/uploader""}, {""attribution_scope"": ""record_attached"", ""candidate_id"": ""1a59f1bfd52b2941"", ""match_level"": ""unobservable"", ""observed_field"": ""domain_not_retained"", ""observed_value"": ""canary.discord.com"", ""telemetry_capability"": ""unobservable"", ""type"": ""url"", ""value"": ""https://canary.discord.com/api/webhooks/1152648911371120681/JlL5FnwmY6nP6RaZxmQ7NI9MGR6HARmAekaPqPDdVTq9K3RJ68Lcd7cz16l9u6eZH9c3""}, {""attribution_scope"": ""record_attached"", ""candidate_id"": ""2c345d4303a59179"", ""match_level"": ""unobservable"", ""observed_field"": ""domain_not_retained"", ""observed_value"": ""canary.discord.com"", ""telemetry_capability"": ""unobservable"", ""type"": ""url"", ""value"": ""https://canary.discord.com/api/webhooks/1152716297474424913/z6-hvrQNeyL0m1Mm34JLYj1VVB67sVEXogqJzGCkxYgMFCgCWhQaR07ruMBck1dJAi9g""}, {""attribution_scope"": ""record_attached"", ""candidate_id"": ""8b2d780464afbeea"", ""match_level"": ""unobservable"", ""observed_field"": ""domain_not_retained"", ""observed_value"": ""canary.discord.com"", ""telemetry_capability"": ""unobservable"", ""type"": ""url"", ""value"": ""https://canary.discord.com/api/webhooks/1153431050517762059/MAkfrB4n1Gz6qe7W8ffWTZF92yfN3D_FWPFFaK_FBgDQWB1ZYfbKHa61X_8L6GK175r0""}, {""attribution_scope"": ""record_attached"", ""candidate_id"": ""d5aa6d9afed20c27"", ""match_level"": ""unobservable"", ""observed_field"": ""domain_not_retained"", ""observed_value"": ""canary.discord.com"", ""telemetry_capability"": ""unobservable"", ""type"": ""url"", ""value"": ""https://canary.discord.com/api/webhooks/1155235432406196334/3eFtMXnG2laJjInzO_kAzLbW6ebMgbrrwmAcRtZyOfqnyCh-twTT9pSumcKr5QJvbGEZ""}, {""attribution_scope"": ""record_attached"", ""candidate_id"": ""bbcb9b49d3100617"", ""match_level"": ""unobservable"", ""observed_field"": ""domain_not_retained"", ""observed_value"": ""discord.com"", ""telemetry_capability"": ""unobservable"", ""type"": ""url"", ""value"": ""https://discord.com/api/webhooks/1103033150558457876/22oUF1rkDTdxz-iq-2EOR4aVXwDr5vFIeE9zWlitIbYSG2E3XhF8KQIzuo1uXy_bOcos""}, {""attribution_scope"": ""record_attached"", ""candidate_id"": ""77dd83e06dbaa1f9"", ""match_level"": ""unobservable"", ""observed_field"": ""domain_not_retained"", ""observed_value"": ""pastebin.com"", ""telemetry_capability"": ""unobservable"", ""type"": ""url"", ""value"": ""https://pastebin.com/raw/TwHdexDC""}]"	5	"[{""attribution_scope"": ""referenced_report"", ""match_level"": ""behavior_not_observed"", ""observed_evidence"": ""required supporting telemetry was not observed"", ""report_evidence"": ""Collected information is uploaded to attacker-controlled endpoints."", ""type"": ""exfiltration""}, {""attribution_scope"": ""referenced_report"", ""match_level"": ""behavior_not_observed"", ""observed_evidence"": ""required supporting telemetry was not observed"", ""report_evidence"": ""The setup.py payload downloads additional executable content."", ""type"": ""payload_download""}, {""attribution_scope"": ""referenced_report"", ""match_level"": ""behavior_not_observed"", ""observed_evidence"": ""required supporting telemetry was not observed"", ""report_evidence"": ""The campaign places scripts in a startup location to maintain persistence."", ""type"": ""persistence""}, {""attribution_scope"": ""referenced_report"", ""match_level"": ""behavior_partially_observed"", ""observed_evidence"": ""non-harness command or process observed without a report-specific process indicator"", ""report_evidence"": ""Downloaded executable and script payloads are run after installation."", ""type"": ""process_execution""}, {""attribution_scope"": ""referenced_report"", ""match_level"": ""behavior_not_observed"", ""observed_evidence"": ""required supporting telemetry was not observed"", ""report_evidence"": ""The payload collects host, browser, application, and financial information."", ""type"": ""sensitive_data_access""}]"	inconclusive	behavior_not_observed;behavior_partially_observed	low	yes	Confirm whether the reported command/process/file/network behavior occurred.	External IOC extraction=derived_structured_url;structured; IOC attribution=record_attached; behavior extraction=curated_reference_behavior; behavior attribution=referenced_report; version=exact; reported trigger=install (high); observed trigger=install; trigger comparison=match; IOC result=inconclusive; behavior result=behavior_not_observed;behavior_partially_observed. Low-confidence reasons: record-attached IOC applicability to this exact execution is not independently proven; one or more IOC types are only partially observable in this dataset; reported behavior is only partially observed, absent, or semantically unobservable.	[]	[]	[]	"[""StreamTrans"", ""filetop-bpfcc"", ""gnome-system-mo"", ""opensnoop-bpfcc"", ""pgrep"", ""pip"", ""pool-tracker-mi"", ""single"", ""sqldb:c~lite"", ""strace"", ""tracker-miner-f""]"	"[""StreamTrans"", ""filetop-bpfcc"", ""gnome-system-mo"", ""opensnoop-bpfcc"", ""pgrep"", ""pool-tracker-mi"", ""single"", ""sqldb:c~lite"", ""strace"", ""tracker-miner-f""]"	"[""bind"", ""brk"", ""chmod"", ""close"", ""connect"", ""exit_group"", ""fcntl"", ""fstat"", ""fsync"", ""futex"", ""getcwd"", ""getdents64"", ""geteuid"", ""getpeername"", ""getpid"", ""getrandom"", ""getsockname"", ""getsockopt"", ""ioctl"", ""lseek"", ""mkdir"", ""mmap"", ""mprotect"", ""mremap"", ""munmap"", ""newfstatat"", ""openat"", ""pipe2"", ""poll"", ""read"", ""recvfrom"", ""recvmsg"", ""rename"", ""rmdir"", ""rt_sigaction"", ""rt_sigprocmask"", ""sendmmsg"", ""sendto"", ""setsockopt"", ""socket"", ""umask"", ""uname"", ""unlink"", ""unlinkat"", ""vfork"", ""wait4"", ""write""]"	"[""fstat -> ioctl -> lseek"", ""fstat -> ioctl -> lseek -> error=ENOENT -> no-fd"", ""ioctl -> lseek -> lseek"", ""ioctl -> lseek -> lseek -> no-error -> no-fd"", ""newfstatat -> newfstatat -> newfstatat"", ""newfstatat -> newfstatat -> newfstatat -> no-error -> no-fd"", ""newfstatat -> newfstatat -> openat -> no-error -> no-fd"", ""newfstatat -> openat -> fstat"", ""newfstatat -> openat -> fstat -> no-error -> no-fd"", ""openat -> fstat -> ioctl""]"	"[""ETC_DIR"", ""HOME_DIR"", ""OTHER_DIR"", ""ROOT_DIR"", ""TMP_DIR""]"					pending
251b3dfaf01e7f9d	qut	python-ftp-2.4.tar.gz	pypi	python-ftp	2.4	backstabbers	backstabbers:pypi:python-ftp:row-123	https://github.com/rsc-dev/pypi_malware	2.4	exact	behavior_event	install	The structured source labels the package trigger as install.	https://github.com/rsc-dev/pypi_malware	high	install	"{""install"": {""package_file"": ""python-ftp-2.4.tar.gz"", ""source"": ""QUT-DV25_Install_Traces""}}"	match	0	[]	1	"[{""attribution_scope"": ""package_row_or_reference"", ""match_level"": ""behavior_not_observed"", ""observed_evidence"": ""required supporting telemetry was not observed"", ""report_evidence"": ""The structured source objective is data exfiltration."", ""type"": ""exfiltration""}]"	no_concrete_ioc	behavior_not_observed	low	yes	Confirm whether the reported command/process/file/network behavior occurred.	External IOC extraction=none; IOC attribution=unknown; behavior extraction=structured_objective; behavior attribution=package_row_or_reference; version=exact; reported trigger=install (high); observed trigger=install; trigger comparison=match; IOC result=no_concrete_ioc; behavior result=behavior_not_observed. Low-confidence reasons: reported behavior is only partially observed, absent, or semantically unobservable.	[]	[]	[]	"[""StreamTrans"", ""filetop-bpfcc"", ""gnome-system-mo"", ""opensnoop-bpfcc"", ""pgrep"", ""pip"", ""pool-tracker-mi"", ""single"", ""sqldb:c~lite"", ""strace"", ""tcpstates-bpfcc"", ""tracker-miner-f""]"	"[""StreamTrans"", ""filetop-bpfcc"", ""gnome-system-mo"", ""opensnoop-bpfcc"", ""pgrep"", ""pool-tracker-mi"", ""single"", ""sqldb:c~lite"", ""strace"", ""tcpstates-bpfcc"", ""tracker-miner-f""]"	"[""bind"", ""brk"", ""chown"", ""close"", ""connect"", ""exit_group"", ""fcntl"", ""fstat"", ""futex"", ""getcwd"", ""getdents64"", ""geteuid"", ""getpeername"", ""getpid"", ""getrandom"", ""getsockname"", ""getsockopt"", ""ioctl"", ""lseek"", ""mkdir"", ""mmap"", ""mprotect"", ""mremap"", ""munmap"", ""newfstatat"", ""openat"", ""pipe2"", ""poll"", ""read"", ""recvfrom"", ""recvmsg"", ""rmdir"", ""rt_sigaction"", ""rt_sigprocmask"", ""sendmmsg"", ""sendto"", ""setsockopt"", ""socket"", ""umask"", ""uname"", ""unlink"", ""unlinkat"", ""utimensat"", ""vfork"", ""wait4"", ""write""]"	"[""close -> newfstatat -> newfstatat -> no-error -> no-fd"", ""fstat -> ioctl -> lseek"", ""newfstatat -> newfstatat -> newfstatat"", ""newfstatat -> newfstatat -> newfstatat -> no-error -> no-fd"", ""newfstatat -> newfstatat -> openat"", ""newfstatat -> newfstatat -> openat -> no-error -> no-fd"", ""newfstatat -> openat -> fstat"", ""newfstatat -> openat -> fstat -> no-error -> no-fd"", ""read -> read -> read"", ""read -> read -> read -> no-error -> no-fd""]"	"[""ETC_DIR"", ""HOME_DIR"", ""OTHER_DIR"", ""ROOT_DIR"", ""TMP_DIR""]"					pending
0d8499e2e20c6fe4	qut	python-mongo-0.2.0.tar.gz	pypi	python-mongo	0.2.0	backstabbers	backstabbers:pypi:python-mongo:row-112	https://github.com/rsc-dev/pypi_malware	0.2.0	exact	behavior_event	install	The structured source labels the package trigger as install.	https://github.com/rsc-dev/pypi_malware	high	install	"{""install"": {""package_file"": ""python-mongo-0.2.0.tar.gz"", ""source"": ""QUT-DV25_Install_Traces""}}"	match	0	[]	1	"[{""attribution_scope"": ""package_row_or_reference"", ""match_level"": ""behavior_not_observed"", ""observed_evidence"": ""required supporting telemetry was not observed"", ""report_evidence"": ""The structured source objective is data exfiltration."", ""type"": ""exfiltration""}]"	no_concrete_ioc	behavior_not_observed	low	yes	Confirm whether the reported command/process/file/network behavior occurred.	External IOC extraction=none; IOC attribution=unknown; behavior extraction=structured_objective; behavior attribution=package_row_or_reference; version=exact; reported trigger=install (high); observed trigger=install; trigger comparison=match; IOC result=no_concrete_ioc; behavior result=behavior_not_observed. Low-confidence reasons: reported behavior is only partially observed, absent, or semantically unobservable.	[]	"[""443""]"	[]	"[""StreamTrans"", ""filetop-bpfcc"", ""gnome-system-mo"", ""opensnoop-bpfcc"", ""pgrep"", ""pip"", ""pool-tracker-mi"", ""single"", ""sqldb:c~lite"", ""strace"", ""tcpstates-bpfcc"", ""tracker-miner-f""]"	"[""StreamTrans"", ""filetop-bpfcc"", ""gnome-system-mo"", ""opensnoop-bpfcc"", ""pgrep"", ""pool-tracker-mi"", ""single"", ""sqldb:c~lite"", ""strace"", ""tcpstates-bpfcc"", ""tracker-miner-f""]"	"[""bind"", ""brk"", ""chmod"", ""clone3"", ""close"", ""connect"", ""exit_group"", ""fcntl"", ""fstat"", ""fsync"", ""futex"", ""getcwd"", ""getdents64"", ""getpeername"", ""getpid"", ""getsockname"", ""getsockopt"", ""ioctl"", ""lseek"", ""mkdir"", ""mmap"", ""mprotect"", ""munmap"", ""newfstatat"", ""openat"", ""pipe2"", ""poll"", ""read"", ""recvfrom"", ""recvmsg"", ""rename"", ""rmdir"", ""rt_sigaction"", ""rt_sigprocmask"", ""sendmmsg"", ""sendto"", ""setsockopt"", ""socket"", ""umask"", ""uname"", ""unlinkat"", ""vfork"", ""wait4"", ""write""]"	"[""newfstatat -> newfstatat -> newfstatat"", ""newfstatat -> newfstatat -> newfstatat -> no-error -> no-fd"", ""newfstatat -> openat -> fstat"", ""poll -> read -> read"", ""poll -> read -> read -> no-error -> fd=4"", ""read -> poll -> read"", ""read -> poll -> read -> error=EAGAIN -> no-fd"", ""read -> read -> poll"", ""read -> read -> poll -> no-error -> no-fd"", ""read -> read -> read -> no-error -> no-fd""]"	"[""ETC_DIR"", ""HOME_DIR"", ""OTHER_DIR"", ""ROOT_DIR"", ""TMP_DIR""]"					pending
6827c4e7feb75c95	qut	python-mysql-1.0.0.tar.gz	pypi	python-mysql	1.0.0	backstabbers	backstabbers:pypi:python-mysql:row-111	https://github.com/rsc-dev/pypi_malware	1.0.0	exact	behavior_event	install	The structured source labels the package trigger as install.	https://github.com/rsc-dev/pypi_malware	high	install	"{""install"": {""package_file"": ""python-mysql-1.0.0.tar.gz"", ""source"": ""QUT-DV25_Install_Traces""}}"	match	0	[]	1	"[{""attribution_scope"": ""package_row_or_reference"", ""match_level"": ""behavior_not_observed"", ""observed_evidence"": ""required supporting telemetry was not observed"", ""report_evidence"": ""The structured source objective is data exfiltration."", ""type"": ""exfiltration""}]"	no_concrete_ioc	behavior_not_observed	low	yes	Confirm whether the reported command/process/file/network behavior occurred.	External IOC extraction=none; IOC attribution=unknown; behavior extraction=structured_objective; behavior attribution=package_row_or_reference; version=exact; reported trigger=install (high); observed trigger=install; trigger comparison=match; IOC result=no_concrete_ioc; behavior result=behavior_not_observed. Low-confidence reasons: reported behavior is only partially observed, absent, or semantically unobservable.	[]	"[""443""]"	[]	"[""StreamTrans"", ""filetop-bpfcc"", ""gnome-system-mo"", ""opensnoop-bpfcc"", ""pgrep"", ""pip"", ""pool-tracker-mi"", ""sqldb:c~lite"", ""strace"", ""tcpstates-bpfcc"", ""tracker-miner-f""]"	"[""StreamTrans"", ""filetop-bpfcc"", ""gnome-system-mo"", ""opensnoop-bpfcc"", ""pgrep"", ""pool-tracker-mi"", ""sqldb:c~lite"", ""strace"", ""tcpstates-bpfcc"", ""tracker-miner-f""]"	"[""bind"", ""brk"", ""chmod"", ""close"", ""connect"", ""exit_group"", ""fcntl"", ""fstat"", ""fsync"", ""futex"", ""getdents64"", ""getpeername"", ""getpid"", ""getsockname"", ""getsockopt"", ""ioctl"", ""lseek"", ""mkdir"", ""mmap"", ""mprotect"", ""munmap"", ""newfstatat"", ""openat"", ""poll"", ""read"", ""recvfrom"", ""recvmsg"", ""rename"", ""rmdir"", ""rt_sigaction"", ""sendmmsg"", ""sendto"", ""setsockopt"", ""socket"", ""umask"", ""uname"", ""unlinkat"", ""wait4"", ""write""]"	"[""close -> newfstatat -> openat"", ""close -> newfstatat -> openat -> no-error -> no-fd"", ""lseek -> lseek -> lseek"", ""lseek -> lseek -> lseek -> no-error -> no-fd"", ""newfstatat -> newfstatat -> newfstatat"", ""newfstatat -> newfstatat -> newfstatat -> no-error -> no-fd"", ""newfstatat -> openat -> fstat"", ""newfstatat -> openat -> fstat -> no-error -> no-fd"", ""read -> read -> read"", ""read -> read -> read -> no-error -> no-fd""]"	"[""ETC_DIR"", ""HOME_DIR"", ""OTHER_DIR"", ""ROOT_DIR"", ""TMP_DIR""]"					pending
da581efb34ec4640	qut	python-mysqldb-2.4.tar.gz	pypi	python-mysqldb	2.4	backstabbers	backstabbers:pypi:python-mysqldb:row-124	https://github.com/rsc-dev/pypi_malware	2.4	exact	behavior_event	install	The structured source labels the package trigger as install.	https://github.com/rsc-dev/pypi_malware	high	install	"{""install"": {""package_file"": ""python-mysqldb-2.4.tar.gz"", ""source"": ""QUT-DV25_Install_Traces""}}"	match	0	[]	1	"[{""attribution_scope"": ""package_row_or_reference"", ""match_level"": ""behavior_not_observed"", ""observed_evidence"": ""required supporting telemetry was not observed"", ""report_evidence"": ""The structured source objective is data exfiltration."", ""type"": ""exfiltration""}]"	no_concrete_ioc	behavior_not_observed	low	yes	Confirm whether the reported command/process/file/network behavior occurred.	External IOC extraction=none; IOC attribution=unknown; behavior extraction=structured_objective; behavior attribution=package_row_or_reference; version=exact; reported trigger=install (high); observed trigger=install; trigger comparison=match; IOC result=no_concrete_ioc; behavior result=behavior_not_observed. Low-confidence reasons: reported behavior is only partially observed, absent, or semantically unobservable.	[]	"[""443""]"	[]	"[""StreamTrans"", ""filetop-bpfcc"", ""gnome-system-mo"", ""opensnoop-bpfcc"", ""pgrep"", ""pip"", ""pool-tracker-mi"", ""single"", ""sqldb:c~lite"", ""strace"", ""tcpstates-bpfcc"", ""tracker-miner-f""]"	"[""StreamTrans"", ""filetop-bpfcc"", ""gnome-system-mo"", ""opensnoop-bpfcc"", ""pgrep"", ""pool-tracker-mi"", ""single"", ""sqldb:c~lite"", ""strace"", ""tcpstates-bpfcc"", ""tracker-miner-f""]"	"[""brk"", ""close"", ""exit_group"", ""fcntl"", ""fstat"", ""futex"", ""getdents64"", ""getpeername"", ""getpid"", ""getsockname"", ""getsockopt"", ""ioctl"", ""lseek"", ""mmap"", ""munmap"", ""newfstatat"", ""openat"", ""poll"", ""read"", ""restart_syscall"", ""rmdir"", ""rt_sigaction"", ""setsockopt"", ""uname"", ""unlink"", ""unlinkat"", ""write""]"	"[""newfstatat -> newfstatat -> newfstatat"", ""newfstatat -> newfstatat -> newfstatat -> no-error -> no-fd"", ""newfstatat -> openat -> fstat"", ""newfstatat -> openat -> fstat -> no-error -> no-fd"", ""read -> poll -> read"", ""read -> poll -> read -> error=EAGAIN -> no-fd"", ""read -> read -> poll"", ""read -> read -> poll -> no-error -> no-fd"", ""read -> read -> read"", ""read -> read -> read -> no-error -> no-fd""]"	"[""ETC_DIR"", ""HOME_DIR"", ""OTHER_DIR"", ""ROOT_DIR"", ""TMP_DIR""]"					pending
e99814f308e8675f	qut	python-openssl-0.1.tar.gz	pypi	python-openssl	0.1	backstabbers	backstabbers:pypi:python-openssl:row-114	https://github.com/rsc-dev/pypi_malware	0.1	exact	behavior_event	install	The structured source labels the package trigger as install.	https://github.com/rsc-dev/pypi_malware	high	install	"{""install"": {""package_file"": ""python-openssl-0.1.tar.gz"", ""source"": ""QUT-DV25_Install_Traces""}}"	match	0	[]	1	"[{""attribution_scope"": ""package_row_or_reference"", ""match_level"": ""behavior_not_observed"", ""observed_evidence"": ""required supporting telemetry was not observed"", ""report_evidence"": ""The structured source objective is data exfiltration."", ""type"": ""exfiltration""}]"	no_concrete_ioc	behavior_not_observed	low	yes	Confirm whether the reported command/process/file/network behavior occurred.	External IOC extraction=none; IOC attribution=unknown; behavior extraction=structured_objective; behavior attribution=package_row_or_reference; version=exact; reported trigger=install (high); observed trigger=install; trigger comparison=match; IOC result=no_concrete_ioc; behavior result=behavior_not_observed. Low-confidence reasons: reported behavior is only partially observed, absent, or semantically unobservable.	[]	"[""443""]"	[]	"[""StreamTrans"", ""filetop-bpfcc"", ""gnome-system-mo"", ""opensnoop-bpfcc"", ""pgrep"", ""pip"", ""pool-tracker-mi"", ""sqldb:c~lite"", ""strace"", ""tcpstates-bpfcc"", ""tracker-miner-f""]"	"[""StreamTrans"", ""filetop-bpfcc"", ""gnome-system-mo"", ""opensnoop-bpfcc"", ""pgrep"", ""pool-tracker-mi"", ""sqldb:c~lite"", ""strace"", ""tcpstates-bpfcc"", ""tracker-miner-f""]"	"[""brk"", ""close"", ""exit_group"", ""fcntl"", ""fstat"", ""getdents64"", ""getpid"", ""ioctl"", ""lseek"", ""mmap"", ""munmap"", ""newfstatat"", ""openat"", ""poll"", ""read"", ""restart_syscall"", ""rmdir"", ""rt_sigaction"", ""uname"", ""unlink"", ""unlinkat"", ""write""]"	"[""newfstatat -> newfstatat -> newfstatat"", ""newfstatat -> newfstatat -> newfstatat -> no-error -> no-fd"", ""poll -> read -> read"", ""poll -> read -> read -> no-error -> fd=3"", ""read -> poll -> read"", ""read -> poll -> read -> error=EAGAIN -> no-fd"", ""read -> read -> poll"", ""read -> read -> poll -> no-error -> no-fd"", ""read -> read -> read"", ""read -> read -> read -> no-error -> no-fd""]"	"[""ETC_DIR"", ""HOME_DIR"", ""OTHER_DIR"", ""ROOT_DIR"", ""TMP_DIR""]"					pending
c563561544f004ff	qut	python-sqlite-2.4.tar.gz	pypi	python-sqlite	2.4	backstabbers	backstabbers:pypi:python-sqlite:row-121	https://github.com/rsc-dev/pypi_malware	2.4	exact	behavior_event	install	The structured source labels the package trigger as install.	https://github.com/rsc-dev/pypi_malware	high	install	"{""install"": {""package_file"": ""python-sqlite-2.4.tar.gz"", ""source"": ""QUT-DV25_Install_Traces""}}"	match	0	[]	1	"[{""attribution_scope"": ""package_row_or_reference"", ""match_level"": ""behavior_not_observed"", ""observed_evidence"": ""required supporting telemetry was not observed"", ""report_evidence"": ""The structured source objective is data exfiltration."", ""type"": ""exfiltration""}]"	no_concrete_ioc	behavior_not_observed	low	yes	Confirm whether the reported command/process/file/network behavior occurred.	External IOC extraction=none; IOC attribution=unknown; behavior extraction=structured_objective; behavior attribution=package_row_or_reference; version=exact; reported trigger=install (high); observed trigger=install; trigger comparison=match; IOC result=no_concrete_ioc; behavior result=behavior_not_observed. Low-confidence reasons: reported behavior is only partially observed, absent, or semantically unobservable.	[]	"[""443""]"	[]	"[""StreamTrans"", ""filetop-bpfcc"", ""gnome-system-mo"", ""opensnoop-bpfcc"", ""pgrep"", ""pip"", ""pool-tracker-mi"", ""sqldb:c~lite"", ""strace"", ""tcpstates-bpfcc"", ""tracker-miner-f""]"	"[""StreamTrans"", ""filetop-bpfcc"", ""gnome-system-mo"", ""opensnoop-bpfcc"", ""pgrep"", ""pool-tracker-mi"", ""sqldb:c~lite"", ""strace"", ""tcpstates-bpfcc"", ""tracker-miner-f""]"	"[""close"", ""exit_group"", ""fcntl"", ""fstat"", ""getdents64"", ""getpid"", ""ioctl"", ""lseek"", ""munmap"", ""newfstatat"", ""openat"", ""read"", ""rmdir"", ""rt_sigaction"", ""unlink"", ""unlinkat"", ""write""]"	"[""fcntl -> fstat -> fcntl"", ""fcntl -> fstat -> fcntl -> no-error -> no-fd"", ""fstat -> fcntl -> fstat"", ""fstat -> fcntl -> fstat -> no-error -> no-fd"", ""newfstatat -> newfstatat -> openat"", ""newfstatat -> newfstatat -> openat -> no-error -> no-fd"", ""newfstatat -> openat -> fstat"", ""newfstatat -> openat -> fstat -> no-error -> no-fd"", ""openat -> fstat -> fcntl"", ""openat -> fstat -> fcntl -> no-error -> no-fd""]"	"[""ETC_DIR"", ""HOME_DIR"", ""OTHER_DIR"", ""ROOT_DIR"", ""TMP_DIR""]"					pending
9eb780895d780c07	qut	pythonkafka-1.3.5.tar.gz	pypi	pythonkafka	1.3.5	backstabbers	backstabbers:pypi:pythonkafka:row-125	https://github.com/rsc-dev/pypi_malware	1.3.5	exact	behavior_event	install	The structured source labels the package trigger as install.	https://github.com/rsc-dev/pypi_malware	high	install	"{""install"": {""package_file"": ""pythonkafka-1.3.5.tar.gz"", ""source"": ""QUT-DV25_Install_Traces""}}"	match	0	[]	1	"[{""attribution_scope"": ""package_row_or_reference"", ""match_level"": ""behavior_not_observed"", ""observed_evidence"": ""required supporting telemetry was not observed"", ""report_evidence"": ""The structured source objective is data exfiltration."", ""type"": ""exfiltration""}]"	no_concrete_ioc	behavior_not_observed	low	yes	Confirm whether the reported command/process/file/network behavior occurred.	External IOC extraction=none; IOC attribution=unknown; behavior extraction=structured_objective; behavior attribution=package_row_or_reference; version=exact; reported trigger=install (high); observed trigger=install; trigger comparison=match; IOC result=no_concrete_ioc; behavior result=behavior_not_observed. Low-confidence reasons: reported behavior is only partially observed, absent, or semantically unobservable.	[]	"[""443""]"	[]	"[""StreamTrans"", ""filetop-bpfcc"", ""gnome-system-mo"", ""opensnoop-bpfcc"", ""pgrep"", ""pip"", ""pool-tracker-mi"", ""single"", ""sqldb:c~lite"", ""strace"", ""tcpstates-bpfcc"", ""tracker-miner-f""]"	"[""StreamTrans"", ""filetop-bpfcc"", ""gnome-system-mo"", ""opensnoop-bpfcc"", ""pgrep"", ""pool-tracker-mi"", ""single"", ""sqldb:c~lite"", ""strace"", ""tcpstates-bpfcc"", ""tracker-miner-f""]"	"[""bind"", ""brk"", ""chown"", ""close"", ""connect"", ""exit_group"", ""fcntl"", ""fstat"", ""futex"", ""getcwd"", ""getdents64"", ""geteuid"", ""getpeername"", ""getpid"", ""getrandom"", ""getsockname"", ""getsockopt"", ""ioctl"", ""lseek"", ""mkdir"", ""mmap"", ""mprotect"", ""mremap"", ""munmap"", ""newfstatat"", ""openat"", ""pipe2"", ""poll"", ""read"", ""recvfrom"", ""recvmsg"", ""rmdir"", ""rt_sigaction"", ""rt_sigprocmask"", ""sendmmsg"", ""sendto"", ""setsockopt"", ""socket"", ""umask"", ""uname"", ""unlink"", ""unlinkat"", ""utimensat"", ""vfork"", ""wait4"", ""write""]"	"[""fstat -> ioctl -> lseek"", ""fstat -> ioctl -> lseek -> no-error -> no-fd"", ""newfstatat -> newfstatat -> newfstatat"", ""newfstatat -> newfstatat -> newfstatat -> no-error -> no-fd"", ""newfstatat -> newfstatat -> openat"", ""newfstatat -> newfstatat -> openat -> no-error -> no-fd"", ""newfstatat -> openat -> fstat"", ""newfstatat -> openat -> fstat -> no-error -> no-fd"", ""read -> read -> read"", ""read -> read -> read -> no-error -> no-fd""]"	"[""ETC_DIR"", ""HOME_DIR"", ""OTHER_DIR"", ""ROOT_DIR"", ""TMP_DIR""]"					pending
a041ad85929c305f	qut	pywhool-1.0.0.tar.gz	pypi	pywhool	1.0.0	malicious-packages-info	MAL-2023-8589	https://medium.com/checkmarx-security/attacker-hidden-in-plain-sight-for-nearly-six-months-targeting-python-developers-3712f0f107e0;https://security.snyk.io/vuln/SNYK-PYTHON-PYWHOOL-6069618;https://github.com/DataDog/malicious-software-packages-dataset;https://checkmarx.com/blog/attacker-hidden-in-plain-sight-for-nearly-six-months-targeting-python-developers/	1.0.0	exact	both	install	The report states that malicious code embedded in setup.py executes when the referenced packages are installed. Location: Key Points and campaign overview.	https://medium.com/checkmarx-security/attacker-hidden-in-plain-sight-for-nearly-six-months-targeting-python-developers-3712f0f107e0	high	install	"{""install"": {""package_file"": ""pywhool-1.0.0.tar.gz"", ""source"": ""QUT-DV25_Install_Traces""}}"	match	27	"[{""attribution_scope"": ""record_attached"", ""candidate_id"": ""164c91e81ed04f32"", ""match_level"": ""unmatched"", ""observed_field"": """", ""observed_value"": """", ""telemetry_capability"": ""observable"", ""type"": ""endpoint"", ""value"": ""51.178.25.148:8081""}, {""attribution_scope"": ""record_attached"", ""candidate_id"": ""164c91e81ed04f32"", ""match_level"": ""unmatched"", ""observed_field"": """", ""observed_value"": """", ""telemetry_capability"": ""observable"", ""type"": ""endpoint"", ""value"": ""51.178.25.148:8081""}, {""attribution_scope"": ""record_attached"", ""candidate_id"": ""164c91e81ed04f32"", ""match_level"": ""unmatched"", ""observed_field"": """", ""observed_value"": """", ""telemetry_capability"": ""observable"", ""type"": ""endpoint"", ""value"": ""51.178.25.148:8081""}, {""attribution_scope"": ""record_attached"", ""candidate_id"": ""164c91e81ed04f32"", ""match_level"": ""unmatched"", ""observed_field"": """", ""observed_value"": """", ""telemetry_capability"": ""observable"", ""type"": ""endpoint"", ""value"": ""51.178.25.148:8081""}, {""attribution_scope"": ""record_attached"", ""candidate_id"": ""164c91e81ed04f32"", ""match_level"": ""unmatched"", ""observed_field"": """", ""observed_value"": """", ""telemetry_capability"": ""observable"", ""type"": ""endpoint"", ""value"": ""51.178.25.148:8081""}, {""attribution_scope"": ""record_attached"", ""candidate_id"": ""164c91e81ed04f32"", ""match_level"": ""unmatched"", ""observed_field"": """", ""observed_value"": """", ""telemetry_capability"": ""observable"", ""type"": ""endpoint"", ""value"": ""51.178.25.148:8081""}, {""attribution_scope"": ""record_attached"", ""candidate_id"": ""164c91e81ed04f32"", ""match_level"": ""unmatched"", ""observed_field"": """", ""observed_value"": """", ""telemetry_capability"": ""observable"", ""type"": ""endpoint"", ""value"": ""51.178.25.148:8081""}, {""attribution_scope"": ""record_attached"", ""candidate_id"": ""164c91e81ed04f32"", ""match_level"": ""unmatched"", ""observed_field"": """", ""observed_value"": """", ""telemetry_capability"": ""observable"", ""type"": ""endpoint"", ""value"": ""51.178.25.148:8081""}, {""attribution_scope"": ""record_attached"", ""candidate_id"": ""164c91e81ed04f32"", ""match_level"": ""unmatched"", ""observed_field"": """", ""observed_value"": """", ""telemetry_capability"": ""observable"", ""type"": ""endpoint"", ""value"": ""51.178.25.148:8081""}, {""attribution_scope"": ""record_attached"", ""candidate_id"": ""164c91e81ed04f32"", ""match_level"": ""unmatched"", ""observed_field"": """", ""observed_value"": """", ""telemetry_capability"": ""observable"", ""type"": ""endpoint"", ""value"": ""51.178.25.148:8081""}, {""attribution_scope"": ""record_attached"", ""candidate_id"": ""2fa9657fcf074384"", ""match_level"": ""unmatched"", ""observed_field"": """", ""observed_value"": """", ""telemetry_capability"": ""observable"", ""type"": ""ip"", ""value"": ""51.178.25.148""}, {""attribution_scope"": ""record_attached"", ""candidate_id"": ""eb0b5c354d445848"", ""match_level"": ""unobservable"", ""observed_field"": ""domain_not_retained"", ""observed_value"": ""51.178.25.148"", ""telemetry_capability"": ""unobservable"", ""type"": ""url"", ""value"": ""http://51.178.25.148:8081/dl/gamesdk""}, {""attribution_scope"": ""record_attached"", ""candidate_id"": ""212d5365630e5521"", ""match_level"": ""unobservable"", ""observed_field"": ""domain_not_retained"", ""observed_value"": ""51.178.25.148"", ""telemetry_capability"": ""unobservable"", ""type"": ""url"", ""value"": ""http://51.178.25.148:8081/dl/runtime""}, {""attribution_scope"": ""record_attached"", ""candidate_id"": ""3c6a98fde96fbbd4"", ""match_level"": ""unobservable"", ""observed_field"": ""domain_not_retained"", ""observed_value"": ""51.178.25.148"", ""telemetry_capability"": ""unobservable"", ""type"": ""url"", ""value"": ""http://51.178.25.148:8081/dl/sys86""}, {""attribution_scope"": ""record_attached"", ""candidate_id"": ""20b28b3dcac68af9"", ""match_level"": ""unobservable"", ""observed_field"": ""domain_not_retained"", ""observed_value"": ""51.178.25.148"", ""telemetry_capability"": ""unobservable"", ""type"": ""url"", ""value"": ""http://51.178.25.148:8081/dl/system""}, {""attribution_scope"": ""record_attached"", ""candidate_id"": ""45b50c0e30165dcc"", ""match_level"": ""unobservable"", ""observed_field"": ""domain_not_retained"", ""observed_value"": ""51.178.25.148"", ""telemetry_capability"": ""unobservable"", ""type"": ""url"", ""value"": ""http://51.178.25.148:8081/dl/uwu""}, {""attribution_scope"": ""record_attached"", ""candidate_id"": ""a9327b6567630757"", ""match_level"": ""unobservable"", ""observed_field"": ""domain_not_retained"", ""observed_value"": ""51.178.25.148"", ""telemetry_capability"": ""unobservable"", ""type"": ""url"", ""value"": ""http://51.178.25.148:8081/gethw""}, {""attribution_scope"": ""record_attached"", ""candidate_id"": ""ae3d12c292003248"", ""match_level"": ""unobservable"", ""observed_field"": ""domain_not_retained"", ""observed_value"": ""51.178.25.148"", ""telemetry_capability"": ""unobservable"", ""type"": ""url"", ""value"": ""http://51.178.25.148:8081/getip""}, {""attribution_scope"": ""record_attached"", ""candidate_id"": ""21210f4a7fc70d61"", ""match_level"": ""unobservable"", ""observed_field"": ""domain_not_retained"", ""observed_value"": ""51.178.25.148"", ""telemetry_capability"": ""unobservable"", ""type"": ""url"", ""value"": ""http://51.178.25.148:8081/rooter""}, {""attribution_scope"": ""record_attached"", ""candidate_id"": ""e97dc91226bb0846"", ""match_level"": ""unobservable"", ""observed_field"": ""domain_not_retained"", ""observed_value"": ""51.178.25.148"", ""telemetry_capability"": ""unobservable"", ""type"": ""url"", ""value"": ""http://51.178.25.148:8081/upload""}, {""attribution_scope"": ""record_attached"", ""candidate_id"": ""8d15a45e4d1f3c89"", ""match_level"": ""unobservable"", ""observed_field"": ""domain_not_retained"", ""observed_value"": ""51.178.25.148"", ""telemetry_capability"": ""unobservable"", ""type"": ""url"", ""value"": ""http://51.178.25.148:8081/uploader""}, {""attribution_scope"": ""record_attached"", ""candidate_id"": ""dd37e27d71b85276"", ""match_level"": ""unobservable"", ""observed_field"": ""domain_not_retained"", ""observed_value"": ""canary.discord.com"", ""telemetry_capability"": ""unobservable"", ""type"": ""url"", ""value"": ""https://canary.discord.com/api/webhooks/1152648911371120681/JlL5FnwmY6nP6RaZxmQ7NI9MGR6HARmAekaPqPDdVTq9K3RJ68Lcd7cz16l9u6eZH9c3""}, {""attribution_scope"": ""record_attached"", ""candidate_id"": ""3a655088a4644e4c"", ""match_level"": ""unobservable"", ""observed_field"": ""domain_not_retained"", ""observed_value"": ""canary.discord.com"", ""telemetry_capability"": ""unobservable"", ""type"": ""url"", ""value"": ""https://canary.discord.com/api/webhooks/1152716297474424913/z6-hvrQNeyL0m1Mm34JLYj1VVB67sVEXogqJzGCkxYgMFCgCWhQaR07ruMBck1dJAi9g""}, {""attribution_scope"": ""record_attached"", ""candidate_id"": ""6b2deffc6c21bab4"", ""match_level"": ""unobservable"", ""observed_field"": ""domain_not_retained"", ""observed_value"": ""canary.discord.com"", ""telemetry_capability"": ""unobservable"", ""type"": ""url"", ""value"": ""https://canary.discord.com/api/webhooks/1153431050517762059/MAkfrB4n1Gz6qe7W8ffWTZF92yfN3D_FWPFFaK_FBgDQWB1ZYfbKHa61X_8L6GK175r0""}, {""attribution_scope"": ""record_attached"", ""candidate_id"": ""d2274b20dfec0da7"", ""match_level"": ""unobservable"", ""observed_field"": ""domain_not_retained"", ""observed_value"": ""canary.discord.com"", ""telemetry_capability"": ""unobservable"", ""type"": ""url"", ""value"": ""https://canary.discord.com/api/webhooks/1155235432406196334/3eFtMXnG2laJjInzO_kAzLbW6ebMgbrrwmAcRtZyOfqnyCh-twTT9pSumcKr5QJvbGEZ""}, {""attribution_scope"": ""record_attached"", ""candidate_id"": ""d7309a4dde6494ab"", ""match_level"": ""unobservable"", ""observed_field"": ""domain_not_retained"", ""observed_value"": ""discord.com"", ""telemetry_capability"": ""unobservable"", ""type"": ""url"", ""value"": ""https://discord.com/api/webhooks/1103033150558457876/22oUF1rkDTdxz-iq-2EOR4aVXwDr5vFIeE9zWlitIbYSG2E3XhF8KQIzuo1uXy_bOcos""}, {""attribution_scope"": ""record_attached"", ""candidate_id"": ""b9862b381a967b96"", ""match_level"": ""unobservable"", ""observed_field"": ""domain_not_retained"", ""observed_value"": ""pastebin.com"", ""telemetry_capability"": ""unobservable"", ""type"": ""url"", ""value"": ""https://pastebin.com/raw/TwHdexDC""}]"	5	"[{""attribution_scope"": ""referenced_report"", ""match_level"": ""behavior_not_observed"", ""observed_evidence"": ""required supporting telemetry was not observed"", ""report_evidence"": ""Collected information is uploaded to attacker-controlled endpoints."", ""type"": ""exfiltration""}, {""attribution_scope"": ""referenced_report"", ""match_level"": ""behavior_not_observed"", ""observed_evidence"": ""required supporting telemetry was not observed"", ""report_evidence"": ""The setup.py payload downloads additional executable content."", ""type"": ""payload_download""}, {""attribution_scope"": ""referenced_report"", ""match_level"": ""behavior_not_observed"", ""observed_evidence"": ""required supporting telemetry was not observed"", ""report_evidence"": ""The campaign places scripts in a startup location to maintain persistence."", ""type"": ""persistence""}, {""attribution_scope"": ""referenced_report"", ""match_level"": ""behavior_partially_observed"", ""observed_evidence"": ""non-harness command or process observed without a report-specific process indicator"", ""report_evidence"": ""Downloaded executable and script payloads are run after installation."", ""type"": ""process_execution""}, {""attribution_scope"": ""referenced_report"", ""match_level"": ""behavior_not_observed"", ""observed_evidence"": ""required supporting telemetry was not observed"", ""report_evidence"": ""The payload collects host, browser, application, and financial information."", ""type"": ""sensitive_data_access""}]"	inconclusive	behavior_not_observed;behavior_partially_observed	low	yes	Confirm whether the reported command/process/file/network behavior occurred.	External IOC extraction=derived_structured_url;structured; IOC attribution=record_attached; behavior extraction=curated_reference_behavior; behavior attribution=referenced_report; version=exact; reported trigger=install (high); observed trigger=install; trigger comparison=match; IOC result=inconclusive; behavior result=behavior_not_observed;behavior_partially_observed. Low-confidence reasons: record-attached IOC applicability to this exact execution is not independently proven; one or more IOC types are only partially observable in this dataset; reported behavior is only partially observed, absent, or semantically unobservable.	[]	"[""443"", ""80""]"	[]	"[""StreamT~ns"", ""filetop-bpfcc"", ""gnome-system-mo"", ""opensnoop-bpfcc"", ""pgrep"", ""pip"", ""pool-tracker-mi"", ""sqldb:c~lite"", ""tcpstates-bpfcc""]"	"[""StreamT~ns"", ""filetop-bpfcc"", ""gnome-system-mo"", ""opensnoop-bpfcc"", ""pgrep"", ""pool-tracker-mi"", ""sqldb:c~lite"", ""tcpstates-bpfcc""]"	"[""bind"", ""brk"", ""chmod"", ""close"", ""connect"", ""exit_group"", ""fcntl"", ""fstat"", ""fsync"", ""futex"", ""getdents64"", ""getpeername"", ""getpid"", ""getsockname"", ""getsockopt"", ""ioctl"", ""lseek"", ""mkdir"", ""mmap"", ""mprotect"", ""munmap"", ""newfstatat"", ""openat"", ""poll"", ""read"", ""recvfrom"", ""recvmsg"", ""rename"", ""rmdir"", ""rt_sigaction"", ""sendmmsg"", ""sendto"", ""setsockopt"", ""socket"", ""umask"", ""uname"", ""unlinkat"", ""wait4"", ""write""]"	"[""close -> newfstatat -> openat -> no-error -> no-fd"", ""ioctl -> ioctl -> ioctl"", ""lseek -> lseek -> lseek"", ""lseek -> lseek -> lseek -> no-error -> no-fd"", ""newfstatat -> newfstatat -> newfstatat"", ""newfstatat -> newfstatat -> newfstatat -> no-error -> no-fd"", ""newfstatat -> openat -> fstat"", ""newfstatat -> openat -> fstat -> no-error -> no-fd"", ""read -> read -> read"", ""read -> read -> read -> no-error -> no-fd""]"	"[""ETC_DIR"", ""HOME_DIR"", ""OTHER_DIR"", ""ROOT_DIR"", ""TMP_DIR""]"					pending
4d1a71e4dda4decf	qut	pywolle-1.0.0.tar.gz	pypi	pywolle	1.0.0	malicious-packages-info	MAL-2023-8590	https://medium.com/checkmarx-security/attacker-hidden-in-plain-sight-for-nearly-six-months-targeting-python-developers-3712f0f107e0;https://github.com/DataDog/malicious-software-packages-dataset;https://checkmarx.com/blog/attacker-hidden-in-plain-sight-for-nearly-six-months-targeting-python-developers/;https://security.snyk.io/vuln/SNYK-PYTHON-PYWOLLE-6069631	1.0.0	exact	both	install	The report states that malicious code embedded in setup.py executes when the referenced packages are installed. Location: Key Points and campaign overview.	https://medium.com/checkmarx-security/attacker-hidden-in-plain-sight-for-nearly-six-months-targeting-python-developers-3712f0f107e0	high	install	"{""install"": {""package_file"": ""pywolle-1.0.0.tar.gz"", ""source"": ""QUT-DV25_Install_Traces""}}"	match	27	"[{""attribution_scope"": ""record_attached"", ""candidate_id"": ""ea0e5634ab3b6877"", ""match_level"": ""unmatched"", ""observed_field"": """", ""observed_value"": """", ""telemetry_capability"": ""observable"", ""type"": ""endpoint"", ""value"": ""51.178.25.148:8081""}, {""attribution_scope"": ""record_attached"", ""candidate_id"": ""ea0e5634ab3b6877"", ""match_level"": ""unmatched"", ""observed_field"": """", ""observed_value"": """", ""telemetry_capability"": ""observable"", ""type"": ""endpoint"", ""value"": ""51.178.25.148:8081""}, {""attribution_scope"": ""record_attached"", ""candidate_id"": ""ea0e5634ab3b6877"", ""match_level"": ""unmatched"", ""observed_field"": """", ""observed_value"": """", ""telemetry_capability"": ""observable"", ""type"": ""endpoint"", ""value"": ""51.178.25.148:8081""}, {""attribution_scope"": ""record_attached"", ""candidate_id"": ""ea0e5634ab3b6877"", ""match_level"": ""unmatched"", ""observed_field"": """", ""observed_value"": """", ""telemetry_capability"": ""observable"", ""type"": ""endpoint"", ""value"": ""51.178.25.148:8081""}, {""attribution_scope"": ""record_attached"", ""candidate_id"": ""ea0e5634ab3b6877"", ""match_level"": ""unmatched"", ""observed_field"": """", ""observed_value"": """", ""telemetry_capability"": ""observable"", ""type"": ""endpoint"", ""value"": ""51.178.25.148:8081""}, {""attribution_scope"": ""record_attached"", ""candidate_id"": ""ea0e5634ab3b6877"", ""match_level"": ""unmatched"", ""observed_field"": """", ""observed_value"": """", ""telemetry_capability"": ""observable"", ""type"": ""endpoint"", ""value"": ""51.178.25.148:8081""}, {""attribution_scope"": ""record_attached"", ""candidate_id"": ""ea0e5634ab3b6877"", ""match_level"": ""unmatched"", ""observed_field"": """", ""observed_value"": """", ""telemetry_capability"": ""observable"", ""type"": ""endpoint"", ""value"": ""51.178.25.148:8081""}, {""attribution_scope"": ""record_attached"", ""candidate_id"": ""ea0e5634ab3b6877"", ""match_level"": ""unmatched"", ""observed_field"": """", ""observed_value"": """", ""telemetry_capability"": ""observable"", ""type"": ""endpoint"", ""value"": ""51.178.25.148:8081""}, {""attribution_scope"": ""record_attached"", ""candidate_id"": ""ea0e5634ab3b6877"", ""match_level"": ""unmatched"", ""observed_field"": """", ""observed_value"": """", ""telemetry_capability"": ""observable"", ""type"": ""endpoint"", ""value"": ""51.178.25.148:8081""}, {""attribution_scope"": ""record_attached"", ""candidate_id"": ""ea0e5634ab3b6877"", ""match_level"": ""unmatched"", ""observed_field"": """", ""observed_value"": """", ""telemetry_capability"": ""observable"", ""type"": ""endpoint"", ""value"": ""51.178.25.148:8081""}, {""attribution_scope"": ""record_attached"", ""candidate_id"": ""91dac43b4c59082d"", ""match_level"": ""unmatched"", ""observed_field"": """", ""observed_value"": """", ""telemetry_capability"": ""observable"", ""type"": ""ip"", ""value"": ""51.178.25.148""}, {""attribution_scope"": ""record_attached"", ""candidate_id"": ""84c65c5229ce7f5d"", ""match_level"": ""unobservable"", ""observed_field"": ""domain_not_retained"", ""observed_value"": ""51.178.25.148"", ""telemetry_capability"": ""unobservable"", ""type"": ""url"", ""value"": ""http://51.178.25.148:8081/dl/gamesdk""}, {""attribution_scope"": ""record_attached"", ""candidate_id"": ""f957cfbf90bfbe1b"", ""match_level"": ""unobservable"", ""observed_field"": ""domain_not_retained"", ""observed_value"": ""51.178.25.148"", ""telemetry_capability"": ""unobservable"", ""type"": ""url"", ""value"": ""http://51.178.25.148:8081/dl/runtime""}, {""attribution_scope"": ""record_attached"", ""candidate_id"": ""efd1f92af8191566"", ""match_level"": ""unobservable"", ""observed_field"": ""domain_not_retained"", ""observed_value"": ""51.178.25.148"", ""telemetry_capability"": ""unobservable"", ""type"": ""url"", ""value"": ""http://51.178.25.148:8081/dl/sys86""}, {""attribution_scope"": ""record_attached"", ""candidate_id"": ""ebd19ea88ab91820"", ""match_level"": ""unobservable"", ""observed_field"": ""domain_not_retained"", ""observed_value"": ""51.178.25.148"", ""telemetry_capability"": ""unobservable"", ""type"": ""url"", ""value"": ""http://51.178.25.148:8081/dl/system""}, {""attribution_scope"": ""record_attached"", ""candidate_id"": ""3dc3f79dd5e5317c"", ""match_level"": ""unobservable"", ""observed_field"": ""domain_not_retained"", ""observed_value"": ""51.178.25.148"", ""telemetry_capability"": ""unobservable"", ""type"": ""url"", ""value"": ""http://51.178.25.148:8081/dl/uwu""}, {""attribution_scope"": ""record_attached"", ""candidate_id"": ""7efa1a1f49ddbd36"", ""match_level"": ""unobservable"", ""observed_field"": ""domain_not_retained"", ""observed_value"": ""51.178.25.148"", ""telemetry_capability"": ""unobservable"", ""type"": ""url"", ""value"": ""http://51.178.25.148:8081/gethw""}, {""attribution_scope"": ""record_attached"", ""candidate_id"": ""e7c45697935e67b9"", ""match_level"": ""unobservable"", ""observed_field"": ""domain_not_retained"", ""observed_value"": ""51.178.25.148"", ""telemetry_capability"": ""unobservable"", ""type"": ""url"", ""value"": ""http://51.178.25.148:8081/getip""}, {""attribution_scope"": ""record_attached"", ""candidate_id"": ""e9c9729a4d7966f1"", ""match_level"": ""unobservable"", ""observed_field"": ""domain_not_retained"", ""observed_value"": ""51.178.25.148"", ""telemetry_capability"": ""unobservable"", ""type"": ""url"", ""value"": ""http://51.178.25.148:8081/rooter""}, {""attribution_scope"": ""record_attached"", ""candidate_id"": ""a883aa868c97e4db"", ""match_level"": ""unobservable"", ""observed_field"": ""domain_not_retained"", ""observed_value"": ""51.178.25.148"", ""telemetry_capability"": ""unobservable"", ""type"": ""url"", ""value"": ""http://51.178.25.148:8081/upload""}, {""attribution_scope"": ""record_attached"", ""candidate_id"": ""9911c2a7ce0b2c3f"", ""match_level"": ""unobservable"", ""observed_field"": ""domain_not_retained"", ""observed_value"": ""51.178.25.148"", ""telemetry_capability"": ""unobservable"", ""type"": ""url"", ""value"": ""http://51.178.25.148:8081/uploader""}, {""attribution_scope"": ""record_attached"", ""candidate_id"": ""2f4816920337f6f3"", ""match_level"": ""unobservable"", ""observed_field"": ""domain_not_retained"", ""observed_value"": ""canary.discord.com"", ""telemetry_capability"": ""unobservable"", ""type"": ""url"", ""value"": ""https://canary.discord.com/api/webhooks/1152648911371120681/JlL5FnwmY6nP6RaZxmQ7NI9MGR6HARmAekaPqPDdVTq9K3RJ68Lcd7cz16l9u6eZH9c3""}, {""attribution_scope"": ""record_attached"", ""candidate_id"": ""4be380e046e259a7"", ""match_level"": ""unobservable"", ""observed_field"": ""domain_not_retained"", ""observed_value"": ""canary.discord.com"", ""telemetry_capability"": ""unobservable"", ""type"": ""url"", ""value"": ""https://canary.discord.com/api/webhooks/1152716297474424913/z6-hvrQNeyL0m1Mm34JLYj1VVB67sVEXogqJzGCkxYgMFCgCWhQaR07ruMBck1dJAi9g""}, {""attribution_scope"": ""record_attached"", ""candidate_id"": ""5d37762aa3761291"", ""match_level"": ""unobservable"", ""observed_field"": ""domain_not_retained"", ""observed_value"": ""canary.discord.com"", ""telemetry_capability"": ""unobservable"", ""type"": ""url"", ""value"": ""https://canary.discord.com/api/webhooks/1153431050517762059/MAkfrB4n1Gz6qe7W8ffWTZF92yfN3D_FWPFFaK_FBgDQWB1ZYfbKHa61X_8L6GK175r0""}, {""attribution_scope"": ""record_attached"", ""candidate_id"": ""1ec3d0e65de8e095"", ""match_level"": ""unobservable"", ""observed_field"": ""domain_not_retained"", ""observed_value"": ""canary.discord.com"", ""telemetry_capability"": ""unobservable"", ""type"": ""url"", ""value"": ""https://canary.discord.com/api/webhooks/1155235432406196334/3eFtMXnG2laJjInzO_kAzLbW6ebMgbrrwmAcRtZyOfqnyCh-twTT9pSumcKr5QJvbGEZ""}, {""attribution_scope"": ""record_attached"", ""candidate_id"": ""6d3c3b916d42779a"", ""match_level"": ""unobservable"", ""observed_field"": ""domain_not_retained"", ""observed_value"": ""discord.com"", ""telemetry_capability"": ""unobservable"", ""type"": ""url"", ""value"": ""https://discord.com/api/webhooks/1103033150558457876/22oUF1rkDTdxz-iq-2EOR4aVXwDr5vFIeE9zWlitIbYSG2E3XhF8KQIzuo1uXy_bOcos""}, {""attribution_scope"": ""record_attached"", ""candidate_id"": ""55021b5acc26ee03"", ""match_level"": ""unobservable"", ""observed_field"": ""domain_not_retained"", ""observed_value"": ""pastebin.com"", ""telemetry_capability"": ""unobservable"", ""type"": ""url"", ""value"": ""https://pastebin.com/raw/TwHdexDC""}]"	5	"[{""attribution_scope"": ""referenced_report"", ""match_level"": ""behavior_not_observed"", ""observed_evidence"": ""required supporting telemetry was not observed"", ""report_evidence"": ""Collected information is uploaded to attacker-controlled endpoints."", ""type"": ""exfiltration""}, {""attribution_scope"": ""referenced_report"", ""match_level"": ""behavior_not_observed"", ""observed_evidence"": ""required supporting telemetry was not observed"", ""report_evidence"": ""The setup.py payload downloads additional executable content."", ""type"": ""payload_download""}, {""attribution_scope"": ""referenced_report"", ""match_level"": ""behavior_not_observed"", ""observed_evidence"": ""required supporting telemetry was not observed"", ""report_evidence"": ""The campaign places scripts in a startup location to maintain persistence."", ""type"": ""persistence""}, {""attribution_scope"": ""referenced_report"", ""match_level"": ""behavior_partially_observed"", ""observed_evidence"": ""non-harness command or process observed without a report-specific process indicator"", ""report_evidence"": ""Downloaded executable and script payloads are run after installation."", ""type"": ""process_execution""}, {""attribution_scope"": ""referenced_report"", ""match_level"": ""behavior_not_observed"", ""observed_evidence"": ""required supporting telemetry was not observed"", ""report_evidence"": ""The payload collects host, browser, application, and financial information."", ""type"": ""sensitive_data_access""}]"	inconclusive	behavior_not_observed;behavior_partially_observed	low	yes	Confirm whether the reported command/process/file/network behavior occurred.	External IOC extraction=derived_structured_url;structured; IOC attribution=record_attached; behavior extraction=curated_reference_behavior; behavior attribution=referenced_report; version=exact; reported trigger=install (high); observed trigger=install; trigger comparison=match; IOC result=inconclusive; behavior result=behavior_not_observed;behavior_partially_observed. Low-confidence reasons: record-attached IOC applicability to this exact execution is not independently proven; one or more IOC types are only partially observable in this dataset; reported behavior is only partially observed, absent, or semantically unobservable.	[]	"[""443"", ""80""]"	[]	"[""StreamT~ns"", ""filetop-bpfcc"", ""gnome-system-mo"", ""opensnoop-bpfcc"", ""pgrep"", ""pip"", ""pool-tracker-mi"", ""sqldb:c~lite"", ""strace"", ""tcpstates-bpfcc""]"	"[""StreamT~ns"", ""filetop-bpfcc"", ""gnome-system-mo"", ""opensnoop-bpfcc"", ""pgrep"", ""pool-tracker-mi"", ""sqldb:c~lite"", ""strace"", ""tcpstates-bpfcc""]"	"[""bind"", ""brk"", ""chmod"", ""close"", ""connect"", ""exit_group"", ""fcntl"", ""fstat"", ""fsync"", ""futex"", ""getdents64"", ""getpeername"", ""getpid"", ""getsockname"", ""getsockopt"", ""ioctl"", ""lseek"", ""mmap"", ""mprotect"", ""munmap"", ""newfstatat"", ""openat"", ""poll"", ""read"", ""recvfrom"", ""recvmsg"", ""rename"", ""rmdir"", ""rt_sigaction"", ""sendmmsg"", ""sendto"", ""setsockopt"", ""socket"", ""uname"", ""unlinkat"", ""write""]"	"[""close -> newfstatat -> openat"", ""close -> newfstatat -> openat -> no-error -> no-fd"", ""newfstatat -> newfstatat -> newfstatat"", ""newfstatat -> newfstatat -> newfstatat -> no-error -> no-fd"", ""newfstatat -> openat -> fstat"", ""newfstatat -> openat -> fstat -> no-error -> no-fd"", ""read -> poll -> read"", ""read -> poll -> read -> error=EAGAIN -> no-fd"", ""read -> read -> read"", ""read -> read -> read -> no-error -> no-fd""]"	"[""ETC_DIR"", ""HOME_DIR"", ""OTHER_DIR"", ""ROOT_DIR"", ""TMP_DIR""]"					pending
2060df70ec05549a	qut	pywool-1.0.0.tar.gz	pypi	pywool	1.0.0	malicious-packages-info	MAL-2023-8591	https://medium.com/checkmarx-security/attacker-hidden-in-plain-sight-for-nearly-six-months-targeting-python-developers-3712f0f107e0;https://github.com/DataDog/malicious-software-packages-dataset;https://security.snyk.io/vuln/SNYK-PYTHON-PYWOOL-6069622;https://checkmarx.com/blog/attacker-hidden-in-plain-sight-for-nearly-six-months-targeting-python-developers/	1.0.0;1.0.2	exact	both	install	The report states that malicious code embedded in setup.py executes when the referenced packages are installed. Location: Key Points and campaign overview.	https://medium.com/checkmarx-security/attacker-hidden-in-plain-sight-for-nearly-six-months-targeting-python-developers-3712f0f107e0	high	install	"{""install"": {""package_file"": ""pywool-1.0.0.tar.gz"", ""source"": ""QUT-DV25_Install_Traces""}}"	match	27	"[{""attribution_scope"": ""record_attached"", ""candidate_id"": ""e44562abf917bfdd"", ""match_level"": ""unmatched"", ""observed_field"": """", ""observed_value"": """", ""telemetry_capability"": ""observable"", ""type"": ""endpoint"", ""value"": ""51.178.25.148:8081""}, {""attribution_scope"": ""record_attached"", ""candidate_id"": ""e44562abf917bfdd"", ""match_level"": ""unmatched"", ""observed_field"": """", ""observed_value"": """", ""telemetry_capability"": ""observable"", ""type"": ""endpoint"", ""value"": ""51.178.25.148:8081""}, {""attribution_scope"": ""record_attached"", ""candidate_id"": ""e44562abf917bfdd"", ""match_level"": ""unmatched"", ""observed_field"": """", ""observed_value"": """", ""telemetry_capability"": ""observable"", ""type"": ""endpoint"", ""value"": ""51.178.25.148:8081""}, {""attribution_scope"": ""record_attached"", ""candidate_id"": ""e44562abf917bfdd"", ""match_level"": ""unmatched"", ""observed_field"": """", ""observed_value"": """", ""telemetry_capability"": ""observable"", ""type"": ""endpoint"", ""value"": ""51.178.25.148:8081""}, {""attribution_scope"": ""record_attached"", ""candidate_id"": ""e44562abf917bfdd"", ""match_level"": ""unmatched"", ""observed_field"": """", ""observed_value"": """", ""telemetry_capability"": ""observable"", ""type"": ""endpoint"", ""value"": ""51.178.25.148:8081""}, {""attribution_scope"": ""record_attached"", ""candidate_id"": ""e44562abf917bfdd"", ""match_level"": ""unmatched"", ""observed_field"": """", ""observed_value"": """", ""telemetry_capability"": ""observable"", ""type"": ""endpoint"", ""value"": ""51.178.25.148:8081""}, {""attribution_scope"": ""record_attached"", ""candidate_id"": ""e44562abf917bfdd"", ""match_level"": ""unmatched"", ""observed_field"": """", ""observed_value"": """", ""telemetry_capability"": ""observable"", ""type"": ""endpoint"", ""value"": ""51.178.25.148:8081""}, {""attribution_scope"": ""record_attached"", ""candidate_id"": ""e44562abf917bfdd"", ""match_level"": ""unmatched"", ""observed_field"": """", ""observed_value"": """", ""telemetry_capability"": ""observable"", ""type"": ""endpoint"", ""value"": ""51.178.25.148:8081""}, {""attribution_scope"": ""record_attached"", ""candidate_id"": ""e44562abf917bfdd"", ""match_level"": ""unmatched"", ""observed_field"": """", ""observed_value"": """", ""telemetry_capability"": ""observable"", ""type"": ""endpoint"", ""value"": ""51.178.25.148:8081""}, {""attribution_scope"": ""record_attached"", ""candidate_id"": ""e44562abf917bfdd"", ""match_level"": ""unmatched"", ""observed_field"": """", ""observed_value"": """", ""telemetry_capability"": ""observable"", ""type"": ""endpoint"", ""value"": ""51.178.25.148:8081""}, {""attribution_scope"": ""record_attached"", ""candidate_id"": ""7e9c430aab4c9035"", ""match_level"": ""unmatched"", ""observed_field"": """", ""observed_value"": """", ""telemetry_capability"": ""observable"", ""type"": ""ip"", ""value"": ""51.178.25.148""}, {""attribution_scope"": ""record_attached"", ""candidate_id"": ""a5de9d18c178d6ac"", ""match_level"": ""unobservable"", ""observed_field"": ""domain_not_retained"", ""observed_value"": ""51.178.25.148"", ""telemetry_capability"": ""unobservable"", ""type"": ""url"", ""value"": ""http://51.178.25.148:8081/dl/gamesdk""}, {""attribution_scope"": ""record_attached"", ""candidate_id"": ""bfa40282cc863b55"", ""match_level"": ""unobservable"", ""observed_field"": ""domain_not_retained"", ""observed_value"": ""51.178.25.148"", ""telemetry_capability"": ""unobservable"", ""type"": ""url"", ""value"": ""http://51.178.25.148:8081/dl/runtime""}, {""attribution_scope"": ""record_attached"", ""candidate_id"": ""4f5fd0b8ab646644"", ""match_level"": ""unobservable"", ""observed_field"": ""domain_not_retained"", ""observed_value"": ""51.178.25.148"", ""telemetry_capability"": ""unobservable"", ""type"": ""url"", ""value"": ""http://51.178.25.148:8081/dl/sys86""}, {""attribution_scope"": ""record_attached"", ""candidate_id"": ""aa08091de83c3cad"", ""match_level"": ""unobservable"", ""observed_field"": ""domain_not_retained"", ""observed_value"": ""51.178.25.148"", ""telemetry_capability"": ""unobservable"", ""type"": ""url"", ""value"": ""http://51.178.25.148:8081/dl/system""}, {""attribution_scope"": ""record_attached"", ""candidate_id"": ""1cfa65a082522fe6"", ""match_level"": ""unobservable"", ""observed_field"": ""domain_not_retained"", ""observed_value"": ""51.178.25.148"", ""telemetry_capability"": ""unobservable"", ""type"": ""url"", ""value"": ""http://51.178.25.148:8081/dl/uwu""}, {""attribution_scope"": ""record_attached"", ""candidate_id"": ""239c8ef72002f20b"", ""match_level"": ""unobservable"", ""observed_field"": ""domain_not_retained"", ""observed_value"": ""51.178.25.148"", ""telemetry_capability"": ""unobservable"", ""type"": ""url"", ""value"": ""http://51.178.25.148:8081/gethw""}, {""attribution_scope"": ""record_attached"", ""candidate_id"": ""468319dd6cd243c2"", ""match_level"": ""unobservable"", ""observed_field"": ""domain_not_retained"", ""observed_value"": ""51.178.25.148"", ""telemetry_capability"": ""unobservable"", ""type"": ""url"", ""value"": ""http://51.178.25.148:8081/getip""}, {""attribution_scope"": ""record_attached"", ""candidate_id"": ""fb05deef3c1499b7"", ""match_level"": ""unobservable"", ""observed_field"": ""domain_not_retained"", ""observed_value"": ""51.178.25.148"", ""telemetry_capability"": ""unobservable"", ""type"": ""url"", ""value"": ""http://51.178.25.148:8081/rooter""}, {""attribution_scope"": ""record_attached"", ""candidate_id"": ""735f1222b8eb92b5"", ""match_level"": ""unobservable"", ""observed_field"": ""domain_not_retained"", ""observed_value"": ""51.178.25.148"", ""telemetry_capability"": ""unobservable"", ""type"": ""url"", ""value"": ""http://51.178.25.148:8081/upload""}, {""attribution_scope"": ""record_attached"", ""candidate_id"": ""3d8b460fad96e715"", ""match_level"": ""unobservable"", ""observed_field"": ""domain_not_retained"", ""observed_value"": ""51.178.25.148"", ""telemetry_capability"": ""unobservable"", ""type"": ""url"", ""value"": ""http://51.178.25.148:8081/uploader""}, {""attribution_scope"": ""record_attached"", ""candidate_id"": ""4c45a65d7c941068"", ""match_level"": ""unobservable"", ""observed_field"": ""domain_not_retained"", ""observed_value"": ""canary.discord.com"", ""telemetry_capability"": ""unobservable"", ""type"": ""url"", ""value"": ""https://canary.discord.com/api/webhooks/1152648911371120681/JlL5FnwmY6nP6RaZxmQ7NI9MGR6HARmAekaPqPDdVTq9K3RJ68Lcd7cz16l9u6eZH9c3""}, {""attribution_scope"": ""record_attached"", ""candidate_id"": ""a7f90b0815740c4a"", ""match_level"": ""unobservable"", ""observed_field"": ""domain_not_retained"", ""observed_value"": ""canary.discord.com"", ""telemetry_capability"": ""unobservable"", ""type"": ""url"", ""value"": ""https://canary.discord.com/api/webhooks/1152716297474424913/z6-hvrQNeyL0m1Mm34JLYj1VVB67sVEXogqJzGCkxYgMFCgCWhQaR07ruMBck1dJAi9g""}, {""attribution_scope"": ""record_attached"", ""candidate_id"": ""10e4cc364e5612c4"", ""match_level"": ""unobservable"", ""observed_field"": ""domain_not_retained"", ""observed_value"": ""canary.discord.com"", ""telemetry_capability"": ""unobservable"", ""type"": ""url"", ""value"": ""https://canary.discord.com/api/webhooks/1153431050517762059/MAkfrB4n1Gz6qe7W8ffWTZF92yfN3D_FWPFFaK_FBgDQWB1ZYfbKHa61X_8L6GK175r0""}, {""attribution_scope"": ""record_attached"", ""candidate_id"": ""1cb69f6b1ba31304"", ""match_level"": ""unobservable"", ""observed_field"": ""domain_not_retained"", ""observed_value"": ""canary.discord.com"", ""telemetry_capability"": ""unobservable"", ""type"": ""url"", ""value"": ""https://canary.discord.com/api/webhooks/1155235432406196334/3eFtMXnG2laJjInzO_kAzLbW6ebMgbrrwmAcRtZyOfqnyCh-twTT9pSumcKr5QJvbGEZ""}, {""attribution_scope"": ""record_attached"", ""candidate_id"": ""81c413b39f374e6c"", ""match_level"": ""unobservable"", ""observed_field"": ""domain_not_retained"", ""observed_value"": ""discord.com"", ""telemetry_capability"": ""unobservable"", ""type"": ""url"", ""value"": ""https://discord.com/api/webhooks/1103033150558457876/22oUF1rkDTdxz-iq-2EOR4aVXwDr5vFIeE9zWlitIbYSG2E3XhF8KQIzuo1uXy_bOcos""}, {""attribution_scope"": ""record_attached"", ""candidate_id"": ""1a396eb2872c1f28"", ""match_level"": ""unobservable"", ""observed_field"": ""domain_not_retained"", ""observed_value"": ""pastebin.com"", ""telemetry_capability"": ""unobservable"", ""type"": ""url"", ""value"": ""https://pastebin.com/raw/TwHdexDC""}]"	5	"[{""attribution_scope"": ""referenced_report"", ""match_level"": ""behavior_not_observed"", ""observed_evidence"": ""required supporting telemetry was not observed"", ""report_evidence"": ""Collected information is uploaded to attacker-controlled endpoints."", ""type"": ""exfiltration""}, {""attribution_scope"": ""referenced_report"", ""match_level"": ""behavior_not_observed"", ""observed_evidence"": ""required supporting telemetry was not observed"", ""report_evidence"": ""The setup.py payload downloads additional executable content."", ""type"": ""payload_download""}, {""attribution_scope"": ""referenced_report"", ""match_level"": ""behavior_not_observed"", ""observed_evidence"": ""required supporting telemetry was not observed"", ""report_evidence"": ""The campaign places scripts in a startup location to maintain persistence."", ""type"": ""persistence""}, {""attribution_scope"": ""referenced_report"", ""match_level"": ""behavior_partially_observed"", ""observed_evidence"": ""non-harness command or process observed without a report-specific process indicator"", ""report_evidence"": ""Downloaded executable and script payloads are run after installation."", ""type"": ""process_execution""}, {""attribution_scope"": ""referenced_report"", ""match_level"": ""behavior_not_observed"", ""observed_evidence"": ""required supporting telemetry was not observed"", ""report_evidence"": ""The payload collects host, browser, application, and financial information."", ""type"": ""sensitive_data_access""}]"	inconclusive	behavior_not_observed;behavior_partially_observed	low	yes	Confirm whether the reported command/process/file/network behavior occurred.	External IOC extraction=derived_structured_url;structured; IOC attribution=record_attached; behavior extraction=curated_reference_behavior; behavior attribution=referenced_report; version=exact; reported trigger=install (high); observed trigger=install; trigger comparison=match; IOC result=inconclusive; behavior result=behavior_not_observed;behavior_partially_observed. Low-confidence reasons: record-attached IOC applicability to this exact execution is not independently proven; one or more IOC types are only partially observable in this dataset; reported behavior is only partially observed, absent, or semantically unobservable.	[]	"[""443"", ""80""]"	[]	"[""Indexed~IO"", ""StreamT~ns"", ""filetop-bpfcc"", ""gnome-system-mo"", ""opensnoop-bpfcc"", ""pgrep"", ""pip"", ""pool-tracker-mi"", ""strace"", ""tcpstates-bpfcc""]"	"[""Indexed~IO"", ""StreamT~ns"", ""filetop-bpfcc"", ""gnome-system-mo"", ""opensnoop-bpfcc"", ""pgrep"", ""pool-tracker-mi"", ""strace"", ""tcpstates-bpfcc""]"	"[""bind"", ""brk"", ""chmod"", ""close"", ""connect"", ""exit_group"", ""fcntl"", ""fstat"", ""fsync"", ""futex"", ""getdents64"", ""getpeername"", ""getpid"", ""getsockname"", ""getsockopt"", ""ioctl"", ""lseek"", ""mmap"", ""mprotect"", ""munmap"", ""newfstatat"", ""openat"", ""poll"", ""read"", ""recvfrom"", ""recvmsg"", ""rename"", ""rmdir"", ""rt_sigaction"", ""sendmmsg"", ""sendto"", ""setsockopt"", ""socket"", ""uname"", ""unlinkat"", ""write""]"	"[""close -> newfstatat -> openat"", ""close -> newfstatat -> openat -> no-error -> no-fd"", ""newfstatat -> newfstatat -> newfstatat"", ""newfstatat -> newfstatat -> newfstatat -> no-error -> no-fd"", ""newfstatat -> openat -> fstat"", ""newfstatat -> openat -> fstat -> no-error -> no-fd"", ""openat -> fstat -> fcntl"", ""openat -> fstat -> fcntl -> no-error -> no-fd"", ""read -> read -> read"", ""read -> read -> read -> no-error -> no-fd""]"	"[""ETC_DIR"", ""HOME_DIR"", ""OTHER_DIR"", ""ROOT_DIR"", ""TMP_DIR""]"					pending
46d1ddd7081948b0	qut	pywool-1.0.2.tar.gz	pypi	pywool	1.0.2	malicious-packages-info	MAL-2023-8591	https://medium.com/checkmarx-security/attacker-hidden-in-plain-sight-for-nearly-six-months-targeting-python-developers-3712f0f107e0;https://github.com/DataDog/malicious-software-packages-dataset;https://security.snyk.io/vuln/SNYK-PYTHON-PYWOOL-6069622;https://checkmarx.com/blog/attacker-hidden-in-plain-sight-for-nearly-six-months-targeting-python-developers/	1.0.0;1.0.2	exact	both	install	The report states that malicious code embedded in setup.py executes when the referenced packages are installed. Location: Key Points and campaign overview.	https://medium.com/checkmarx-security/attacker-hidden-in-plain-sight-for-nearly-six-months-targeting-python-developers-3712f0f107e0	high	install	"{""install"": {""package_file"": ""pywool-1.0.2.tar.gz"", ""source"": ""QUT-DV25_Install_Traces""}}"	match	27	"[{""attribution_scope"": ""record_attached"", ""candidate_id"": ""20b9d3e449df5b9b"", ""match_level"": ""unmatched"", ""observed_field"": """", ""observed_value"": """", ""telemetry_capability"": ""observable"", ""type"": ""endpoint"", ""value"": ""51.178.25.148:8081""}, {""attribution_scope"": ""record_attached"", ""candidate_id"": ""20b9d3e449df5b9b"", ""match_level"": ""unmatched"", ""observed_field"": """", ""observed_value"": """", ""telemetry_capability"": ""observable"", ""type"": ""endpoint"", ""value"": ""51.178.25.148:8081""}, {""attribution_scope"": ""record_attached"", ""candidate_id"": ""20b9d3e449df5b9b"", ""match_level"": ""unmatched"", ""observed_field"": """", ""observed_value"": """", ""telemetry_capability"": ""observable"", ""type"": ""endpoint"", ""value"": ""51.178.25.148:8081""}, {""attribution_scope"": ""record_attached"", ""candidate_id"": ""20b9d3e449df5b9b"", ""match_level"": ""unmatched"", ""observed_field"": """", ""observed_value"": """", ""telemetry_capability"": ""observable"", ""type"": ""endpoint"", ""value"": ""51.178.25.148:8081""}, {""attribution_scope"": ""record_attached"", ""candidate_id"": ""20b9d3e449df5b9b"", ""match_level"": ""unmatched"", ""observed_field"": """", ""observed_value"": """", ""telemetry_capability"": ""observable"", ""type"": ""endpoint"", ""value"": ""51.178.25.148:8081""}, {""attribution_scope"": ""record_attached"", ""candidate_id"": ""20b9d3e449df5b9b"", ""match_level"": ""unmatched"", ""observed_field"": """", ""observed_value"": """", ""telemetry_capability"": ""observable"", ""type"": ""endpoint"", ""value"": ""51.178.25.148:8081""}, {""attribution_scope"": ""record_attached"", ""candidate_id"": ""20b9d3e449df5b9b"", ""match_level"": ""unmatched"", ""observed_field"": """", ""observed_value"": """", ""telemetry_capability"": ""observable"", ""type"": ""endpoint"", ""value"": ""51.178.25.148:8081""}, {""attribution_scope"": ""record_attached"", ""candidate_id"": ""20b9d3e449df5b9b"", ""match_level"": ""unmatched"", ""observed_field"": """", ""observed_value"": """", ""telemetry_capability"": ""observable"", ""type"": ""endpoint"", ""value"": ""51.178.25.148:8081""}, {""attribution_scope"": ""record_attached"", ""candidate_id"": ""20b9d3e449df5b9b"", ""match_level"": ""unmatched"", ""observed_field"": """", ""observed_value"": """", ""telemetry_capability"": ""observable"", ""type"": ""endpoint"", ""value"": ""51.178.25.148:8081""}, {""attribution_scope"": ""record_attached"", ""candidate_id"": ""20b9d3e449df5b9b"", ""match_level"": ""unmatched"", ""observed_field"": """", ""observed_value"": """", ""telemetry_capability"": ""observable"", ""type"": ""endpoint"", ""value"": ""51.178.25.148:8081""}, {""attribution_scope"": ""record_attached"", ""candidate_id"": ""7739e576fba689a0"", ""match_level"": ""unmatched"", ""observed_field"": """", ""observed_value"": """", ""telemetry_capability"": ""observable"", ""type"": ""ip"", ""value"": ""51.178.25.148""}, {""attribution_scope"": ""record_attached"", ""candidate_id"": ""1f2111cf8be910f7"", ""match_level"": ""unobservable"", ""observed_field"": ""domain_not_retained"", ""observed_value"": ""51.178.25.148"", ""telemetry_capability"": ""unobservable"", ""type"": ""url"", ""value"": ""http://51.178.25.148:8081/dl/gamesdk""}, {""attribution_scope"": ""record_attached"", ""candidate_id"": ""5f4214fae5984f9d"", ""match_level"": ""unobservable"", ""observed_field"": ""domain_not_retained"", ""observed_value"": ""51.178.25.148"", ""telemetry_capability"": ""unobservable"", ""type"": ""url"", ""value"": ""http://51.178.25.148:8081/dl/runtime""}, {""attribution_scope"": ""record_attached"", ""candidate_id"": ""f545141989ec9b45"", ""match_level"": ""unobservable"", ""observed_field"": ""domain_not_retained"", ""observed_value"": ""51.178.25.148"", ""telemetry_capability"": ""unobservable"", ""type"": ""url"", ""value"": ""http://51.178.25.148:8081/dl/sys86""}, {""attribution_scope"": ""record_attached"", ""candidate_id"": ""1d26d8e4a830645c"", ""match_level"": ""unobservable"", ""observed_field"": ""domain_not_retained"", ""observed_value"": ""51.178.25.148"", ""telemetry_capability"": ""unobservable"", ""type"": ""url"", ""value"": ""http://51.178.25.148:8081/dl/system""}, {""attribution_scope"": ""record_attached"", ""candidate_id"": ""a299f963b3a36d4e"", ""match_level"": ""unobservable"", ""observed_field"": ""domain_not_retained"", ""observed_value"": ""51.178.25.148"", ""telemetry_capability"": ""unobservable"", ""type"": ""url"", ""value"": ""http://51.178.25.148:8081/dl/uwu""}, {""attribution_scope"": ""record_attached"", ""candidate_id"": ""1354cea5c8b79cf5"", ""match_level"": ""unobservable"", ""observed_field"": ""domain_not_retained"", ""observed_value"": ""51.178.25.148"", ""telemetry_capability"": ""unobservable"", ""type"": ""url"", ""value"": ""http://51.178.25.148:8081/gethw""}, {""attribution_scope"": ""record_attached"", ""candidate_id"": ""58f27d810e9d529b"", ""match_level"": ""unobservable"", ""observed_field"": ""domain_not_retained"", ""observed_value"": ""51.178.25.148"", ""telemetry_capability"": ""unobservable"", ""type"": ""url"", ""value"": ""http://51.178.25.148:8081/getip""}, {""attribution_scope"": ""record_attached"", ""candidate_id"": ""c185f12a8b2780e1"", ""match_level"": ""unobservable"", ""observed_field"": ""domain_not_retained"", ""observed_value"": ""51.178.25.148"", ""telemetry_capability"": ""unobservable"", ""type"": ""url"", ""value"": ""http://51.178.25.148:8081/rooter""}, {""attribution_scope"": ""record_attached"", ""candidate_id"": ""23bd027fde80c144"", ""match_level"": ""unobservable"", ""observed_field"": ""domain_not_retained"", ""observed_value"": ""51.178.25.148"", ""telemetry_capability"": ""unobservable"", ""type"": ""url"", ""value"": ""http://51.178.25.148:8081/upload""}, {""attribution_scope"": ""record_attached"", ""candidate_id"": ""e33a1b51696fce2c"", ""match_level"": ""unobservable"", ""observed_field"": ""domain_not_retained"", ""observed_value"": ""51.178.25.148"", ""telemetry_capability"": ""unobservable"", ""type"": ""url"", ""value"": ""http://51.178.25.148:8081/uploader""}, {""attribution_scope"": ""record_attached"", ""candidate_id"": ""8ec90d3a1be720d6"", ""match_level"": ""unobservable"", ""observed_field"": ""domain_not_retained"", ""observed_value"": ""canary.discord.com"", ""telemetry_capability"": ""unobservable"", ""type"": ""url"", ""value"": ""https://canary.discord.com/api/webhooks/1152648911371120681/JlL5FnwmY6nP6RaZxmQ7NI9MGR6HARmAekaPqPDdVTq9K3RJ68Lcd7cz16l9u6eZH9c3""}, {""attribution_scope"": ""record_attached"", ""candidate_id"": ""0d68fd2fc9388e9a"", ""match_level"": ""unobservable"", ""observed_field"": ""domain_not_retained"", ""observed_value"": ""canary.discord.com"", ""telemetry_capability"": ""unobservable"", ""type"": ""url"", ""value"": ""https://canary.discord.com/api/webhooks/1152716297474424913/z6-hvrQNeyL0m1Mm34JLYj1VVB67sVEXogqJzGCkxYgMFCgCWhQaR07ruMBck1dJAi9g""}, {""attribution_scope"": ""record_attached"", ""candidate_id"": ""d7b74cd70ac48718"", ""match_level"": ""unobservable"", ""observed_field"": ""domain_not_retained"", ""observed_value"": ""canary.discord.com"", ""telemetry_capability"": ""unobservable"", ""type"": ""url"", ""value"": ""https://canary.discord.com/api/webhooks/1153431050517762059/MAkfrB4n1Gz6qe7W8ffWTZF92yfN3D_FWPFFaK_FBgDQWB1ZYfbKHa61X_8L6GK175r0""}, {""attribution_scope"": ""record_attached"", ""candidate_id"": ""1aee23bb5d2441ba"", ""match_level"": ""unobservable"", ""observed_field"": ""domain_not_retained"", ""observed_value"": ""canary.discord.com"", ""telemetry_capability"": ""unobservable"", ""type"": ""url"", ""value"": ""https://canary.discord.com/api/webhooks/1155235432406196334/3eFtMXnG2laJjInzO_kAzLbW6ebMgbrrwmAcRtZyOfqnyCh-twTT9pSumcKr5QJvbGEZ""}, {""attribution_scope"": ""record_attached"", ""candidate_id"": ""55172035a12cd047"", ""match_level"": ""unobservable"", ""observed_field"": ""domain_not_retained"", ""observed_value"": ""discord.com"", ""telemetry_capability"": ""unobservable"", ""type"": ""url"", ""value"": ""https://discord.com/api/webhooks/1103033150558457876/22oUF1rkDTdxz-iq-2EOR4aVXwDr5vFIeE9zWlitIbYSG2E3XhF8KQIzuo1uXy_bOcos""}, {""attribution_scope"": ""record_attached"", ""candidate_id"": ""d5d3bf61e3958014"", ""match_level"": ""unobservable"", ""observed_field"": ""domain_not_retained"", ""observed_value"": ""pastebin.com"", ""telemetry_capability"": ""unobservable"", ""type"": ""url"", ""value"": ""https://pastebin.com/raw/TwHdexDC""}]"	5	"[{""attribution_scope"": ""referenced_report"", ""match_level"": ""behavior_not_observed"", ""observed_evidence"": ""required supporting telemetry was not observed"", ""report_evidence"": ""Collected information is uploaded to attacker-controlled endpoints."", ""type"": ""exfiltration""}, {""attribution_scope"": ""referenced_report"", ""match_level"": ""behavior_not_observed"", ""observed_evidence"": ""required supporting telemetry was not observed"", ""report_evidence"": ""The setup.py payload downloads additional executable content."", ""type"": ""payload_download""}, {""attribution_scope"": ""referenced_report"", ""match_level"": ""behavior_not_observed"", ""observed_evidence"": ""required supporting telemetry was not observed"", ""report_evidence"": ""The campaign places scripts in a startup location to maintain persistence."", ""type"": ""persistence""}, {""attribution_scope"": ""referenced_report"", ""match_level"": ""behavior_partially_observed"", ""observed_evidence"": ""non-harness command or process observed without a report-specific process indicator"", ""report_evidence"": ""Downloaded executable and script payloads are run after installation."", ""type"": ""process_execution""}, {""attribution_scope"": ""referenced_report"", ""match_level"": ""behavior_not_observed"", ""observed_evidence"": ""required supporting telemetry was not observed"", ""report_evidence"": ""The payload collects host, browser, application, and financial information."", ""type"": ""sensitive_data_access""}]"	inconclusive	behavior_not_observed;behavior_partially_observed	low	yes	Confirm whether the reported command/process/file/network behavior occurred.	External IOC extraction=derived_structured_url;structured; IOC attribution=record_attached; behavior extraction=curated_reference_behavior; behavior attribution=referenced_report; version=exact; reported trigger=install (high); observed trigger=install; trigger comparison=match; IOC result=inconclusive; behavior result=behavior_not_observed;behavior_partially_observed. Low-confidence reasons: record-attached IOC applicability to this exact execution is not independently proven; one or more IOC types are only partially observable in this dataset; reported behavior is only partially observed, absent, or semantically unobservable.	[]	"[""443"", ""80""]"	[]	"[""StreamT~ns"", ""filetop-bpfcc"", ""gnome-system-mo"", ""opensnoop-bpfcc"", ""pgrep"", ""pip"", ""pool-tracker-mi"", ""sqldb:c~lite"", ""strace"", ""tcpstates-bpfcc""]"	"[""StreamT~ns"", ""filetop-bpfcc"", ""gnome-system-mo"", ""opensnoop-bpfcc"", ""pgrep"", ""pool-tracker-mi"", ""sqldb:c~lite"", ""strace"", ""tcpstates-bpfcc""]"	"[""bind"", ""brk"", ""chmod"", ""close"", ""connect"", ""exit_group"", ""fcntl"", ""fstat"", ""fsync"", ""futex"", ""getcwd"", ""getdents64"", ""geteuid"", ""getpeername"", ""getpid"", ""getsockname"", ""getsockopt"", ""ioctl"", ""lseek"", ""mkdir"", ""mmap"", ""mremap"", ""munmap"", ""newfstatat"", ""openat"", ""poll"", ""read"", ""recvfrom"", ""recvmsg"", ""rename"", ""restart_syscall"", ""rmdir"", ""rt_sigaction"", ""sendmmsg"", ""sendto"", ""setsockopt"", ""socket"", ""umask"", ""uname"", ""unlinkat"", ""write""]"	"[""fstat -> ioctl -> lseek"", ""fstat -> ioctl -> lseek -> no-error -> no-fd"", ""ioctl -> lseek -> lseek"", ""ioctl -> lseek -> lseek -> error=ENOTTY -> no-fd"", ""newfstatat -> newfstatat -> newfstatat"", ""newfstatat -> newfstatat -> newfstatat -> no-error -> no-fd"", ""newfstatat -> openat -> fstat"", ""newfstatat -> openat -> fstat -> error=ENOENT -> no-fd"", ""openat -> fstat -> ioctl"", ""openat -> fstat -> ioctl -> no-error -> no-fd""]"	"[""ETC_DIR"", ""HOME_DIR"", ""OTHER_DIR"", ""ROOT_DIR"", ""TMP_DIR""]"					pending
6394f7f75ffdbb5c	qut	PyYMAL-1.0.0.tar.gz	pypi	pyymal	1.0.0	backstabbers	backstabbers:pypi:pyymal:row-213	https://github.com/pypa/warehouse/issues/3948	1.0.0	exact	behavior_event	install	The structured source labels the package trigger as install.	https://github.com/pypa/warehouse/issues/3948	high	install	"{""install"": {""package_file"": ""PyYMAL-1.0.0.tar.gz"", ""source"": ""QUT-DV25_Install_Traces""}}"	match	0	[]	1	"[{""attribution_scope"": ""package_row_or_reference"", ""match_level"": ""behavior_not_observed"", ""observed_evidence"": ""required supporting telemetry was not observed"", ""report_evidence"": ""The structured source objective is data exfiltration."", ""type"": ""exfiltration""}]"	no_concrete_ioc	behavior_not_observed	low	yes	Confirm whether the reported command/process/file/network behavior occurred.	External IOC extraction=none; IOC attribution=unknown; behavior extraction=structured_objective; behavior attribution=package_row_or_reference; version=exact; reported trigger=install (high); observed trigger=install; trigger comparison=match; IOC result=no_concrete_ioc; behavior result=behavior_not_observed. Low-confidence reasons: reported behavior is only partially observed, absent, or semantically unobservable.	[]	"[""443"", ""80""]"	[]	"[""Indexed~IO"", ""StreamT~ns"", ""gnome-system-mo"", ""opensnoop-bpfcc"", ""pgrep"", ""pip"", ""pool-tracker-mi"", ""strace"", ""systemd-logind""]"	"[""Indexed~IO"", ""StreamT~ns"", ""gnome-system-mo"", ""opensnoop-bpfcc"", ""pgrep"", ""pool-tracker-mi"", ""strace"", ""systemd-logind""]"	"[""bind"", ""brk"", ""chmod"", ""chown"", ""close"", ""connect"", ""exit_group"", ""fcntl"", ""fstat"", ""fsync"", ""futex"", ""getcwd"", ""getdents64"", ""geteuid"", ""getpeername"", ""getpid"", ""getrandom"", ""getsockname"", ""getsockopt"", ""ioctl"", ""lseek"", ""mkdir"", ""mmap"", ""mprotect"", ""mremap"", ""munmap"", ""newfstatat"", ""openat"", ""pipe2"", ""poll"", ""read"", ""recvfrom"", ""recvmsg"", ""rename"", ""rmdir"", ""rt_sigaction"", ""rt_sigprocmask"", ""sendmmsg"", ""sendto"", ""setsockopt"", ""socket"", ""umask"", ""uname"", ""unlink"", ""unlinkat"", ""utimensat"", ""vfork"", ""wait4"", ""write""]"	"[""fstat -> ioctl -> lseek"", ""fstat -> ioctl -> lseek -> no-error -> no-fd"", ""newfstatat -> newfstatat -> newfstatat"", ""newfstatat -> newfstatat -> newfstatat -> no-error -> no-fd"", ""newfstatat -> newfstatat -> openat"", ""newfstatat -> newfstatat -> openat -> no-error -> no-fd"", ""newfstatat -> openat -> fstat"", ""newfstatat -> openat -> fstat -> no-error -> no-fd"", ""read -> read -> read"", ""read -> read -> read -> no-error -> no-fd""]"	"[""ETC_DIR"", ""HOME_DIR"", ""OTHER_DIR"", ""ROOT_DIR"", ""TMP_DIR""]"					pending
59149c1012c037f2	qut	request-1.0.117.tar.gz	pypi	request	1.0.117	backstabbers	backstabbers:pypi:request:row-1102	https://medium.com/@vuducly151092/analyzing-the-python-typosquatting-malicious-request-package-e80aeda925b0	1.0.117	exact	behavior_event	install	The structured source labels the package trigger as install.	https://medium.com/@vuducly151092/analyzing-the-python-typosquatting-malicious-request-package-e80aeda925b0	high	install	"{""install"": {""package_file"": ""request-1.0.117.tar.gz"", ""source"": ""QUT-DV25_Install_Traces""}}"	match	0	[]	2	"[{""attribution_scope"": ""package_row_or_reference"", ""match_level"": ""behavior_not_observed"", ""observed_evidence"": ""required supporting telemetry was not observed"", ""report_evidence"": ""The structured source objective is dropper."", ""type"": ""payload_download""}, {""attribution_scope"": ""package_row_or_reference"", ""match_level"": ""behavior_partially_observed"", ""observed_evidence"": ""non-harness command or process observed without a report-specific process indicator"", ""report_evidence"": ""The structured source objective is dropper."", ""type"": ""process_execution""}]"	no_concrete_ioc	behavior_not_observed;behavior_partially_observed	low	yes	Confirm whether the reported command/process/file/network behavior occurred.	External IOC extraction=none; IOC attribution=unknown; behavior extraction=structured_objective; behavior attribution=package_row_or_reference; version=exact; reported trigger=install (high); observed trigger=install; trigger comparison=match; IOC result=no_concrete_ioc; behavior result=behavior_not_observed;behavior_partially_observed. Low-confidence reasons: reported behavior is only partially observed, absent, or semantically unobservable.	[]	"[""443""]"	[]	"[""Indexed~IO"", ""StreamT~ns"", ""filetop-bpfcc"", ""gnome-system-mo"", ""opensnoop-bpfcc"", ""pgrep"", ""pip"", ""sqldb:c~lite"", ""strace"", ""sudo"", ""systemd-logind"", ""tcpstates-bpfcc""]"	"[""Indexed~IO"", ""StreamT~ns"", ""filetop-bpfcc"", ""gnome-system-mo"", ""opensnoop-bpfcc"", ""pgrep"", ""sqldb:c~lite"", ""strace"", ""sudo"", ""systemd-logind"", ""tcpstates-bpfcc""]"	"[""clock_nanosleep""]"	[]	"[""ETC_DIR"", ""HOME_DIR"", ""OTHER_DIR"", ""ROOT_DIR"", ""TMP_DIR""]"					pending
3adf27d021fdc133	qut	Sagepay-1.1.tar.gz	pypi	sagepay	1.1	backstabbers	backstabbers:pypi:sagepay:row-1239	https://security.snyk.io/vuln/SNYK-PYTHON-AADHAARCRYPT-2359285	1.1	exact	behavior_event	install	The structured source labels the package trigger as install.	https://security.snyk.io/vuln/SNYK-PYTHON-AADHAARCRYPT-2359285	high	install	"{""install"": {""package_file"": ""Sagepay-1.1.tar.gz"", ""source"": ""QUT-DV25_Install_Traces""}}"	match	0	[]	1	"[{""attribution_scope"": ""package_row_or_reference"", ""match_level"": ""behavior_not_observed"", ""observed_evidence"": ""required supporting telemetry was not observed"", ""report_evidence"": ""The structured source objective is data exfiltration."", ""type"": ""exfiltration""}]"	no_concrete_ioc	behavior_not_observed	low	yes	Confirm whether the reported command/process/file/network behavior occurred.	External IOC extraction=none; IOC attribution=unknown; behavior extraction=structured_objective; behavior attribution=package_row_or_reference; version=exact; reported trigger=install (high); observed trigger=install; trigger comparison=match; IOC result=no_concrete_ioc; behavior result=behavior_not_observed. Low-confidence reasons: reported behavior is only partially observed, absent, or semantically unobservable.	[]	"[""443""]"	[]	"[""Indexed~IO"", ""StreamT~ns"", ""filetop-bpfcc"", ""gnome-system-mo"", ""opensnoop-bpfcc"", ""pgrep"", ""pip"", ""snapd"", ""strace"", ""sudo"", ""systemd-logind""]"	"[""Indexed~IO"", ""StreamT~ns"", ""filetop-bpfcc"", ""gnome-system-mo"", ""opensnoop-bpfcc"", ""pgrep"", ""snapd"", ""strace"", ""sudo"", ""systemd-logind""]"	"[""clock_nanosleep""]"	[]	"[""ETC_DIR"", ""HOME_DIR"", ""OTHER_DIR"", ""ROOT_DIR"", ""TMP_DIR""]"					pending
149421c4414df509	qut	smb-2.4.tar.gz	pypi	smb	2.4	backstabbers	backstabbers:pypi:smb:row-122	https://github.com/rsc-dev/pypi_malware	2.4	exact	behavior_event	install	The structured source labels the package trigger as install.	https://github.com/rsc-dev/pypi_malware	high	install	"{""install"": {""package_file"": ""smb-2.4.tar.gz"", ""source"": ""QUT-DV25_Install_Traces""}}"	match	0	[]	1	"[{""attribution_scope"": ""package_row_or_reference"", ""match_level"": ""behavior_not_observed"", ""observed_evidence"": ""required supporting telemetry was not observed"", ""report_evidence"": ""The structured source objective is data exfiltration."", ""type"": ""exfiltration""}]"	no_concrete_ioc	behavior_not_observed	low	yes	Confirm whether the reported command/process/file/network behavior occurred.	External IOC extraction=none; IOC attribution=unknown; behavior extraction=structured_objective; behavior attribution=package_row_or_reference; version=exact; reported trigger=install (high); observed trigger=install; trigger comparison=match; IOC result=no_concrete_ioc; behavior result=behavior_not_observed. Low-confidence reasons: reported behavior is only partially observed, absent, or semantically unobservable.	[]	"[""443""]"	[]	"[""Indexed~IO"", ""StreamT~ns"", ""StreamT~s"", ""filetop-bpfcc"", ""gnome-system-mo"", ""opensnoop-bpfcc"", ""pgrep"", ""pip"", ""sqldb:c~lite"", ""strace"", ""tcpstates-bpfcc""]"	"[""Indexed~IO"", ""StreamT~ns"", ""StreamT~s"", ""filetop-bpfcc"", ""gnome-system-mo"", ""opensnoop-bpfcc"", ""pgrep"", ""sqldb:c~lite"", ""strace"", ""tcpstates-bpfcc""]"	"[""bind"", ""brk"", ""chown"", ""close"", ""connect"", ""exit_group"", ""fcntl"", ""fstat"", ""futex"", ""getcwd"", ""getdents64"", ""geteuid"", ""getpeername"", ""getpid"", ""getrandom"", ""getsockname"", ""getsockopt"", ""ioctl"", ""lseek"", ""mkdir"", ""mmap"", ""mprotect"", ""mremap"", ""munmap"", ""newfstatat"", ""openat"", ""pipe2"", ""poll"", ""read"", ""readlink"", ""recvfrom"", ""recvmsg"", ""rmdir"", ""rt_sigaction"", ""rt_sigprocmask"", ""sendmmsg"", ""sendto"", ""setsockopt"", ""socket"", ""umask"", ""uname"", ""unlink"", ""unlinkat"", ""utimensat"", ""vfork"", ""wait4"", ""write""]"	"[""close -> newfstatat -> newfstatat"", ""close -> newfstatat -> newfstatat -> no-error -> no-fd"", ""newfstatat -> newfstatat -> newfstatat"", ""newfstatat -> newfstatat -> newfstatat -> no-error -> no-fd"", ""newfstatat -> newfstatat -> openat"", ""newfstatat -> newfstatat -> openat -> no-error -> no-fd"", ""newfstatat -> openat -> fstat"", ""newfstatat -> openat -> fstat -> no-error -> no-fd"", ""read -> read -> read"", ""read -> read -> read -> no-error -> no-fd""]"	"[""ETC_DIR"", ""HOME_DIR"", ""OTHER_DIR"", ""TMP_DIR""]"					pending
b80a6d644eba028c	qut	tkinter-message-box-0.0.1.tar.gz	pypi	tkinter-message-box	0.0.1	backstabbers	backstabbers:pypi:tkinter-message-box:row-2675	https://github.com/lxyeternal/pypi_malregistry	0.0.1	exact	behavior_event	install	The structured source labels the package trigger as install.	https://github.com/lxyeternal/pypi_malregistry	high	install	"{""install"": {""package_file"": ""tkinter-message-box-0.0.1.tar.gz"", ""source"": ""QUT-DV25_Install_Traces""}}"	match	0	[]	1	"[{""attribution_scope"": ""package_row_or_reference"", ""match_level"": ""behavior_not_observed"", ""observed_evidence"": ""required supporting telemetry was not observed"", ""report_evidence"": ""The structured source objective is data exfiltration."", ""type"": ""exfiltration""}]"	no_concrete_ioc	behavior_not_observed	low	yes	Confirm whether the reported command/process/file/network behavior occurred.	External IOC extraction=none; IOC attribution=unknown; behavior extraction=structured_objective; behavior attribution=package_row_or_reference; version=exact; reported trigger=install (high); observed trigger=install; trigger comparison=match; IOC result=no_concrete_ioc; behavior result=behavior_not_observed. Low-confidence reasons: reported behavior is only partially observed, absent, or semantically unobservable.	[]	"[""443""]"	[]	"[""StreamTrans"", ""filetop-bpfcc"", ""opensnoop-bpfcc"", ""pgrep"", ""pip"", ""soffice.bin"", ""strace"", ""systemd-logind"", ""tcpstates-bpfcc"", ""tracker-miner-f""]"	"[""StreamTrans"", ""filetop-bpfcc"", ""opensnoop-bpfcc"", ""pgrep"", ""soffice.bin"", ""strace"", ""systemd-logind"", ""tcpstates-bpfcc"", ""tracker-miner-f""]"	"[""bind"", ""brk"", ""chmod"", ""close"", ""connect"", ""exit_group"", ""fcntl"", ""fstat"", ""fsync"", ""getcwd"", ""getdents64"", ""geteuid"", ""getpeername"", ""getpid"", ""getsockname"", ""getsockopt"", ""ioctl"", ""lseek"", ""mkdir"", ""mmap"", ""munmap"", ""newfstatat"", ""openat"", ""poll"", ""read"", ""recvfrom"", ""recvmsg"", ""rename"", ""restart_syscall"", ""rmdir"", ""rt_sigaction"", ""sendmmsg"", ""sendto"", ""setsockopt"", ""sigaltstack"", ""socket"", ""umask"", ""uname"", ""unlinkat"", ""write""]"	"[""fstat -> ioctl -> lseek"", ""fstat -> ioctl -> lseek -> no-error -> no-fd"", ""ioctl -> lseek -> lseek -> error=ENOTTY -> no-fd"", ""lseek -> lseek -> lseek"", ""lseek -> lseek -> lseek -> no-error -> no-fd"", ""newfstatat -> newfstatat -> newfstatat"", ""newfstatat -> newfstatat -> newfstatat -> no-error -> no-fd"", ""newfstatat -> openat -> fstat"", ""openat -> fstat -> ioctl"", ""openat -> fstat -> ioctl -> no-error -> no-fd""]"	"[""ETC_DIR"", ""HOME_DIR"", ""OTHER_DIR"", ""ROOT_DIR"", ""TMP_DIR""]"					pending
6054e3e638e9522d	qut	trustpiphuh-0.0.2.tar.gz	pypi	trustpiphuh	0.0.2	backstabbers	backstabbers:pypi:trustpiphuh:row-289	https://blog.csdn.net/mseaspring/article/details/118316254	0.0.2	exact	behavior_event	install	The structured source labels the package trigger as install.	https://blog.csdn.net/mseaspring/article/details/118316254	high	install	"{""install"": {""package_file"": ""trustpiphuh-0.0.2.tar.gz"", ""source"": ""QUT-DV25_Install_Traces""}}"	match	0	[]	2	"[{""attribution_scope"": ""package_row_or_reference"", ""match_level"": ""behavior_not_observed"", ""observed_evidence"": ""required supporting telemetry was not observed"", ""report_evidence"": ""The structured source objective is dropper."", ""type"": ""payload_download""}, {""attribution_scope"": ""package_row_or_reference"", ""match_level"": ""behavior_partially_observed"", ""observed_evidence"": ""non-harness command or process observed without a report-specific process indicator"", ""report_evidence"": ""The structured source objective is dropper."", ""type"": ""process_execution""}]"	no_concrete_ioc	behavior_not_observed;behavior_partially_observed	low	yes	Confirm whether the reported command/process/file/network behavior occurred.	External IOC extraction=none; IOC attribution=unknown; behavior extraction=structured_objective; behavior attribution=package_row_or_reference; version=exact; reported trigger=install (high); observed trigger=install; trigger comparison=match; IOC result=no_concrete_ioc; behavior result=behavior_not_observed;behavior_partially_observed. Low-confidence reasons: reported behavior is only partially observed, absent, or semantically unobservable.	[]	"[""443"", ""80""]"	[]	"[""filetop-bpfcc"", ""gnome-system-mo"", ""opensnoop-bpfcc"", ""pgrep"", ""pip"", ""sqldb:c~lite"", ""strace"", ""systemd-logind"", ""tracker-miner-f""]"	"[""filetop-bpfcc"", ""gnome-system-mo"", ""opensnoop-bpfcc"", ""pgrep"", ""sqldb:c~lite"", ""strace"", ""systemd-logind"", ""tracker-miner-f""]"	"[""clock_nanosleep""]"	[]	"[""ETC_DIR"", ""HOME_DIR"", ""OTHER_DIR"", ""TMP_DIR""]"					pending
e077dd240699649e	qut	trustpiphuh1-0.0.2.tar.gz	pypi	trustpiphuh1	0.0.2	backstabbers	backstabbers:pypi:trustpiphuh1:row-290	https://blog.csdn.net/mseaspring/article/details/118316254	0.0.2	exact	behavior_event	install	The structured source labels the package trigger as install.	https://blog.csdn.net/mseaspring/article/details/118316254	high	install	"{""install"": {""package_file"": ""trustpiphuh1-0.0.2.tar.gz"", ""source"": ""QUT-DV25_Install_Traces""}}"	match	0	[]	2	"[{""attribution_scope"": ""package_row_or_reference"", ""match_level"": ""behavior_not_observed"", ""observed_evidence"": ""required supporting telemetry was not observed"", ""report_evidence"": ""The structured source objective is dropper."", ""type"": ""payload_download""}, {""attribution_scope"": ""package_row_or_reference"", ""match_level"": ""behavior_partially_observed"", ""observed_evidence"": ""non-harness command or process observed without a report-specific process indicator"", ""report_evidence"": ""The structured source objective is dropper."", ""type"": ""process_execution""}]"	no_concrete_ioc	behavior_not_observed;behavior_partially_observed	low	yes	Confirm whether the reported command/process/file/network behavior occurred.	External IOC extraction=none; IOC attribution=unknown; behavior extraction=structured_objective; behavior attribution=package_row_or_reference; version=exact; reported trigger=install (high); observed trigger=install; trigger comparison=match; IOC result=no_concrete_ioc; behavior result=behavior_not_observed;behavior_partially_observed. Low-confidence reasons: reported behavior is only partially observed, absent, or semantically unobservable.	[]	"[""443"", ""80""]"	[]	"[""Indexed~"", ""filetop-bpfcc"", ""gnome-system-mo"", ""opensnoop-bpfcc"", ""pgrep"", ""pip"", ""sqldb:c~lite"", ""strace"", ""systemd-logind"", ""tracker-miner-f""]"	"[""Indexed~"", ""filetop-bpfcc"", ""gnome-system-mo"", ""opensnoop-bpfcc"", ""pgrep"", ""sqldb:c~lite"", ""strace"", ""systemd-logind"", ""tracker-miner-f""]"	"[""brk"", ""chmod"", ""close"", ""exit_group"", ""fcntl"", ""fstat"", ""fsync"", ""getcwd"", ""getdents64"", ""getpid"", ""ioctl"", ""lseek"", ""mkdir"", ""mmap"", ""munmap"", ""newfstatat"", ""openat"", ""poll"", ""read"", ""rename"", ""rmdir"", ""rt_sigaction"", ""umask"", ""unlinkat"", ""write""]"	"[""fstat -> ioctl -> lseek"", ""fstat -> ioctl -> lseek -> no-error -> no-fd"", ""ioctl -> lseek -> lseek -> error=ENOTTY -> no-fd"", ""lseek -> lseek -> lseek"", ""lseek -> lseek -> lseek -> no-error -> no-fd"", ""newfstatat -> newfstatat -> newfstatat"", ""newfstatat -> newfstatat -> newfstatat -> no-error -> no-fd"", ""newfstatat -> openat -> fstat"", ""openat -> fstat -> ioctl"", ""openat -> fstat -> ioctl -> no-error -> no-fd""]"	"[""ETC_DIR"", ""HOME_DIR"", ""OTHER_DIR"", ""TMP_DIR""]"					pending
aede6393b47c9458	qut	trustypip-0.0.3.tar.gz	pypi	trustypip	0.0.3	backstabbers	backstabbers:pypi:trustypip:row-291	https://security.tencent.com/index.php/blog/msg/149	0.0.3	exact	behavior_event	install	The structured source labels the package trigger as install.	https://security.tencent.com/index.php/blog/msg/149	high	install	"{""install"": {""package_file"": ""trustypip-0.0.3.tar.gz"", ""source"": ""QUT-DV25_Install_Traces""}}"	match	0	[]	1	"[{""attribution_scope"": ""package_row_or_reference"", ""match_level"": ""behavior_unobservable"", ""observed_evidence"": ""processed telemetry cannot establish this semantic behavior"", ""report_evidence"": ""The structured source objective is backdoor."", ""type"": ""backdoor""}]"	no_concrete_ioc	behavior_unobservable	low	yes	Confirm whether the reported command/process/file/network behavior occurred.	External IOC extraction=none; IOC attribution=unknown; behavior extraction=structured_objective; behavior attribution=package_row_or_reference; version=exact; reported trigger=install (high); observed trigger=install; trigger comparison=match; IOC result=no_concrete_ioc; behavior result=behavior_unobservable. Low-confidence reasons: reported behavior is only partially observed, absent, or semantically unobservable.	[]	"[""443"", ""80""]"	[]	"[""StreamTrans"", ""filetop-bpfcc"", ""gnome-system-mo"", ""opensnoop-bpfcc"", ""pgrep"", ""pip"", ""sqldb:c~lite"", ""strace"", ""systemd-logind"", ""tracker-miner-f""]"	"[""StreamTrans"", ""filetop-bpfcc"", ""gnome-system-mo"", ""opensnoop-bpfcc"", ""pgrep"", ""sqldb:c~lite"", ""strace"", ""systemd-logind"", ""tracker-miner-f""]"	"[""bind"", ""brk"", ""chown"", ""close"", ""connect"", ""exit_group"", ""fcntl"", ""fstat"", ""futex"", ""getcwd"", ""getdents64"", ""geteuid"", ""getpeername"", ""getpid"", ""getrandom"", ""getsockname"", ""getsockopt"", ""ioctl"", ""lseek"", ""mkdir"", ""mmap"", ""mprotect"", ""mremap"", ""munmap"", ""newfstatat"", ""openat"", ""pipe2"", ""poll"", ""read"", ""recvfrom"", ""recvmsg"", ""rmdir"", ""rt_sigaction"", ""rt_sigprocmask"", ""sendmmsg"", ""sendto"", ""setsockopt"", ""socket"", ""umask"", ""uname"", ""unlink"", ""unlinkat"", ""utimensat"", ""vfork"", ""wait4"", ""write""]"	"[""newfstatat -> newfstatat -> newfstatat"", ""newfstatat -> newfstatat -> newfstatat -> no-error -> no-fd"", ""newfstatat -> newfstatat -> openat"", ""newfstatat -> newfstatat -> openat -> no-error -> no-fd"", ""newfstatat -> openat -> fstat"", ""newfstatat -> openat -> fstat -> no-error -> no-fd"", ""read -> read -> read"", ""read -> read -> read -> no-error -> no-fd"", ""write -> write -> write"", ""write -> write -> write -> no-error -> no-fd""]"	"[""ETC_DIR"", ""HOME_DIR"", ""OTHER_DIR"", ""TMP_DIR""]"					pending
4657b27943871ee1	qut	urlib3-1.21.1.tar.gz	pypi	urlib3	1.21.1	backstabbers	backstabbers:pypi:urlib3:row-205	https://www.nbu.gov.sk/skcsirt-sa-20170909-pypi/	1.21.1	exact	behavior_event	install	The structured source labels the package trigger as install.	https://www.nbu.gov.sk/skcsirt-sa-20170909-pypi/	high	install	"{""install"": {""package_file"": ""urlib3-1.21.1.tar.gz"", ""source"": ""QUT-DV25_Install_Traces""}}"	match	0	[]	1	"[{""attribution_scope"": ""package_row_or_reference"", ""match_level"": ""behavior_not_observed"", ""observed_evidence"": ""required supporting telemetry was not observed"", ""report_evidence"": ""The structured source objective is data exfiltration."", ""type"": ""exfiltration""}]"	no_concrete_ioc	behavior_not_observed	low	yes	Confirm whether the reported command/process/file/network behavior occurred.	External IOC extraction=none; IOC attribution=unknown; behavior extraction=structured_objective; behavior attribution=package_row_or_reference; version=exact; reported trigger=install (high); observed trigger=install; trigger comparison=match; IOC result=no_concrete_ioc; behavior result=behavior_not_observed. Low-confidence reasons: reported behavior is only partially observed, absent, or semantically unobservable.	[]	"[""443"", ""80""]"	[]	"[""StreamTrans"", ""filetop-bpfcc"", ""gnome-system-mo"", ""opensnoop-bpfcc"", ""pgrep"", ""pip"", ""sqldb:c~lite"", ""strace"", ""tcpstates-bpfcc""]"	"[""StreamTrans"", ""filetop-bpfcc"", ""gnome-system-mo"", ""opensnoop-bpfcc"", ""pgrep"", ""sqldb:c~lite"", ""strace"", ""tcpstates-bpfcc""]"	"[""bind"", ""brk"", ""chmod"", ""chown"", ""clock_gettime"", ""close"", ""connect"", ""exit_group"", ""fcntl"", ""fstat"", ""futex"", ""getcwd"", ""getdents64"", ""geteuid"", ""getpeername"", ""getpid"", ""getrandom"", ""getsockname"", ""getsockopt"", ""ioctl"", ""lseek"", ""mkdir"", ""mmap"", ""mprotect"", ""mremap"", ""munmap"", ""newfstatat"", ""openat"", ""pipe2"", ""poll"", ""read"", ""recvfrom"", ""recvmsg"", ""rmdir"", ""rt_sigaction"", ""rt_sigprocmask"", ""sendmmsg"", ""sendto"", ""setsockopt"", ""socket"", ""umask"", ""uname"", ""unlink"", ""unlinkat"", ""utimensat"", ""vfork"", ""wait4"", ""write""]"	"[""clock_gettime -> clock_gettime -> clock_gettime"", ""clock_gettime -> clock_gettime -> clock_gettime -> no-error -> no-fd"", ""clock_gettime -> clock_gettime -> newfstatat"", ""clock_gettime -> clock_gettime -> newfstatat -> no-error -> no-fd"", ""clock_gettime -> newfstatat -> newfstatat -> no-error -> no-fd"", ""newfstatat -> newfstatat -> newfstatat"", ""newfstatat -> newfstatat -> newfstatat -> no-error -> no-fd"", ""newfstatat -> newfstatat -> openat"", ""newfstatat -> openat -> fstat"", ""newfstatat -> openat -> fstat -> no-error -> no-fd""]"	"[""ETC_DIR"", ""HOME_DIR"", ""OTHER_DIR"", ""ROOT_DIR"", ""TMP_DIR""]"					pending
28b3498c61bb37da	qut	urllib-1.21.1.tar.gz	pypi	urllib	1.21.1	backstabbers	backstabbers:pypi:urllib:row-206	https://www.nbu.gov.sk/skcsirt-sa-20170909-pypi/	1.21.1	exact	behavior_event	install	The structured source labels the package trigger as install.	https://www.nbu.gov.sk/skcsirt-sa-20170909-pypi/	high	install	"{""install"": {""package_file"": ""urllib-1.21.1.tar.gz"", ""source"": ""QUT-DV25_Install_Traces""}}"	match	0	[]	1	"[{""attribution_scope"": ""package_row_or_reference"", ""match_level"": ""behavior_not_observed"", ""observed_evidence"": ""required supporting telemetry was not observed"", ""report_evidence"": ""The structured source objective is data exfiltration."", ""type"": ""exfiltration""}]"	no_concrete_ioc	behavior_not_observed	low	yes	Confirm whether the reported command/process/file/network behavior occurred.	External IOC extraction=none; IOC attribution=unknown; behavior extraction=structured_objective; behavior attribution=package_row_or_reference; version=exact; reported trigger=install (high); observed trigger=install; trigger comparison=match; IOC result=no_concrete_ioc; behavior result=behavior_not_observed. Low-confidence reasons: reported behavior is only partially observed, absent, or semantically unobservable.	[]	"[""443"", ""80""]"	[]	"[""StreamTrans"", ""filetop-bpfcc"", ""gnome-system-mo"", ""opensnoop-bpfcc"", ""pgrep"", ""pip"", ""sqldb:c~lite"", ""strace"", ""tcpstates-bpfcc""]"	"[""StreamTrans"", ""filetop-bpfcc"", ""gnome-system-mo"", ""opensnoop-bpfcc"", ""pgrep"", ""sqldb:c~lite"", ""strace"", ""tcpstates-bpfcc""]"	"[""bind"", ""brk"", ""chmod"", ""chown"", ""clock_gettime"", ""close"", ""connect"", ""exit_group"", ""fcntl"", ""fstat"", ""futex"", ""getdents64"", ""geteuid"", ""getpeername"", ""getpid"", ""getsockname"", ""getsockopt"", ""ioctl"", ""lseek"", ""mkdir"", ""mmap"", ""mprotect"", ""mremap"", ""munmap"", ""newfstatat"", ""openat"", ""pipe2"", ""poll"", ""read"", ""recvfrom"", ""recvmsg"", ""rmdir"", ""rt_sigaction"", ""rt_sigprocmask"", ""sendmmsg"", ""sendto"", ""setsockopt"", ""socket"", ""umask"", ""uname"", ""unlink"", ""unlinkat"", ""utimensat"", ""vfork"", ""wait4"", ""write""]"	"[""clock_gettime -> clock_gettime -> clock_gettime"", ""clock_gettime -> clock_gettime -> clock_gettime -> no-error -> no-fd"", ""clock_gettime -> clock_gettime -> write"", ""clock_gettime -> write -> clock_gettime"", ""clock_gettime -> write -> clock_gettime -> no-error -> no-fd"", ""geteuid -> chown -> utimensat -> no-error -> no-fd"", ""newfstatat -> newfstatat -> newfstatat"", ""newfstatat -> newfstatat -> newfstatat -> no-error -> no-fd"", ""newfstatat -> openat -> fstat"", ""newfstatat -> openat -> fstat -> no-error -> no-fd""]"	"[""ETC_DIR"", ""HOME_DIR"", ""OTHER_DIR"", ""ROOT_DIR"", ""TMP_DIR""]"					pending
2e49170f383cf830	qut	virtualnv-0.1.1.tar.gz	pypi	virtualnv	0.1.1	backstabbers	backstabbers:pypi:virtualnv:row-118	https://github.com/rsc-dev/pypi_malware	0.1.1	exact	behavior_event	install	The structured source labels the package trigger as install.	https://github.com/rsc-dev/pypi_malware	high	install	"{""install"": {""package_file"": ""virtualnv-0.1.1.tar.gz"", ""source"": ""QUT-DV25_Install_Traces""}}"	match	0	[]	1	"[{""attribution_scope"": ""package_row_or_reference"", ""match_level"": ""behavior_not_observed"", ""observed_evidence"": ""required supporting telemetry was not observed"", ""report_evidence"": ""The structured source objective is data exfiltration."", ""type"": ""exfiltration""}]"	no_concrete_ioc	behavior_not_observed	low	yes	Confirm whether the reported command/process/file/network behavior occurred.	External IOC extraction=none; IOC attribution=unknown; behavior extraction=structured_objective; behavior attribution=package_row_or_reference; version=exact; reported trigger=install (high); observed trigger=install; trigger comparison=match; IOC result=no_concrete_ioc; behavior result=behavior_not_observed. Low-confidence reasons: reported behavior is only partially observed, absent, or semantically unobservable.	[]	"[""443"", ""80""]"	[]	"[""StreamT~ns"", ""filetop-bpfcc"", ""gnome-system-mo"", ""opensnoop-bpfcc"", ""pgrep"", ""pip"", ""sqldb:c~lite"", ""strace"", ""tcpstates-bpfcc""]"	"[""StreamT~ns"", ""filetop-bpfcc"", ""gnome-system-mo"", ""opensnoop-bpfcc"", ""pgrep"", ""sqldb:c~lite"", ""strace"", ""tcpstates-bpfcc""]"	"[""bind"", ""brk"", ""clock_gettime"", ""close"", ""fstat"", ""futex"", ""getdents64"", ""geteuid"", ""getpid"", ""getrandom"", ""ioctl"", ""lseek"", ""mkdir"", ""mmap"", ""mprotect"", ""munmap"", ""newfstatat"", ""openat"", ""pipe2"", ""read"", ""readlink"", ""rename"", ""rt_sigprocmask"", ""socket"", ""vfork"", ""write""]"	"[""clock_gettime -> clock_gettime -> clock_gettime"", ""clock_gettime -> clock_gettime -> clock_gettime -> no-error -> no-fd"", ""clock_gettime -> clock_gettime -> newfstatat"", ""clock_gettime -> clock_gettime -> newfstatat -> no-error -> no-fd"", ""clock_gettime -> newfstatat -> newfstatat"", ""clock_gettime -> newfstatat -> newfstatat -> no-error -> no-fd"", ""newfstatat -> newfstatat -> newfstatat"", ""newfstatat -> newfstatat -> newfstatat -> no-error -> no-fd"", ""newfstatat -> newfstatat -> openat"", ""newfstatat -> newfstatat -> openat -> no-error -> no-fd""]"	"[""ETC_DIR"", ""HOME_DIR"", ""OTHER_DIR"", ""ROOT_DIR"", ""TMP_DIR""]"					pending
ab74d31681c0dd5a	qut	yiffparty-0.01.tar.gz	pypi	yiffparty	0.01	backstabbers	backstabbers:pypi:yiffparty:row-1199	https://jfrog.com/blog/python-malware-imitates-signed-pypi-traffic-in-novel-exfiltration-technique/	0.01;0.02;0.03;0.04;0.05;0.06	exact	behavior_event	install	The structured source labels the package trigger as install.	https://jfrog.com/blog/python-malware-imitates-signed-pypi-traffic-in-novel-exfiltration-technique/	high	install	"{""install"": {""package_file"": ""yiffparty-0.01.tar.gz"", ""source"": ""QUT-DV25_Install_Traces""}}"	match	0	[]	1	"[{""attribution_scope"": ""package_row_or_reference"", ""match_level"": ""behavior_not_observed"", ""observed_evidence"": ""required supporting telemetry was not observed"", ""report_evidence"": ""The structured source objective is data exfiltration."", ""type"": ""exfiltration""}]"	no_concrete_ioc	behavior_not_observed	low	yes	Confirm whether the reported command/process/file/network behavior occurred.	External IOC extraction=none; IOC attribution=unknown; behavior extraction=structured_objective; behavior attribution=package_row_or_reference; version=exact; reported trigger=install (high); observed trigger=install; trigger comparison=match; IOC result=no_concrete_ioc; behavior result=behavior_not_observed. Low-confidence reasons: reported behavior is only partially observed, absent, or semantically unobservable.	[]	"[""443""]"	[]	"[""Indexed~IO"", ""StreamTrans"", ""StreamT~ns"", ""filetop-bpfcc"", ""gnome-system-mo"", ""grep"", ""opensnoop-bpfcc"", ""pgrep"", ""pip"", ""strace"", ""systemd-logind"", ""tcpstates-bpfcc""]"	"[""Indexed~IO"", ""StreamTrans"", ""StreamT~ns"", ""filetop-bpfcc"", ""gnome-system-mo"", ""grep"", ""opensnoop-bpfcc"", ""pgrep"", ""strace"", ""systemd-logind"", ""tcpstates-bpfcc""]"	"[""bind"", ""brk"", ""chmod"", ""close"", ""connect"", ""exit_group"", ""fcntl"", ""fstat"", ""fsync"", ""futex"", ""getcwd"", ""getdents64"", ""geteuid"", ""getpeername"", ""getpid"", ""getrandom"", ""getsockname"", ""getsockopt"", ""ioctl"", ""lseek"", ""mkdir"", ""mmap"", ""mprotect"", ""mremap"", ""munmap"", ""newfstatat"", ""openat"", ""pipe2"", ""poll"", ""read"", ""recvfrom"", ""recvmsg"", ""rename"", ""rmdir"", ""rt_sigaction"", ""rt_sigprocmask"", ""sendmmsg"", ""sendto"", ""setsockopt"", ""socket"", ""umask"", ""uname"", ""unlinkat"", ""vfork"", ""wait4"", ""write""]"	"[""fstat -> ioctl -> lseek"", ""fstat -> ioctl -> lseek -> error=ENOENT -> no-fd"", ""ioctl -> lseek -> lseek"", ""ioctl -> lseek -> lseek -> no-error -> no-fd"", ""newfstatat -> newfstatat -> newfstatat"", ""newfstatat -> newfstatat -> newfstatat -> no-error -> no-fd"", ""newfstatat -> newfstatat -> openat -> no-error -> no-fd"", ""newfstatat -> openat -> fstat"", ""newfstatat -> openat -> fstat -> no-error -> no-fd"", ""openat -> fstat -> ioctl""]"	"[""ETC_DIR"", ""HOME_DIR"", ""OTHER_DIR"", ""ROOT_DIR"", ""TMP_DIR""]"					pending
4a7887eca2b23a4f	qut	yiffparty-0.02.tar.gz	pypi	yiffparty	0.02	backstabbers	backstabbers:pypi:yiffparty:row-1199	https://jfrog.com/blog/python-malware-imitates-signed-pypi-traffic-in-novel-exfiltration-technique/	0.01;0.02;0.03;0.04;0.05;0.06	exact	behavior_event	install	The structured source labels the package trigger as install.	https://jfrog.com/blog/python-malware-imitates-signed-pypi-traffic-in-novel-exfiltration-technique/	high	install	"{""install"": {""package_file"": ""yiffparty-0.02.tar.gz"", ""source"": ""QUT-DV25_Install_Traces""}}"	match	0	[]	1	"[{""attribution_scope"": ""package_row_or_reference"", ""match_level"": ""behavior_not_observed"", ""observed_evidence"": ""required supporting telemetry was not observed"", ""report_evidence"": ""The structured source objective is data exfiltration."", ""type"": ""exfiltration""}]"	no_concrete_ioc	behavior_not_observed	low	yes	Confirm whether the reported command/process/file/network behavior occurred.	External IOC extraction=none; IOC attribution=unknown; behavior extraction=structured_objective; behavior attribution=package_row_or_reference; version=exact; reported trigger=install (high); observed trigger=install; trigger comparison=match; IOC result=no_concrete_ioc; behavior result=behavior_not_observed. Low-confidence reasons: reported behavior is only partially observed, absent, or semantically unobservable.	[]	"[""443""]"	[]	"[""StreamTrans"", ""StreamT~ns"", ""filetop-bpfcc"", ""gnome-system-mo"", ""opensnoop-bpfcc"", ""pgrep"", ""pip"", ""sqldb:c~lite"", ""strace"", ""systemd-logind"", ""tcpstates-bpfcc""]"	"[""StreamTrans"", ""StreamT~ns"", ""filetop-bpfcc"", ""gnome-system-mo"", ""opensnoop-bpfcc"", ""pgrep"", ""sqldb:c~lite"", ""strace"", ""systemd-logind"", ""tcpstates-bpfcc""]"	"[""bind"", ""brk"", ""chmod"", ""close"", ""connect"", ""exit_group"", ""fcntl"", ""fstat"", ""fsync"", ""futex"", ""getcwd"", ""getdents64"", ""geteuid"", ""getpeername"", ""getpid"", ""getrandom"", ""getsockname"", ""getsockopt"", ""ioctl"", ""lseek"", ""mkdir"", ""mmap"", ""mprotect"", ""mremap"", ""munmap"", ""newfstatat"", ""openat"", ""pipe2"", ""poll"", ""read"", ""recvfrom"", ""recvmsg"", ""rename"", ""rmdir"", ""rt_sigaction"", ""rt_sigprocmask"", ""sendmmsg"", ""sendto"", ""setsockopt"", ""socket"", ""umask"", ""uname"", ""unlinkat"", ""vfork"", ""wait4"", ""write""]"	"[""fstat -> ioctl -> lseek"", ""fstat -> ioctl -> lseek -> error=ENOENT -> no-fd"", ""ioctl -> lseek -> lseek -> no-error -> no-fd"", ""newfstatat -> newfstatat -> newfstatat"", ""newfstatat -> newfstatat -> newfstatat -> no-error -> no-fd"", ""newfstatat -> newfstatat -> openat"", ""newfstatat -> newfstatat -> openat -> no-error -> no-fd"", ""newfstatat -> openat -> fstat"", ""newfstatat -> openat -> fstat -> no-error -> no-fd"", ""openat -> fstat -> ioctl""]"	"[""ETC_DIR"", ""HOME_DIR"", ""OTHER_DIR"", ""ROOT_DIR"", ""TMP_DIR""]"					pending
a4fafc13bedea634	qut	yiffparty-0.03.tar.gz	pypi	yiffparty	0.03	backstabbers	backstabbers:pypi:yiffparty:row-1199	https://jfrog.com/blog/python-malware-imitates-signed-pypi-traffic-in-novel-exfiltration-technique/	0.01;0.02;0.03;0.04;0.05;0.06	exact	behavior_event	install	The structured source labels the package trigger as install.	https://jfrog.com/blog/python-malware-imitates-signed-pypi-traffic-in-novel-exfiltration-technique/	high	install	"{""install"": {""package_file"": ""yiffparty-0.03.tar.gz"", ""source"": ""QUT-DV25_Install_Traces""}}"	match	0	[]	1	"[{""attribution_scope"": ""package_row_or_reference"", ""match_level"": ""behavior_not_observed"", ""observed_evidence"": ""required supporting telemetry was not observed"", ""report_evidence"": ""The structured source objective is data exfiltration."", ""type"": ""exfiltration""}]"	no_concrete_ioc	behavior_not_observed	low	yes	Confirm whether the reported command/process/file/network behavior occurred.	External IOC extraction=none; IOC attribution=unknown; behavior extraction=structured_objective; behavior attribution=package_row_or_reference; version=exact; reported trigger=install (high); observed trigger=install; trigger comparison=match; IOC result=no_concrete_ioc; behavior result=behavior_not_observed. Low-confidence reasons: reported behavior is only partially observed, absent, or semantically unobservable.	[]	"[""443""]"	[]	"[""Indexed~IO"", ""StreamTrans"", ""StreamT~ns"", ""filetop-bpfcc"", ""gnome-system-mo"", ""grep"", ""opensnoop-bpfcc"", ""pgrep"", ""pip"", ""strace"", ""systemd-logind"", ""tcpstates-bpfcc""]"	"[""Indexed~IO"", ""StreamTrans"", ""StreamT~ns"", ""filetop-bpfcc"", ""gnome-system-mo"", ""grep"", ""opensnoop-bpfcc"", ""pgrep"", ""strace"", ""systemd-logind"", ""tcpstates-bpfcc""]"	"[""bind"", ""brk"", ""chmod"", ""chown"", ""close"", ""connect"", ""exit_group"", ""fcntl"", ""fstat"", ""fsync"", ""futex"", ""getcwd"", ""getdents64"", ""geteuid"", ""getpeername"", ""getpid"", ""getrandom"", ""getsockname"", ""getsockopt"", ""ioctl"", ""lseek"", ""mkdir"", ""mmap"", ""mprotect"", ""mremap"", ""munmap"", ""newfstatat"", ""openat"", ""pipe2"", ""poll"", ""read"", ""readlink"", ""recvfrom"", ""recvmsg"", ""rename"", ""rmdir"", ""rt_sigaction"", ""rt_sigprocmask"", ""sendmmsg"", ""sendto"", ""setsockopt"", ""socket"", ""umask"", ""uname"", ""unlink"", ""unlinkat"", ""utimensat"", ""vfork"", ""wait4"", ""write""]"	"[""fstat -> ioctl -> lseek"", ""fstat -> ioctl -> lseek -> no-error -> no-fd"", ""newfstatat -> newfstatat -> newfstatat"", ""newfstatat -> newfstatat -> newfstatat -> no-error -> no-fd"", ""newfstatat -> openat -> fstat"", ""newfstatat -> openat -> fstat -> no-error -> no-fd"", ""openat -> fstat -> ioctl"", ""openat -> fstat -> ioctl -> no-error -> no-fd"", ""read -> read -> read"", ""read -> read -> read -> no-error -> no-fd""]"	"[""ETC_DIR"", ""HOME_DIR"", ""OTHER_DIR"", ""TMP_DIR""]"					pending
9887252f348c7679	qut	yiffparty-0.04.tar.gz	pypi	yiffparty	0.04	backstabbers	backstabbers:pypi:yiffparty:row-1199	https://jfrog.com/blog/python-malware-imitates-signed-pypi-traffic-in-novel-exfiltration-technique/	0.01;0.02;0.03;0.04;0.05;0.06	exact	behavior_event	install	The structured source labels the package trigger as install.	https://jfrog.com/blog/python-malware-imitates-signed-pypi-traffic-in-novel-exfiltration-technique/	high	install	"{""install"": {""package_file"": ""yiffparty-0.04.tar.gz"", ""source"": ""QUT-DV25_Install_Traces""}}"	match	0	[]	1	"[{""attribution_scope"": ""package_row_or_reference"", ""match_level"": ""behavior_not_observed"", ""observed_evidence"": ""required supporting telemetry was not observed"", ""report_evidence"": ""The structured source objective is data exfiltration."", ""type"": ""exfiltration""}]"	no_concrete_ioc	behavior_not_observed	low	yes	Confirm whether the reported command/process/file/network behavior occurred.	External IOC extraction=none; IOC attribution=unknown; behavior extraction=structured_objective; behavior attribution=package_row_or_reference; version=exact; reported trigger=install (high); observed trigger=install; trigger comparison=match; IOC result=no_concrete_ioc; behavior result=behavior_not_observed. Low-confidence reasons: reported behavior is only partially observed, absent, or semantically unobservable.	[]	"[""443""]"	[]	"[""Indexed~IO"", ""StreamTrans"", ""StreamT~ns"", ""filetop-bpfcc"", ""gnome-system-mo"", ""opensnoop-bpfcc"", ""pgrep"", ""pip"", ""strace"", ""systemd-logind"", ""tcpstates-bpfcc""]"	"[""Indexed~IO"", ""StreamTrans"", ""StreamT~ns"", ""filetop-bpfcc"", ""gnome-system-mo"", ""opensnoop-bpfcc"", ""pgrep"", ""strace"", ""systemd-logind"", ""tcpstates-bpfcc""]"	"[""bind"", ""brk"", ""chmod"", ""close"", ""connect"", ""exit_group"", ""fcntl"", ""fstat"", ""fsync"", ""getcwd"", ""getdents64"", ""getpeername"", ""getpid"", ""getsockname"", ""getsockopt"", ""ioctl"", ""lseek"", ""mkdir"", ""mmap"", ""munmap"", ""newfstatat"", ""openat"", ""pipe2"", ""poll"", ""read"", ""recvfrom"", ""recvmsg"", ""rename"", ""restart_syscall"", ""rmdir"", ""rt_sigaction"", ""rt_sigprocmask"", ""sendmmsg"", ""sendto"", ""setsockopt"", ""socket"", ""umask"", ""uname"", ""unlinkat"", ""vfork"", ""wait4"", ""write""]"	"[""fstat -> ioctl -> lseek"", ""fstat -> ioctl -> lseek -> no-error -> no-fd"", ""lseek -> lseek -> lseek"", ""lseek -> lseek -> lseek -> no-error -> no-fd"", ""newfstatat -> newfstatat -> newfstatat"", ""newfstatat -> newfstatat -> newfstatat -> no-error -> no-fd"", ""newfstatat -> openat -> fstat"", ""newfstatat -> openat -> fstat -> no-error -> no-fd"", ""read -> read -> read"", ""read -> read -> read -> no-error -> no-fd""]"	"[""ETC_DIR"", ""HOME_DIR"", ""OTHER_DIR"", ""ROOT_DIR"", ""TMP_DIR""]"					pending
c12dc1fd1aedabda	qut	yiffparty-0.05.tar.gz	pypi	yiffparty	0.05	backstabbers	backstabbers:pypi:yiffparty:row-1199	https://jfrog.com/blog/python-malware-imitates-signed-pypi-traffic-in-novel-exfiltration-technique/	0.01;0.02;0.03;0.04;0.05;0.06	exact	behavior_event	install	The structured source labels the package trigger as install.	https://jfrog.com/blog/python-malware-imitates-signed-pypi-traffic-in-novel-exfiltration-technique/	high	install	"{""install"": {""package_file"": ""yiffparty-0.05.tar.gz"", ""source"": ""QUT-DV25_Install_Traces""}}"	match	0	[]	1	"[{""attribution_scope"": ""package_row_or_reference"", ""match_level"": ""behavior_not_observed"", ""observed_evidence"": ""required supporting telemetry was not observed"", ""report_evidence"": ""The structured source objective is data exfiltration."", ""type"": ""exfiltration""}]"	no_concrete_ioc	behavior_not_observed	low	yes	Confirm whether the reported command/process/file/network behavior occurred.	External IOC extraction=none; IOC attribution=unknown; behavior extraction=structured_objective; behavior attribution=package_row_or_reference; version=exact; reported trigger=install (high); observed trigger=install; trigger comparison=match; IOC result=no_concrete_ioc; behavior result=behavior_not_observed. Low-confidence reasons: reported behavior is only partially observed, absent, or semantically unobservable.	[]	"[""443""]"	[]	"[""Indexed~IO"", ""StreamTrans"", ""StreamT~ns"", ""filetop-bpfcc"", ""gnome-system-mo"", ""grep"", ""opensnoop-bpfcc"", ""pgrep"", ""pip"", ""strace"", ""systemd-logind"", ""tcpstates-bpfcc""]"	"[""Indexed~IO"", ""StreamTrans"", ""StreamT~ns"", ""filetop-bpfcc"", ""gnome-system-mo"", ""grep"", ""opensnoop-bpfcc"", ""pgrep"", ""strace"", ""systemd-logind"", ""tcpstates-bpfcc""]"	"[""bind"", ""brk"", ""chmod"", ""close"", ""connect"", ""exit_group"", ""fcntl"", ""fstat"", ""fsync"", ""futex"", ""getcwd"", ""getdents64"", ""getpeername"", ""getpid"", ""getsockname"", ""getsockopt"", ""ioctl"", ""lseek"", ""mkdir"", ""mmap"", ""mprotect"", ""munmap"", ""newfstatat"", ""openat"", ""pipe2"", ""poll"", ""read"", ""recvfrom"", ""recvmsg"", ""rename"", ""rmdir"", ""rt_sigaction"", ""rt_sigprocmask"", ""sendmmsg"", ""sendto"", ""setsockopt"", ""socket"", ""umask"", ""uname"", ""unlink"", ""unlinkat"", ""vfork"", ""wait4"", ""write""]"	"[""fstat -> ioctl -> lseek"", ""ioctl -> lseek -> lseek -> no-error -> no-fd"", ""lseek -> lseek -> lseek"", ""lseek -> lseek -> lseek -> no-error -> no-fd"", ""newfstatat -> newfstatat -> newfstatat"", ""newfstatat -> newfstatat -> newfstatat -> no-error -> no-fd"", ""newfstatat -> openat -> fstat"", ""newfstatat -> openat -> fstat -> no-error -> no-fd"", ""read -> read -> read"", ""read -> read -> read -> no-error -> no-fd""]"	"[""ETC_DIR"", ""HOME_DIR"", ""OTHER_DIR"", ""ROOT_DIR"", ""TMP_DIR""]"					pending
